blk.0.ffn_up_shexp.weight,unequal=0,rows=640,max_abs=0,max_value=1.50575
blk.3.attn_k.weight,unequal=0,rows=512,max_abs=0,max_value=2.36038
blk.4.attn_gate.weight,unequal=0,rows=6144,max_abs=0,max_value=3.13
blk.5.attn_gate.weight,unequal=0,rows=6144,max_abs=0,max_value=2.85764
blk.5.attn_qkv.weight,unequal=0,rows=10240,max_abs=0,max_value=3.80322
blk.6.attn_gate.weight,unequal=0,rows=6144,max_abs=0,max_value=2.79877
blk.6.attn_qkv.weight,unequal=0,rows=10240,max_abs=0,max_value=2.99247
blk.6.ssm_out.weight,unequal=0,rows=2560,max_abs=0,max_value=4.29487
blk.7.attn_v.weight,unequal=0,rows=512,max_abs=0,max_value=2.44776
blk.8.attn_gate.weight,unequal=0,rows=6144,max_abs=0,max_value=2.65858
blk.8.attn_qkv.weight,unequal=0,rows=10240,max_abs=0,max_value=2.67532
blk.9.ssm_out.weight,unequal=0,rows=2560,max_abs=0,max_value=3.83028
blk.10.attn_qkv.weight,unequal=0,rows=10240,max_abs=0,max_value=3.05682
blk.10.ffn_up_shexp.weight,unequal=0,rows=640,max_abs=0,max_value=1.17525
blk.11.attn_q.weight,unequal=0,rows=12288,max_abs=0,max_value=3.92649
blk.11.ffn_up_shexp.weight,unequal=0,rows=640,max_abs=0,max_value=1.36286
blk.12.attn_qkv.weight,unequal=0,rows=10240,max_abs=0,max_value=3.19661
blk.12.ffn_gate_shexp.weight,unequal=0,rows=640,max_abs=0,max_value=1.3421
blk.13.attn_gate.weight,unequal=0,rows=6144,max_abs=0,max_value=2.75504
blk.13.attn_qkv.weight,unequal=0,rows=10240,max_abs=0,max_value=3.28942
blk.13.ffn_up_shexp.weight,unequal=0,rows=640,max_abs=0,max_value=1.50094
blk.14.attn_gate.weight,unequal=0,rows=6144,max_abs=0,max_value=2.53212
blk.14.attn_qkv.weight,unequal=0,rows=10240,max_abs=0,max_value=3.06051
blk.14.ffn_gate_shexp.weight,unequal=0,rows=640,max_abs=0,max_value=1.40805
blk.14.ffn_up_shexp.weight,unequal=0,rows=640,max_abs=0,max_value=1.3808
blk.15.ffn_up_shexp.weight,unequal=0,rows=640,max_abs=0,max_value=1.40228
blk.16.attn_qkv.weight,unequal=0,rows=10240,max_abs=0,max_value=3.64549
blk.16.ffn_gate_shexp.weight,unequal=0,rows=640,max_abs=0,max_value=1.07113
blk.16.ffn_up_shexp.weight,unequal=0,rows=640,max_abs=0,max_value=1.46963
blk.17.attn_gate.weight,unequal=0,rows=6144,max_abs=0,max_value=3.34423
blk.17.attn_qkv.weight,unequal=0,rows=10240,max_abs=0,max_value=3.99967
blk.17.ssm_out.weight,unequal=0,rows=2560,max_abs=0,max_value=3.54957
blk.18.attn_qkv.weight,unequal=0,rows=10240,max_abs=0,max_value=3.69095
blk.19.attn_k.weight,unequal=0,rows=512,max_abs=0,max_value=2.31482
blk.19.attn_q.weight,unequal=0,rows=12288,max_abs=0,max_value=3.84637
blk.19.ffn_up_shexp.weight,unequal=0,rows=640,max_abs=0,max_value=1.56716
blk.20.attn_gate.weight,unequal=0,rows=6144,max_abs=0,max_value=3.4448
blk.20.attn_qkv.weight,unequal=0,rows=10240,max_abs=0,max_value=3.23307
blk.20.ffn_gate_shexp.weight,unequal=0,rows=640,max_abs=0,max_value=1.27804
blk.21.attn_gate.weight,unequal=0,rows=6144,max_abs=0,max_value=3.0902
blk.21.attn_qkv.weight,unequal=0,rows=10240,max_abs=0,max_value=3.68603
blk.22.attn_gate.weight,unequal=0,rows=6144,max_abs=0,max_value=3.169
blk.22.attn_qkv.weight,unequal=0,rows=10240,max_abs=0,max_value=3.01207
blk.23.attn_q.weight,unequal=0,rows=12288,max_abs=0,max_value=3.64005
blk.24.attn_gate.weight,unequal=0,rows=6144,max_abs=0,max_value=3.31996
blk.24.ffn_gate_shexp.weight,unequal=0,rows=640,max_abs=0,max_value=1.19536
blk.25.attn_gate.weight,unequal=0,rows=6144,max_abs=0,max_value=2.70403
blk.25.attn_qkv.weight,unequal=0,rows=10240,max_abs=0,max_value=4.43596
blk.25.ffn_up_shexp.weight,unequal=0,rows=640,max_abs=0,max_value=1.41584
blk.26.attn_gate.weight,unequal=0,rows=6144,max_abs=0,max_value=2.75438
blk.26.ffn_up_shexp.weight,unequal=0,rows=640,max_abs=0,max_value=1.38675
blk.27.attn_q.weight,unequal=0,rows=12288,max_abs=0,max_value=4.19077
blk.27.ffn_gate_shexp.weight,unequal=0,rows=640,max_abs=0,max_value=1.30738
blk.28.attn_gate.weight,unequal=0,rows=6144,max_abs=0,max_value=3.29708
blk.28.attn_qkv.weight,unequal=0,rows=10240,max_abs=0,max_value=4.7101
blk.28.ffn_up_shexp.weight,unequal=0,rows=640,max_abs=0,max_value=1.29616
blk.29.attn_gate.weight,unequal=0,rows=6144,max_abs=0,max_value=3.59234
blk.29.attn_qkv.weight,unequal=0,rows=10240,max_abs=0,max_value=5.37837
blk.29.ffn_up_shexp.weight,unequal=0,rows=640,max_abs=0,max_value=1.3429
blk.30.attn_gate.weight,unequal=0,rows=6144,max_abs=0,max_value=2.83596
blk.30.ffn_gate_shexp.weight,unequal=0,rows=640,max_abs=0,max_value=1.39473
blk.32.attn_gate.weight,unequal=0,rows=6144,max_abs=0,max_value=3.35058
blk.33.attn_gate.weight,unequal=0,rows=6144,max_abs=0,max_value=3.24737
blk.33.attn_qkv.weight,unequal=0,rows=10240,max_abs=0,max_value=3.53691
blk.33.ffn_gate_shexp.weight,unequal=0,rows=640,max_abs=0,max_value=1.20855
blk.33.ffn_up_shexp.weight,unequal=0,rows=640,max_abs=0,max_value=1.4603
blk.34.attn_gate.weight,unequal=0,rows=6144,max_abs=0,max_value=3.07558
blk.35.attn_k.weight,unequal=0,rows=512,max_abs=0,max_value=2.5011
blk.35.attn_q.weight,unequal=0,rows=12288,max_abs=0,max_value=4.4046
blk.35.ffn_up_shexp.weight,unequal=0,rows=640,max_abs=0,max_value=1.77279
blk.36.attn_gate.weight,unequal=0,rows=6144,max_abs=0,max_value=3.19442
blk.37.attn_gate.weight,unequal=0,rows=6144,max_abs=0,max_value=3.26501
blk.38.attn_gate.weight,unequal=0,rows=6144,max_abs=0,max_value=3.30833
blk.38.ffn_up_shexp.weight,unequal=0,rows=640,max_abs=0,max_value=1.56153
blk.39.attn_q.weight,unequal=0,rows=12288,max_abs=0,max_value=5.9965
blk.39.ffn_gate_shexp.weight,unequal=0,rows=640,max_abs=0,max_value=1.73005
blk.40.attn_qkv.weight,unequal=0,rows=10240,max_abs=0,max_value=4.67632
blk.40.ffn_up_shexp.weight,unequal=0,rows=640,max_abs=0,max_value=1.88785
blk.41.attn_gate.weight,unequal=0,rows=6144,max_abs=0,max_value=3.97934
blk.41.ffn_gate_shexp.weight,unequal=0,rows=640,max_abs=0,max_value=1.7707
blk.41.ffn_up_shexp.weight,unequal=0,rows=640,max_abs=0,max_value=1.93163
blk.42.attn_gate.weight,unequal=0,rows=6144,max_abs=0,max_value=4.62638
blk.42.ffn_up_shexp.weight,unequal=0,rows=640,max_abs=0,max_value=1.38257
blk.44.attn_gate.weight,unequal=0,rows=6144,max_abs=0,max_value=3.59641
blk.44.ffn_gate_shexp.weight,unequal=0,rows=640,max_abs=0,max_value=2.04553
blk.44.ffn_up_shexp.weight,unequal=0,rows=640,max_abs=0,max_value=1.69813
blk.45.ffn_gate_shexp.weight,unequal=0,rows=640,max_abs=0,max_value=1.87398
blk.45.ffn_up_shexp.weight,unequal=0,rows=640,max_abs=0,max_value=1.75925
blk.46.ffn_up_shexp.weight,unequal=0,rows=640,max_abs=0,max_value=1.41654
blk.47.ffn_gate_shexp.weight,unequal=0,rows=640,max_abs=0,max_value=1.34205
