run,label,measured,input_tokens,output_tokens,prompt_ms,decode_ms,reused_tokens,drafts_accepted,drafts_offered,prompt_tps,decode_tps,ttft_s,post_first_tps,total_s,valid
1,isolation-a,False,23,8,410.5,205.4,0,6,6,56.02923264311815,38.948393378773126,0.4672114169989072,46.991824402876276,0.6161930300004315,True
1,isolation-b,False,23,8,384.1,167.4,0,6,6,59.88023952095808,47.789725209080046,0.4175604019983439,52.161103442653285,0.5517753129970515,True
1,json-quality,False,44,13,578.7,250.3,0,9,9,76.03248660791428,51.9376747902517,0.6118441179969523,55.213936195889765,0.8291944759985199,True
1,warm-shape-512,False,512,640,1476.6,16676.4,0,356,544,346.7425165921712,38.37758748890648,1.5101174049996189,38.39418265764491,18.153280521000852,True
1,bench-512-0,True,512,640,1450.5,13109.5,0,416,508,352.9817304377801,48.819558335558185,1.4839093770024192,48.86656985914958,14.560347774000547,True
1,bench-512-1,True,512,640,1448.2,13526.0,0,413,551,353.5423284076785,47.31627975750406,1.4815567020013987,47.357948219769646,14.974555074000818,True
1,bench-512-2,True,512,640,1463.6,17084.3,0,328,490,349.8223558349276,37.4612948730706,1.4973153960017953,37.47608559926911,18.548204517002887,True
1,bench-512-3,True,512,640,1426.9,15529.7,0,358,556,358.8198191884505,41.21135630437162,1.4602955949994794,41.234828286196766,16.956919405001827,True
1,bench-512-4,True,512,640,1458.5,15503.3,0,342,513,351.04559478916696,41.281533608973575,1.4917054559991811,41.30468746024723,16.962121863998618,True
1,warm-shape-7000,False,7000,640,22814.4,16920.0,0,344,523,306.8237604320078,37.825059101654844,22.849069850999513,37.84174526828935,39.73519821999798,True
1,bench-7000-0,True,7000,640,22743.8,13548.0,0,419,546,307.776185158153,47.239444936522,22.77840547300002,47.283202596176764,36.29273420000027,True
1,bench-7000-1,True,7000,640,22748.5,13406.1,0,418,523,307.71259643492976,47.73946188675304,22.782951631998003,47.78477828111208,36.15542575899963,True
1,bench-7000-2,True,7000,640,22769.4,17863.6,0,325,500,307.43014747863356,35.8270449405495,22.80442414799836,35.8398075049595,40.63377556400155,True
1,bench-7000-3,True,7000,640,22771.1,15648.8,0,355,532,307.4071959633044,40.89770461632841,22.80570250099845,40.922135568125675,38.420736585998384,True
1,bench-7000-4,True,7000,640,22755.8,15934.3,0,339,514,307.61388305399066,40.16492723244824,22.790398547000223,40.187379408508036,38.69092888600062,True
1,post-long-isolation,False,23,8,382.4,163.4,0,6,6,60.14644351464435,48.959608323133416,0.41572838600040996,53.66707589633485,0.5461748269990494,True
2,isolation-a,False,23,8,420.5,218.4,0,6,6,54.69678953626635,36.63003663003663,0.47694563700133585,43.18362702904172,0.6390596099990944,True
2,isolation-b,False,23,8,394.2,182.7,0,6,6,58.34601725012684,43.78762999452655,0.4280675230002089,46.95916403018111,0.5771459989991854,True
2,json-quality,False,44,13,595.2,291.3,0,9,9,73.9247311827957,44.627531754205286,0.6286111749977863,46.49244887092432,0.8867337949995999,True
2,warm-shape-512,False,512,640,1544.1,18838.5,0,356,544,331.58474192086004,33.97298086365687,1.5776760400003695,33.98005382252257,20.38284224200106,True
2,bench-512-0,True,512,640,1515.4,13986.4,0,416,508,337.864590207206,45.75873705885718,1.5488696469983552,45.79598525726509,15.502072332998068,True
2,bench-512-1,True,512,640,1514.8,14310.3,0,413,551,337.9984156324267,44.723031662508824,1.5481404359998123,44.756944343791105,15.825270370001817,True
2,bench-512-2,True,512,640,1532.2,18932.9,0,328,490,334.1600313275029,33.8035905751364,1.5662837570016563,33.811022509035624,20.465461136001977,True
2,bench-512-3,True,512,640,1494.0,16087.9,0,358,556,342.7041499330656,39.78145065546156,1.527579115001572,39.80143902199999,17.58229063700128,True
2,bench-512-4,True,512,640,1524.4,15852.6,0,342,513,335.8698504329572,40.37192637169928,1.5577352279979095,40.39274121964101,17.37742472699756,True
2,warm-shape-7000,False,7000,640,23946.4,18518.4,0,344,523,292.3195135803294,34.560221185415585,23.98126897199836,34.56983516461397,42.46560540199789,True
2,bench-7000-0,True,7000,640,23891.7,14344.9,0,419,546,292.9887785297823,44.61515939462806,23.926451752999128,44.651147982837806,38.237409134999325,True
2,bench-7000-1,True,7000,640,23886.2,14158.2,0,418,523,293.05624167929597,45.20348631888234,23.92100482299793,45.24168837299616,38.04516003599929,True
2,bench-7000-2,True,7000,640,23915.6,20144.6,0,325,500,292.6959808660456,31.770300725752808,23.95105886100282,31.775419079418555,44.06096293800147,True
2,bench-7000-3,True,7000,640,23903.5,16075.2,0,355,532,292.8441441629887,39.81287946650741,23.938347647999763,39.835060638576955,39.979507642998215,True
2,bench-7000-4,True,7000,640,23884.9,16209.9,0,339,514,293.0721920543942,39.48204492316424,23.9197560399989,39.50328876040342,40.09564026699809,True
2,post-long-isolation,False,23,8,392.0,176.2,0,6,6,58.673469387755105,45.40295119182747,0.4258151300018653,49.05092211681184,0.5685407620003389,True
3,isolation-a,False,23,8,411.2,206.2,0,6,6,55.933852140077825,38.797284190106694,0.46841692900125054,46.90914347017116,0.6176565269997809,True
3,isolation-b,False,23,8,384.1,167.5,0,6,6,59.88023952095808,47.76119402985075,0.41747242900237325,52.12249850494006,0.5517817200015998,True
3,json-quality,False,44,13,578.3,250.2,0,9,9,76.0850769496801,51.95843325339728,0.6115905180013215,55.26050717207516,0.8287578080016829,True
3,warm-shape-512,False,512,640,1479.8,16673.2,0,356,544,345.99270171644815,38.38495309838543,1.5132942629970785,38.40162584161639,18.15322985599778,True
3,bench-512-0,True,512,640,1450.6,13108.9,0,416,508,352.9573969391976,48.8217928277735,1.4839497070024663,48.86894897025221,14.559751271001005,True
3,bench-512-1,True,512,640,1448.1,13533.5,0,413,551,353.5667426282715,47.29005800421177,1.4814118080030312,47.33152927281241,14.98193979500138,True
3,bench-512-2,True,512,640,1464.5,17077.9,0,328,490,349.6073745305565,37.47533361830201,1.4982270969994715,37.49048304087646,18.5425682770001,True
3,bench-512-3,True,512,640,1427.1,15527.8,0,358,556,358.76953261859717,41.21639897474208,1.4605098860010912,41.23978976548911,16.955270106998796,True
3,bench-512-4,True,512,640,1459.0,15504.6,0,342,513,350.9252912954078,41.278072314022936,1.492268965997937,41.30168940604919,16.963808367996535,True
3,warm-shape-7000,False,7000,640,22818.0,16912.6,0,344,523,306.77535279165573,37.84160921443185,22.852823327997612,37.858506663206654,39.73147449999669,True
3,bench-7000-0,True,7000,640,22745.7,13532.0,0,419,546,307.7504759141288,47.29530002955956,22.78024717900189,47.33959721064849,36.27847898700202,True
3,bench-7000-1,True,7000,640,22745.7,13408.5,0,418,523,307.7504759141288,47.73091695566245,22.780245309000748,47.77701938384736,36.15489047899973,True
3,bench-7000-2,True,7000,640,22775.4,17868.4,0,325,500,307.3491574242384,35.817420697991984,22.81047212300109,35.83019313889742,40.64461017400026,True
3,bench-7000-3,True,7000,640,22789.7,15651.4,0,355,532,307.15630306673626,40.89091071725213,22.824248813998565,40.91540040173713,38.44185437299893,True
3,bench-7000-4,True,7000,640,22755.3,15921.2,0,339,514,307.6206422240094,40.19797502700801,22.789875690999907,40.22053220943686,38.67729866799709,True
3,post-long-isolation,False,23,8,382.8,163.4,0,6,6,60.083594566353185,48.959608323133416,0.41620343000249704,53.73538413879077,0.5464847970033588,True
