elapsed_s,available_GiB,resident_VRAM_GiB,cgroup_memory_GiB,maximum_sensor_C,card_power_W,GPU_frequency_MHz,root_AER_correctable,upstream_AER_correctable,swapout_delta_pages
0.0,120.28203201293945,0.0,0.013370513916015625,60.0,,0.0,0,0,0
2.091078758239746,120.15242004394531,0.0,0.13814926147460938,60.0,,0.0,0,0,0
4.161235332489014,118.6853141784668,28.358367919921875,1.0383949279785156,54.0,,2400.0,0,0,0
6.207474231719971,118.67717742919922,28.358367919921875,1.0387001037597656,54.0,,2400.0,0,0,0
8.24887228012085,109.5682258605957,29.01131820678711,1.09332275390625,56.0,,2400.0,0,0,0
10.291451692581177,109.54315185546875,29.01247787475586,1.1145668029785156,56.0,,2400.0,0,0,0
12.319894552230835,109.54437637329102,29.020427703857422,1.118499755859375,56.0,,2400.0,0,0,0
14.358150005340576,109.5505485534668,29.020427703857422,1.1201515197753906,58.0,,2400.0,0,0,0
16.37796401977539,109.55340194702148,29.020427703857422,1.1204681396484375,58.0,,2400.0,0,0,0
18.397926568984985,109.55561828613281,29.020427703857422,1.1204795837402344,58.0,,2400.0,0,0,0
20.435717344284058,109.56297302246094,29.020427703857422,1.1206779479980469,58.0,,2400.0,0,0,0
22.472739934921265,109.56229019165039,29.020427703857422,1.1211090087890625,58.0,,2400.0,0,0,0
24.510190963745117,109.55826187133789,29.020427703857422,1.1210746765136719,58.0,,2400.0,0,0,0
26.547293424606323,109.54987335205078,29.020427703857422,1.1209754943847656,58.0,,2400.0,0,0,0
28.582741737365723,109.54641342163086,29.020488739013672,1.1223945617675781,60.0,,2400.0,0,0,0
30.609359979629517,109.55036163330078,29.020488739013672,1.1229171752929688,60.0,,2400.0,0,0,0
32.646536350250244,109.54953384399414,29.020488739013672,1.1228828430175781,60.0,,2400.0,0,0,0
34.68327856063843,109.56048202514648,29.020488739013672,1.1228523254394531,60.0,,2400.0,0,0,0
36.72056770324707,109.54045486450195,29.020488739013672,1.1209220886230469,60.0,,2400.0,0,0,0
38.76177978515625,109.54080581665039,29.020488739013672,1.1214179992675781,61.0,,2400.0,0,0,0
40.78069996833801,109.53884887695312,29.020488739013672,1.1217575073242188,62.0,,2400.0,0,0,0
42.8050696849823,109.55032730102539,29.020488739013672,1.1222267150878906,62.0,,2400.0,0,0,0
44.824233293533325,109.56164932250977,29.020549774169922,1.1219902038574219,62.0,,2400.0,0,0,0
46.842605113983154,109.5740852355957,29.020549774169922,1.1208686828613281,62.0,,2400.0,0,0,0
48.86214852333069,109.5780029296875,29.020549774169922,1.121734619140625,62.0,,2400.0,0,0,0
50.886932134628296,109.57402420043945,29.020549774169922,1.1219367980957031,62.0,,2400.0,0,0,0
52.90466284751892,109.5629653930664,29.020549774169922,1.1224441528320312,62.0,,2400.0,0,0,0
54.92334008216858,109.57540130615234,29.020549774169922,1.122650146484375,64.0,,2400.0,0,0,0
56.942312240600586,109.587890625,29.020549774169922,1.1228523254394531,64.0,,2400.0,0,0,0
58.961671352386475,109.5907096862793,29.020610809326172,1.1232986450195312,64.0,,2400.0,0,0,0
60.98146057128906,109.59248733520508,29.020610809326172,1.1235122680664062,64.0,,2400.0,0,0,0
63.001129388809204,109.58136749267578,29.020610809326172,1.1237220764160156,64.0,,2400.0,0,0,0
65.01992726325989,109.57601165771484,29.020610809326172,1.1239356994628906,64.0,,2400.0,0,0,0
67.0398178100586,109.57957077026367,29.020610809326172,1.1239013671875,64.0,,2400.0,0,0,0
69.05880928039551,109.58197784423828,29.020610809326172,1.1238670349121094,64.0,,2400.0,0,0,0
71.0772602558136,109.57785415649414,29.020610809326172,1.1238365173339844,64.0,,2400.0,0,0,0
73.09524345397949,109.5871810913086,29.020610809326172,1.1238059997558594,64.0,,2400.0,0,0,0
75.11403846740723,109.57421493530273,29.020610809326172,1.1237678527832031,64.0,,2400.0,0,0,0
77.13251113891602,109.57025146484375,29.020610809326172,1.1233749389648438,66.0,,2400.0,0,0,0
79.15098595619202,109.58040237426758,29.020610809326172,1.1235809326171875,64.0,,2400.0,0,0,0
81.16947317123413,109.58284378051758,29.020610809326172,1.1235504150390625,64.0,,2400.0,0,0,0
83.18642735481262,109.57922744750977,29.020610809326172,1.1237602233886719,66.0,,2400.0,0,0,0
85.20461416244507,109.58468246459961,29.020610809326172,1.123291015625,66.0,,2400.0,0,0,0
87.22309303283691,109.57719039916992,29.020610809326172,1.1230201721191406,66.0,,2400.0,0,0,0
89.2418761253357,109.56660842895508,29.020610809326172,1.1234817504882812,66.0,,2400.0,0,0,0
91.2602379322052,109.57574462890625,29.020610809326172,1.1230010986328125,66.0,,2400.0,0,0,0
93.27872109413147,109.58197402954102,29.020610809326172,1.1232528686523438,66.0,,2400.0,0,0,0
95.29751253128052,109.57210159301758,29.020610809326172,1.1229820251464844,66.0,,2400.0,0,0,0
97.3158667087555,109.56945037841797,29.020610809326172,1.1229476928710938,66.0,,2400.0,0,0,0
99.33410549163818,109.58706283569336,29.020610809326172,1.1234054565429688,66.0,,2400.0,0,0,0
101.35253143310547,109.59641647338867,29.020610809326172,1.1233673095703125,66.0,,2400.0,0,0,0
103.37124300003052,109.57830810546875,29.020610809326172,1.1233253479003906,66.0,,2400.0,0,0,0
105.39027905464172,109.57736206054688,29.020610809326172,1.1232833862304688,66.0,,2400.0,0,0,0
107.4076919555664,109.57191848754883,29.020610809326172,1.1234970092773438,66.0,,2400.0,0,0,0
109.42654061317444,109.58380126953125,29.020610809326172,1.1234588623046875,66.0,,2400.0,0,0,0
111.4450957775116,109.57084274291992,29.020915985107422,1.1394882202148438,66.0,,2400.0,0,0,0
113.46312713623047,109.56155014038086,29.024219512939453,1.1396903991699219,66.0,,2400.0,0,0,0
115.48177599906921,109.55533981323242,29.027523040771484,1.1398963928222656,66.0,,2400.0,0,0,0
117.49894094467163,109.54953384399414,29.031070709228516,1.1401100158691406,66.0,,2400.0,0,0,0
119.51731824874878,109.54744720458984,29.03449249267578,1.1401176452636719,66.0,,2400.0,0,0,0
121.53576898574829,109.54243469238281,29.037673950195312,1.1401214599609375,68.0,,2400.0,0,0,0
123.55489540100098,109.54344940185547,29.041282653808594,1.1405754089355469,66.0,,2400.0,0,0,0
125.57373929023743,109.56340408325195,29.045013427734375,1.1407814025878906,68.0,,2400.0,0,0,0
127.59195828437805,109.55777740478516,29.048927307128906,1.1412315368652344,68.0,,2400.0,0,0,0
129.61012387275696,109.55293655395508,29.052288055419922,1.1446456909179688,68.0,,2400.0,0,0,0
131.6287956237793,109.53277969360352,29.055469512939453,1.1602363586425781,68.0,,2400.0,0,0,0
133.64733219146729,109.52680969238281,29.05712127685547,1.1571578979492188,68.0,,2400.0,0,0,0
135.6662003993988,109.53262710571289,29.05712127685547,1.1571693420410156,68.0,,2400.0,0,0,0
137.684552192688,109.52814865112305,29.05712127685547,1.1570930480957031,68.0,,2400.0,0,0,0
139.70290160179138,109.52835083007812,29.05712127685547,1.1562728881835938,68.0,,2400.0,0,0,0
141.72169756889343,109.54190444946289,29.05712127685547,1.1562728881835938,68.0,,2400.0,0,0,0
143.74096822738647,109.54106521606445,29.05712127685547,1.1560287475585938,68.0,,2400.0,0,0,0
145.75912165641785,109.53539657592773,29.05712127685547,1.1564865112304688,68.0,,2400.0,0,0,0
147.77711248397827,109.53367614746094,29.05712127685547,1.1569366455078125,68.0,,2400.0,0,0,0
149.794851064682,109.53754043579102,29.05712127685547,1.1571006774902344,68.0,,2400.0,0,0,0
151.81386256217957,109.52800369262695,29.05712127685547,1.1570663452148438,68.0,,2400.0,0,0,0
153.8315737247467,109.54450988769531,29.05712127685547,1.1567764282226562,68.0,,2400.0,0,0,0
155.85076141357422,109.53638458251953,29.05712127685547,1.1569900512695312,68.0,,2400.0,0,0,0
157.869544506073,109.53634643554688,29.05712127685547,1.1569557189941406,68.0,,2400.0,0,0,0
159.88842010498047,109.50448226928711,29.05712127685547,1.1552543640136719,68.0,,2400.0,0,0,0
161.9117932319641,109.49240493774414,29.05712127685547,1.1554489135742188,68.0,,2400.0,0,0,0
163.93236088752747,109.5017204284668,29.05712127685547,1.1554527282714844,68.0,,2400.0,0,0,0
165.95244097709656,109.52216339111328,29.05712127685547,1.1556663513183594,68.0,,2400.0,0,0,0
167.97239184379578,109.51374053955078,29.05712127685547,1.1558799743652344,68.0,,2400.0,0,0,0
169.99266242980957,109.52801895141602,29.05712127685547,1.1562576293945312,68.0,,2400.0,0,0,0
172.01280069351196,109.52651977539062,29.05712127685547,1.1569480895996094,68.0,,2400.0,0,0,0
174.03092336654663,109.51801300048828,29.05712127685547,1.1569137573242188,68.0,,2400.0,0,0,0
176.04943203926086,109.53333282470703,29.05712127685547,1.1571235656738281,68.0,,2400.0,0,0,0
178.0683410167694,109.53006744384766,29.05712127685547,1.1573333740234375,68.0,,2400.0,0,0,0
180.08723378181458,109.54119873046875,29.05712127685547,1.1572952270507812,68.0,,2400.0,0,0,0
182.1058976650238,109.54693603515625,29.05712127685547,1.1572647094726562,68.0,,2400.0,0,0,0
184.12465500831604,109.52749252319336,29.05712127685547,1.1574745178222656,68.0,,2400.0,0,0,0
186.14426565170288,109.54930114746094,29.05712127685547,1.1576423645019531,68.0,,2400.0,0,0,0
188.16140866279602,109.5517578125,29.05712127685547,1.1576004028320312,70.0,,2400.0,0,0,0
190.17958617210388,109.54408264160156,29.05712127685547,1.1574020385742188,70.0,,2400.0,0,0,0
192.1979742050171,109.54862976074219,29.05712127685547,1.1573600769042969,68.0,,2400.0,0,0,0
194.21544528007507,109.53435516357422,29.05712127685547,1.1573219299316406,70.0,,2400.0,0,0,0
196.23388171195984,109.54016876220703,29.05712127685547,1.15777587890625,70.0,,2400.0,0,0,0
198.25267720222473,109.52166748046875,29.05712127685547,1.157745361328125,70.0,,2400.0,0,0,0
200.27091550827026,109.52053451538086,29.05712127685547,1.1577110290527344,70.0,,2400.0,0,0,0
202.289320230484,109.53316879272461,29.05712127685547,1.1576728820800781,70.0,,2400.0,0,0,0
204.30781197547913,109.53750610351562,29.05712127685547,1.1576805114746094,70.0,,2400.0,0,0,0
206.32638025283813,109.54244232177734,29.05712127685547,1.1578903198242188,70.0,,2400.0,0,0,0
208.34460306167603,109.53672409057617,29.05712127685547,1.1578445434570312,70.0,,2400.0,0,0,0
210.36962819099426,109.54291915893555,29.05712127685547,1.1576194763183594,70.0,,2400.0,0,0,0
212.3884198665619,109.53561019897461,29.05712127685547,1.1574630737304688,70.0,,2400.0,0,0,0
214.4073302745819,109.53203964233398,29.05712127685547,1.1576728820800781,70.0,,2400.0,0,0,0
216.42585396766663,109.54824829101562,29.05712127685547,1.1578865051269531,70.0,,2400.0,0,0,0
218.44454050064087,109.53702545166016,29.05712127685547,1.1578483581542969,70.0,,2400.0,0,0,0
220.4642195701599,109.54129409790039,29.05712127685547,1.1578140258789062,70.0,,2400.0,0,0,0
222.48334336280823,109.54936218261719,29.05712127685547,1.1577415466308594,70.0,,2400.0,0,0,0
224.5090708732605,109.55540466308594,29.05712127685547,1.1577110290527344,70.0,,2400.0,0,0,0
226.5284390449524,109.55574798583984,29.05712127685547,1.1578712463378906,70.0,,2400.0,0,0,0
228.5480375289917,109.53840255737305,29.05712127685547,1.1578369140625,70.0,,2400.0,0,0,0
230.5670199394226,109.54377746582031,29.05712127685547,1.1577110290527344,70.0,,2400.0,0,0,0
232.58639788627625,109.55184936523438,29.05712127685547,1.1581611633300781,70.0,,2400.0,0,0,0
234.60619926452637,109.53596496582031,29.05712127685547,1.1581192016601562,70.0,,2400.0,0,0,0
236.62586855888367,109.53993606567383,29.05718231201172,1.1580848693847656,70.0,,2400.0,0,0,0
238.6436731815338,109.55120086669922,29.05718231201172,1.1577949523925781,70.0,,2400.0,0,0,0
240.66387915611267,109.54859161376953,29.05718231201172,1.1580009460449219,70.0,,2400.0,0,0,0
242.68388199806213,109.56039810180664,29.05718231201172,1.1580810546875,70.0,,2400.0,0,0,0
244.7014126777649,109.54655838012695,29.05718231201172,1.1582870483398438,70.0,,2400.0,0,0,0
246.72076725959778,109.54144287109375,29.05718231201172,1.1580162048339844,70.0,,2400.0,0,0,0
248.74022555351257,109.54644393920898,29.05718231201172,1.1579780578613281,70.0,,2400.0,0,0,0
250.75964188575745,109.52959060668945,29.05718231201172,1.1579742431640625,70.0,,2400.0,0,0,0
252.7794542312622,109.52832794189453,29.05718231201172,1.1579360961914062,70.0,,2400.0,0,0,0
254.79927277565002,109.53286361694336,29.05718231201172,1.1579017639160156,70.0,,2400.0,0,0,0
256.8191759586334,109.5327262878418,29.05718231201172,1.157867431640625,70.0,,2400.0,0,0,0
258.83819341659546,109.53096389770508,29.05718231201172,1.1578750610351562,70.0,,2400.0,0,0,0
260.8572587966919,109.53280639648438,29.05718231201172,1.1576690673828125,70.0,,2400.0,0,0,0
262.87538409233093,109.5362434387207,29.05718231201172,1.1578254699707031,70.0,,2400.0,0,0,0
264.8929636478424,109.54984664916992,29.05718231201172,1.1580352783203125,70.0,,2400.0,0,0,0
266.91172075271606,109.54405212402344,29.05718231201172,1.1582450866699219,70.0,,2400.0,0,0,0
268.9310612678528,109.53596878051758,29.05718231201172,1.1582107543945312,70.0,,2400.0,0,0,0
270.9499251842499,109.52995300292969,29.05718231201172,1.1581802368164062,70.0,,2400.0,0,0,0
272.96918272972107,109.52220916748047,29.05718231201172,1.1581459045410156,70.0,,2400.0,0,0,0
274.9873151779175,109.52863311767578,29.05718231201172,1.158355712890625,70.0,,2400.0,0,0,0
277.0059564113617,109.54084396362305,29.05718231201172,1.1585693359375,70.0,,2400.0,0,0,0
279.02497577667236,109.5384292602539,29.05718231201172,1.158538818359375,70.0,,2400.0,0,0,0
281.04326367378235,109.54790878295898,29.05718231201172,1.1587638854980469,70.0,,2400.0,0,0,0
283.0622229576111,109.53205871582031,29.05718231201172,1.158477783203125,70.0,,2400.0,0,0,0
285.0815041065216,109.52753829956055,29.05718231201172,1.15802001953125,70.0,,2400.0,0,0,0
287.0994358062744,109.53597640991211,29.05718231201172,1.158233642578125,70.0,,2400.0,0,0,0
289.118328332901,109.53004837036133,29.05718231201172,1.158447265625,70.0,,2400.0,0,0,0
291.13687229156494,109.54341888427734,29.05718231201172,1.158660888671875,70.0,,2400.0,0,0,0
293.1558322906494,109.54496002197266,29.05718231201172,1.15863037109375,70.0,,2400.0,0,0,0
295.17434072494507,109.53485488891602,29.05718231201172,1.1586036682128906,70.0,,2400.0,0,0,0
297.1931402683258,109.54022598266602,29.05718231201172,1.1585655212402344,70.0,,2400.0,0,0,0
299.211630821228,109.54613876342773,29.05718231201172,1.1585311889648438,70.0,,2400.0,0,0,0
301.2302122116089,109.53588104248047,29.05718231201172,1.158447265625,70.0,,2400.0,0,0,0
303.2485237121582,109.54723358154297,29.05718231201172,1.1577110290527344,70.0,,2400.0,0,0,0
305.26720929145813,109.53369140625,29.05718231201172,1.1576728820800781,70.0,,2400.0,0,0,0
307.286324262619,109.5455551147461,29.05718231201172,1.1576347351074219,70.0,,2400.0,0,0,0
309.304714679718,109.54043197631836,29.05718231201172,1.1575965881347656,70.0,,2400.0,0,0,0
311.3235504627228,109.50404739379883,29.05718231201172,1.1570625305175781,70.0,,2400.0,0,0,0
313.3441445827484,109.49905395507812,29.05718231201172,1.1574974060058594,70.0,,2400.0,0,0,0
315.3629541397095,109.49246215820312,29.05718231201172,1.1574554443359375,70.0,,2400.0,0,0,0
317.38142824172974,109.49272155761719,29.05718231201172,1.1576652526855469,70.0,,2400.0,0,0,0
319.40046215057373,109.5008659362793,29.05718231201172,1.1576347351074219,70.0,,2400.0,0,0,0
321.420446395874,109.51834869384766,29.05718231201172,1.1570930480957031,70.0,,2400.0,0,0,0
323.43885350227356,109.52340698242188,29.05718231201172,1.15728759765625,70.0,,2400.0,0,0,0
325.4567127227783,109.53881454467773,29.05718231201172,1.1574974060058594,70.0,,2400.0,0,0,0
327.47489857673645,109.53487396240234,29.05718231201172,1.1574630737304688,70.0,,2400.0,0,0,0
329.49321246147156,109.53663635253906,29.05718231201172,1.1576728820800781,70.0,,2400.0,0,0,0
331.51188468933105,109.54144668579102,29.05718231201172,1.1576385498046875,70.0,,2400.0,0,0,0
333.5302150249481,109.53257751464844,29.05718231201172,1.1575927734375,70.0,,2400.0,0,0,0
335.54884791374207,109.53156661987305,29.05718231201172,1.157562255859375,70.0,,2400.0,0,0,0
337.56590700149536,109.54341125488281,29.05718231201172,1.1575279235839844,70.0,,2400.0,0,0,0
339.58459401130676,109.54433822631836,29.05718231201172,1.1572799682617188,70.0,,2400.0,0,0,0
341.6028850078583,120.24887084960938,0.0,0.14037704467773438,68.0,,0.0,0,0,0
343.70743680000305,120.25566101074219,0.0,0.14034271240234375,66.0,,0.0,0,0,0
345.80981254577637,119.83196640014648,1.4568595886230469,0.20679092407226562,66.0,,2400.0,0,0,0
347.8312621116638,118.71320724487305,28.358436584472656,1.0403480529785156,66.0,,2400.0,0,0,0
349.8769257068634,109.64573287963867,28.371841430664062,1.0401382446289062,64.0,,0.0,0,0,0
351.9075264930725,109.56259155273438,29.02480697631836,1.1058235168457031,68.0,,2400.0,0,0,0
353.9269754886627,109.54150772094727,29.026702880859375,1.1157684326171875,68.0,,2400.0,0,0,0
355.94600796699524,109.55058288574219,29.033794403076172,1.1213531494140625,68.0,,2400.0,0,0,0
357.96499705314636,109.55191802978516,29.033794403076172,1.1213188171386719,68.0,,2400.0,0,0,0
359.98276138305664,109.54843139648438,29.033794403076172,1.1214447021484375,68.0,,2400.0,0,0,0
362.00191831588745,109.55168151855469,29.033794403076172,1.121337890625,68.0,,2400.0,0,0,0
364.0210373401642,109.54580688476562,29.033794403076172,1.1200447082519531,68.0,,2400.0,0,0,0
366.0417993068695,109.51217269897461,29.033794403076172,1.1207923889160156,68.0,,2400.0,0,0,0
368.06312441825867,109.49856567382812,29.033794403076172,1.1212005615234375,68.0,,2400.0,0,0,0
370.082457780838,109.50886917114258,29.033794403076172,1.1214370727539062,68.0,,2400.0,0,0,0
372.10265731811523,109.5162239074707,29.033794403076172,1.1218948364257812,68.0,,2400.0,0,0,0
374.121479511261,109.52111434936523,29.033855438232422,1.1232833862304688,68.0,,2400.0,0,0,0
376.1419870853424,109.54161071777344,29.033855438232422,1.1221160888671875,68.0,,2400.0,0,0,0
378.1617810726166,109.53926849365234,29.033855438232422,1.1235313415527344,68.0,,2400.0,0,0,0
380.17985105514526,109.52910232543945,29.033855438232422,1.1236953735351562,70.0,,2400.0,0,0,0
382.1979515552521,109.53894805908203,29.033855438232422,1.1239128112792969,70.0,,2400.0,0,0,0
384.21712732315063,109.52616882324219,29.033855438232422,1.1243705749511719,68.0,,2400.0,0,0,0
386.2361001968384,109.5283317565918,29.033855438232422,1.1241111755371094,68.0,,2400.0,0,0,0
388.2552626132965,109.54766464233398,29.033855438232422,1.1240768432617188,68.0,,2400.0,0,0,0
390.2738952636719,109.521728515625,29.033916473388672,1.1239891052246094,70.0,,2400.0,0,0,0
392.2926962375641,109.54127883911133,29.033916473388672,1.1241989135742188,68.0,,2400.0,0,0,0
394.31025767326355,109.54690170288086,29.033916473388672,1.1241645812988281,68.0,,2400.0,0,0,0
396.3273751735687,109.56113052368164,29.033916473388672,1.1241302490234375,68.0,,2400.0,0,0,0
398.34648156166077,109.54465103149414,29.033916473388672,1.1241035461425781,70.0,,2400.0,0,0,0
400.3640763759613,109.55786514282227,29.033916473388672,1.1243171691894531,70.0,,2400.0,0,0,0
402.3827574253082,109.56361389160156,29.033916473388672,1.12432861328125,68.0,,2400.0,0,0,0
404.40122723579407,109.54104232788086,29.033916473388672,1.1242485046386719,70.0,,2400.0,0,0,0
406.41837525367737,109.54787826538086,29.033977508544922,1.1244621276855469,68.0,,2400.0,0,0,0
408.43781208992004,109.55943298339844,29.033977508544922,1.1242713928222656,68.0,,2400.0,0,0,0
410.4577705860138,109.5472526550293,29.033977508544922,1.1231155395507812,68.0,,2400.0,0,0,0
412.47711658477783,109.53746795654297,29.033977508544922,1.1238136291503906,68.0,,2400.0,0,0,0
414.4954152107239,109.5489387512207,29.033977508544922,1.1240234375,68.0,,2400.0,0,0,0
416.51517057418823,109.55184555053711,29.033977508544922,1.1239891052246094,70.0,,2400.0,0,0,0
418.5349497795105,109.55506134033203,29.033977508544922,1.1237564086914062,70.0,,2400.0,0,0,0
420.55467534065247,109.54662704467773,29.033977508544922,1.1242179870605469,70.0,,2400.0,0,0,0
422.57406187057495,109.54118728637695,29.033977508544922,1.1239433288574219,70.0,,2400.0,0,0,0
424.5940318107605,109.55411529541016,29.033977508544922,1.1239051818847656,68.0,,2400.0,0,0,0
426.61311292648315,109.54076385498047,29.033977508544922,1.1240730285644531,70.0,,2400.0,0,0,0
428.63182067871094,109.54531860351562,29.033977508544922,1.1236305236816406,70.0,,2400.0,0,0,0
430.6502318382263,109.54313659667969,29.033977508544922,1.1236076354980469,70.0,,2400.0,0,0,0
432.66867232322693,109.53987121582031,29.033977508544922,1.1234626770019531,70.0,,2400.0,0,0,0
434.68803119659424,109.54649353027344,29.033977508544922,1.1234321594238281,70.0,,2400.0,0,0,0
436.70565938949585,109.54790115356445,29.033977508544922,1.1234474182128906,70.0,,2400.0,0,0,0
438.724396944046,109.55126571655273,29.033977508544922,1.1236610412597656,70.0,,2400.0,0,0,0
440.7441244125366,109.5459976196289,29.033977508544922,1.1238594055175781,70.0,,2400.0,0,0,0
442.76307225227356,109.5550651550293,29.033977508544922,1.1237831115722656,70.0,,2400.0,0,0,0
444.7807557582855,109.54626083374023,29.033977508544922,1.123870849609375,70.0,,2400.0,0,0,0
446.7997636795044,109.55622100830078,29.033977508544922,1.1240806579589844,70.0,,2400.0,0,0,0
448.81735277175903,109.55095291137695,29.033977508544922,1.1243400573730469,70.0,,2400.0,0,0,0
450.83566546440125,109.54526138305664,29.033977508544922,1.1239547729492188,70.0,,2400.0,0,0,0
452.85332345962524,109.5615463256836,29.033977508544922,1.12445068359375,70.0,,2400.0,0,0,0
454.8708219528198,109.56667709350586,29.033977508544922,1.1245994567871094,70.0,,2400.0,0,0,0
456.8898677825928,109.55054473876953,29.033977508544922,1.1245384216308594,70.0,,2400.0,0,0,0
458.9090721607208,109.56058502197266,29.033977508544922,1.1245002746582031,70.0,,2400.0,0,0,0
460.92720460891724,109.55139923095703,29.033977508544922,1.1405105590820312,70.0,,2400.0,0,0,0
462.9453992843628,109.5428581237793,29.036609649658203,1.1407241821289062,70.0,,2400.0,0,0,0
464.9642162322998,109.52772903442383,29.03984832763672,1.1414299011230469,70.0,,2400.0,0,0,0
466.9829533100128,109.5372543334961,29.04278564453125,1.1413955688476562,70.0,,2400.0,0,0,0
469.00187587738037,109.55277252197266,29.046085357666016,1.1413612365722656,70.0,,2400.0,0,0,0
471.01983976364136,109.56460571289062,29.049571990966797,1.141815185546875,70.0,,2400.0,0,0,0
473.0386884212494,109.56055450439453,29.052997589111328,1.14178466796875,70.0,,2400.0,0,0,0
475.0565023422241,109.55438232421875,29.05636215209961,1.1414985656738281,70.0,,2400.0,0,0,0
477.0755889415741,109.5365982055664,29.059600830078125,1.1419563293457031,70.0,,2400.0,0,0,0
479.0941274166107,109.55146026611328,29.063026428222656,1.1421661376953125,70.0,,2400.0,0,0,0
481.11350274086,109.53898620605469,29.066452026367188,1.1455345153808594,70.0,,2400.0,0,0,0
483.13251304626465,109.52179718017578,29.069751739501953,1.1615104675292969,70.0,,2400.0,0,0,0
485.15210366249084,109.5309829711914,29.07048797607422,1.1579856872558594,70.0,,2400.0,0,0,0
487.1775381565094,109.52273941040039,29.07048797607422,1.1579704284667969,70.0,,2400.0,0,0,0
489.1968903541565,109.52438735961914,29.07048797607422,1.1579360961914062,70.0,,2400.0,0,0,0
491.21568179130554,109.53139877319336,29.07048797607422,1.1576614379882812,70.0,,2400.0,0,0,0
493.23348736763,109.54096221923828,29.07048797607422,1.1574592590332031,70.0,,2400.0,0,0,0
495.2513301372528,109.53229522705078,29.07048797607422,1.1570816040039062,70.0,,2400.0,0,0,0
497.27311539649963,109.5138168334961,29.07048797607422,1.157257080078125,70.0,,2400.0,0,0,0
499.2995376586914,109.51189422607422,29.07048797607422,1.1572265625,70.0,,2400.0,0,0,0
501.3348340988159,109.51944351196289,29.07048797607422,1.1576766967773438,68.0,,2400.0,0,0,0
503.35307455062866,109.51852798461914,29.07048797607422,1.1575736999511719,70.0,,2400.0,0,0,0
505.3722414970398,109.51136779785156,29.07048797607422,1.1575431823730469,70.0,,2400.0,0,0,0
507.39127564430237,109.5088119506836,29.07048797607422,1.1575050354003906,70.0,,2400.0,0,0,0
509.41017389297485,109.51492309570312,29.07048797607422,1.157470703125,70.0,,2400.0,0,0,0
511.42938208580017,109.51438522338867,29.07048797607422,1.15618896484375,70.0,,2400.0,0,0,0
513.4490270614624,109.51762390136719,29.07048797607422,1.1566238403320312,70.0,,2400.0,0,0,0
515.4689733982086,109.49768829345703,29.07048797607422,1.156829833984375,70.0,,2400.0,0,0,0
517.4894154071808,109.50643157958984,29.07048797607422,1.156707763671875,70.0,,2400.0,0,0,0
519.5100259780884,109.49951171875,29.07048797607422,1.1566658020019531,70.0,,2400.0,0,0,0
521.5303099155426,109.51100158691406,29.07048797607422,1.1564598083496094,70.0,,2400.0,0,0,0
523.5479233264923,109.51661682128906,29.07048797607422,1.1571540832519531,70.0,,2400.0,0,0,0
525.5670733451843,109.53035354614258,29.07048797607422,1.1571235656738281,70.0,,2400.0,0,0,0
527.5866189002991,109.54428100585938,29.07048797607422,1.1573410034179688,70.0,,2400.0,0,0,0
529.6057271957397,109.53024673461914,29.07048797607422,1.1572990417480469,70.0,,2400.0,0,0,0
531.6242325305939,109.51620101928711,29.07048797607422,1.1570205688476562,70.0,,2400.0,0,0,0
533.643212556839,109.51641845703125,29.07048797607422,1.1569862365722656,70.0,,2400.0,0,0,0
535.6627440452576,109.50768280029297,29.07048797607422,1.1569137573242188,70.0,,2400.0,0,0,0
537.6810154914856,109.515380859375,29.07048797607422,1.1571197509765625,70.0,,2400.0,0,0,0
539.7007782459259,109.52173614501953,29.07048797607422,1.1571578979492188,70.0,,2400.0,0,0,0
541.718905210495,109.51930236816406,29.07048797607422,1.1572914123535156,70.0,,2400.0,0,0,0
543.7381262779236,109.53591918945312,29.07048797607422,1.157257080078125,70.0,,2400.0,0,0,0
545.7567210197449,109.53680419921875,29.07048797607422,1.1572189331054688,70.0,,2400.0,0,0,0
547.7758855819702,109.52339935302734,29.07048797607422,1.1569747924804688,70.0,,2400.0,0,0,0
549.7953200340271,109.52677536010742,29.07048797607422,1.1569404602050781,70.0,,2400.0,0,0,0
551.8143439292908,109.52364349365234,29.07048797607422,1.1569061279296875,70.0,,2400.0,0,0,0
553.8334679603577,109.53175354003906,29.07048797607422,1.1571197509765625,70.0,,2400.0,0,0,0
555.8510210514069,109.5344467163086,29.07048797607422,1.1573333740234375,70.0,,2400.0,0,0,0
557.8703455924988,109.53509140014648,29.07048797607422,1.1572990417480469,70.0,,2400.0,0,0,0
559.8893887996674,109.52114486694336,29.07048797607422,1.1570053100585938,70.0,,2400.0,0,0,0
561.9075620174408,109.52872848510742,29.07048797607422,1.1572113037109375,70.0,,2400.0,0,0,0
563.9267241954803,109.5532112121582,29.07048797607422,1.1573753356933594,70.0,,2400.0,0,0,0
565.9460442066193,109.54662322998047,29.07048797607422,1.1573410034179688,70.0,,2400.0,0,0,0
567.9638242721558,109.54300308227539,29.07048797607422,1.1575546264648438,70.0,,2400.0,0,0,0
569.9828402996063,109.55623245239258,29.07048797607422,1.1575126647949219,70.0,,2400.0,0,0,0
572.0017693042755,109.53133773803711,29.07048797607422,1.1577186584472656,70.0,,2400.0,0,0,0
574.0195133686066,109.53845596313477,29.07048797607422,1.1577339172363281,70.0,,2400.0,0,0,0
576.0388915538788,109.52538299560547,29.07048797607422,1.1577033996582031,70.0,,2400.0,0,0,0
578.057834148407,109.53058624267578,29.07048797607422,1.1576728820800781,70.0,,2400.0,0,0,0
580.0772242546082,109.51914596557617,29.07048797607422,1.1578140258789062,70.0,,2400.0,0,0,0
582.0963146686554,109.517578125,29.07048797607422,1.1577796936035156,70.0,,2400.0,0,0,0
584.114741563797,109.5331039428711,29.07048797607422,1.157745361328125,70.0,,2400.0,0,0,0
586.1336860656738,109.528564453125,29.07048797607422,1.1577873229980469,70.0,,2400.0,0,0,0
588.152645111084,109.51739501953125,29.07048797607422,1.1577529907226562,70.0,,2400.0,0,0,0
590.1719164848328,109.51925659179688,29.07048797607422,1.1577262878417969,70.0,,2400.0,0,0,0
592.189740896225,109.51226425170898,29.07048797607422,1.1574440002441406,70.0,,2400.0,0,0,0
594.2087609767914,109.5079345703125,29.07054901123047,1.1574058532714844,70.0,,2400.0,0,0,0
596.2263453006744,109.50288772583008,29.07054901123047,1.1573715209960938,70.0,,2400.0,0,0,0
598.2445757389069,109.52155685424805,29.07054901123047,1.1573295593261719,70.0,,2400.0,0,0,0
600.2634642124176,109.53921890258789,29.07054901123047,1.1572990417480469,70.0,,2400.0,0,0,0
602.2818691730499,109.5448226928711,29.07054901123047,1.1575698852539062,70.0,,2400.0,0,0,0
604.3013875484467,109.53111267089844,29.07054901123047,1.1577835083007812,70.0,,2400.0,0,0,0
606.3201148509979,109.51369094848633,29.07054901123047,1.1577529907226562,70.0,,2400.0,0,0,0
608.339608669281,109.52180862426758,29.07054901123047,1.1577224731445312,68.0,,2400.0,0,0,0
610.3579788208008,109.53541564941406,29.07054901123047,1.1576881408691406,70.0,,2400.0,0,0,0
612.3762176036835,109.53485488891602,29.07054901123047,1.157623291015625,70.0,,2400.0,0,0,0
614.3947875499725,109.54481887817383,29.07054901123047,1.1578330993652344,70.0,,2400.0,0,0,0
616.4136753082275,109.5453872680664,29.07054901123047,1.1577987670898438,70.0,,2400.0,0,0,0
618.4329376220703,109.55235290527344,29.07054901123047,1.1580123901367188,70.0,,2400.0,0,0,0
620.4529910087585,109.53823852539062,29.07054901123047,1.1579742431640625,70.0,,2400.0,0,0,0
622.4726686477661,109.54192733764648,29.07054901123047,1.1579399108886719,70.0,,2400.0,0,0,0
624.4919679164886,109.54393768310547,29.07054901123047,1.1578330993652344,70.0,,2400.0,0,0,0
626.5109009742737,109.54681015014648,29.07054901123047,1.1578025817871094,70.0,,2400.0,0,0,0
628.5306577682495,109.53185272216797,29.07054901123047,1.1577644348144531,70.0,,2400.0,0,0,0
630.5492670536041,109.52484893798828,29.07054901123047,1.1578712463378906,70.0,,2400.0,0,0,0
632.5688982009888,109.52166748046875,29.07054901123047,1.1578369140625,70.0,,2400.0,0,0,0
634.5879209041595,109.5097427368164,29.07054901123047,1.1580390930175781,70.0,,2400.0,0,0,0
636.6074259281158,109.5180778503418,29.07054901123047,1.157989501953125,70.0,,2400.0,0,0,0
638.6277520656586,109.52103805541992,29.07054901123047,1.1579475402832031,70.0,,2400.0,0,0,0
640.6484110355377,109.50907516479492,29.07054901123047,1.1581573486328125,70.0,,2400.0,0,0,0
642.668655872345,109.52506256103516,29.07054901123047,1.1581153869628906,70.0,,2400.0,0,0,0
644.6878271102905,109.51681518554688,29.07054901123047,1.1582183837890625,70.0,,2400.0,0,0,0
646.7067594528198,109.52002334594727,29.07054901123047,1.1580352783203125,70.0,,2400.0,0,0,0
648.7259163856506,109.52854537963867,29.07054901123047,1.1580543518066406,70.0,,2400.0,0,0,0
650.7448348999023,109.55162811279297,29.07054901123047,1.1578102111816406,70.0,,2400.0,0,0,0
652.7635743618011,109.53924942016602,29.07054901123047,1.15777587890625,70.0,,2400.0,0,0,0
654.7825722694397,109.52844619750977,29.07054901123047,1.1577415466308594,70.0,,2400.0,0,0,0
656.8011476993561,109.51762390136719,29.07054901123047,1.1579551696777344,70.0,,2400.0,0,0,0
658.819845199585,109.52392578125,29.07054901123047,1.1579208374023438,70.0,,2400.0,0,0,0
660.838809967041,109.5208969116211,29.07054901123047,1.1578865051269531,70.0,,2400.0,0,0,0
662.857405424118,109.53164672851562,29.07054901123047,1.1580276489257812,70.0,,2400.0,0,0,0
664.8762762546539,109.53752136230469,29.07054901123047,1.1578750610351562,70.0,,2400.0,0,0,0
666.8953371047974,109.52505874633789,29.07054901123047,1.1578483581542969,70.0,,2400.0,0,0,0
668.912978887558,109.51852035522461,29.07054901123047,1.1578102111816406,70.0,,2400.0,0,0,0
670.9316370487213,109.54325866699219,29.07054901123047,1.1577720642089844,70.0,,2400.0,0,0,0
672.950341463089,109.54521942138672,29.07054901123047,1.1577339172363281,70.0,,2400.0,0,0,0
674.9687533378601,109.53764724731445,29.07054901123047,1.1576995849609375,70.0,,2400.0,0,0,0
676.986918926239,109.5328369140625,29.07054901123047,1.1576614379882812,70.0,,2400.0,0,0,0
679.0060074329376,109.52254104614258,29.07054901123047,1.1576004028320312,70.0,,2400.0,0,0,0
681.0246822834015,109.5359115600586,29.07054901123047,1.1578140258789062,70.0,,2400.0,0,0,0
683.0433392524719,109.53494262695312,29.07054901123047,1.1580238342285156,70.0,,2400.0,0,0,0
685.0618386268616,109.52606201171875,29.07054901123047,1.157989501953125,70.0,,2400.0,0,0,0
687.0804107189178,109.53460693359375,29.07054901123047,1.1582069396972656,70.0,,2400.0,0,0,0
689.0993773937225,109.52920532226562,29.07054901123047,1.158172607421875,70.0,,2400.0,0,0,0
691.1173067092896,109.53187561035156,29.07054901123047,1.1581382751464844,70.0,,2400.0,0,0,0
693.1358857154846,109.55465316772461,29.07054901123047,1.1579132080078125,70.0,,2400.0,0,0,0
695.1548511981964,109.53944778442383,29.07054901123047,1.1578788757324219,70.0,,2400.0,0,0,0
697.1735169887543,109.50270080566406,29.07054901123047,1.157073974609375,70.0,,2400.0,0,0,0
699.1939647197723,109.50658798217773,29.07054901123047,1.1577568054199219,70.0,,2400.0,0,0,0
701.2189116477966,109.51915740966797,29.07054901123047,1.1577262878417969,70.0,,2400.0,0,0,0
703.2585983276367,109.70578002929688,29.057144165039062,1.1436920166015625,70.0,,0.0,0,0,0
705.2891499996185,120.20085906982422,0.0,0.14110183715820312,68.0,,0.0,0,0,0
707.3764133453369,120.20511627197266,0.0,0.13994598388671875,66.0,,0.0,0,0,0
709.4778006076813,119.06667709350586,4.340335845947266,0.9445304870605469,66.0,,0.0,0,0,0
711.4996402263641,118.68656921386719,28.358444213867188,1.0408210754394531,66.0,,2400.0,0,0,0
713.539603471756,109.63045883178711,28.847972869873047,1.0716361999511719,66.0,,2400.0,0,0,0
715.5573561191559,109.58785247802734,29.011749267578125,1.1151313781738281,68.0,,2400.0,0,0,0
717.5764110088348,109.58671951293945,29.020431518554688,1.1214485168457031,68.0,,2400.0,0,0,0
719.5953481197357,109.57672500610352,29.020431518554688,1.1214103698730469,68.0,,2400.0,0,0,0
721.6141693592072,109.5714225769043,29.020431518554688,1.1216201782226562,68.0,,2400.0,0,0,0
723.6325204372406,109.57426834106445,29.020431518554688,1.1215896606445312,68.0,,2400.0,0,0,0
725.6497249603271,109.58328628540039,29.020431518554688,1.1217994689941406,68.0,,2400.0,0,0,0
727.6859307289124,109.58357238769531,29.020431518554688,1.12200927734375,68.0,,2400.0,0,0,0
729.7230951786041,109.57998657226562,29.020431518554688,1.1222152709960938,68.0,,2400.0,0,0,0
731.7604444026947,109.59125900268555,29.020431518554688,1.1224441528320312,68.0,,2400.0,0,0,0
733.7974810600281,109.58892059326172,29.020492553710938,1.1233139038085938,70.0,,2400.0,0,0,0
735.8235466480255,109.58263778686523,29.020492553710938,1.123199462890625,70.0,,2400.0,0,0,0
737.8596625328064,109.59084701538086,29.020492553710938,1.12335205078125,70.0,,2400.0,0,0,0
739.8966746330261,109.58047485351562,29.020492553710938,1.1233978271484375,70.0,,2400.0,0,0,0
741.9331932067871,109.59187698364258,29.020492553710938,1.1238517761230469,70.0,,2400.0,0,0,0
743.9703059196472,109.57863998413086,29.020492553710938,1.1241989135742188,68.0,,2400.0,0,0,0
746.0073182582855,109.5982894897461,29.020492553710938,1.1241836547851562,70.0,,2400.0,0,0,0
748.0443599224091,109.58279800415039,29.020492553710938,1.1234169006347656,70.0,,2400.0,0,0,0
750.0800421237946,109.57580947875977,29.020553588867188,1.123931884765625,70.0,,2400.0,0,0,0
752.1173176765442,109.59867858886719,29.020553588867188,1.1242179870605469,70.0,,2400.0,0,0,0
754.1545283794403,109.59403228759766,29.020553588867188,1.1244277954101562,70.0,,2400.0,0,0,0
756.1909990310669,109.57852554321289,29.020553588867188,1.1246414184570312,70.0,,2400.0,0,0,0
758.2283990383148,109.57450866699219,29.020553588867188,1.1248588562011719,70.0,,2400.0,0,0,0
760.2647202014923,109.58755111694336,29.020553588867188,1.1244163513183594,70.0,,2400.0,0,0,0
762.3012640476227,109.58394622802734,29.020553588867188,1.1243820190429688,70.0,,2400.0,0,0,0
764.3385126590729,109.59667205810547,29.020553588867188,1.1242904663085938,70.0,,2400.0,0,0,0
766.3633782863617,109.58177185058594,29.020614624023438,1.1245040893554688,70.0,,2400.0,0,0,0
768.3988046646118,109.58606719970703,29.020614624023438,1.1241073608398438,70.0,,2400.0,0,0,0
770.435210943222,109.57961654663086,29.020614624023438,1.1243171691894531,70.0,,2400.0,0,0,0
772.4710445404053,109.56932830810547,29.020614624023438,1.1245269775390625,70.0,,2400.0,0,0,0
774.5080261230469,109.57283401489258,29.020614624023438,1.1247406005859375,70.0,,2400.0,0,0,0
776.5453026294708,109.56737518310547,29.020614624023438,1.1249504089355469,70.0,,2400.0,0,0,0
778.5825221538544,109.58318710327148,29.020614624023438,1.1249198913574219,70.0,,2400.0,0,0,0
780.6192712783813,109.59405136108398,29.020614624023438,1.1248931884765625,70.0,,2400.0,0,0,0
782.6559376716614,109.59936141967773,29.020614624023438,1.1250381469726562,70.0,,2400.0,0,0,0
784.681726694107,109.59279251098633,29.020614624023438,1.1254959106445312,70.0,,2400.0,0,0,0
786.717770576477,109.59151840209961,29.020614624023438,1.1252174377441406,70.0,,2400.0,0,0,0
788.7364854812622,109.59706115722656,29.020614624023438,1.12493896484375,70.0,,2400.0,0,0,0
790.7552065849304,109.60940933227539,29.020614624023438,1.125152587890625,70.0,,2400.0,0,0,0
792.7738878726959,109.59981918334961,29.020614624023438,1.1251144409179688,70.0,,2400.0,0,0,0
794.7929198741913,109.59207534790039,29.020614624023438,1.1253242492675781,70.0,,2400.0,0,0,0
796.8104643821716,109.5926284790039,29.020614624023438,1.1254844665527344,70.0,,2400.0,0,0,0
798.8277680873871,109.59940719604492,29.020614624023438,1.1253890991210938,70.0,,2400.0,0,0,0
800.8462903499603,109.59552764892578,29.020614624023438,1.1253547668457031,70.0,,2400.0,0,0,0
802.8649590015411,109.58575057983398,29.020614624023438,1.1255683898925781,70.0,,2400.0,0,0,0
804.8831629753113,109.59188461303711,29.020614624023438,1.1255340576171875,70.0,,2400.0,0,0,0
806.9014174938202,109.59888458251953,29.020614624023438,1.1255035400390625,70.0,,2400.0,0,0,0
808.9198253154755,109.59577941894531,29.020614624023438,1.1254692077636719,70.0,,2400.0,0,0,0
810.938307762146,109.60260009765625,29.020614624023438,1.1254348754882812,70.0,,2400.0,0,0,0
812.9566888809204,109.58051300048828,29.020614624023438,1.1253585815429688,70.0,,2400.0,0,0,0
814.9756932258606,109.5940170288086,29.020614624023438,1.1253128051757812,70.0,,2400.0,0,0,0
816.9948511123657,109.56289291381836,29.020614624023438,1.1416244506835938,70.0,,2400.0,0,0,0
819.0123791694641,109.58015060424805,29.02410125732422,1.1416511535644531,70.0,,2400.0,0,0,0
821.0312418937683,109.59010314941406,29.02716064453125,1.1421051025390625,70.0,,2400.0,0,0,0
823.0500071048737,109.58937454223633,29.030826568603516,1.1425552368164062,70.0,,2400.0,0,0,0
825.0693025588989,109.58380126953125,29.034252166748047,1.1427650451660156,70.0,,2400.0,0,0,0
827.088353395462,109.58306884765625,29.037616729736328,1.1427116394042969,70.0,,2400.0,0,0,0
829.1071488857269,109.57618713378906,29.04092025756836,1.1429214477539062,70.0,,2400.0,0,0,0
831.1261403560638,109.57684326171875,29.04471206665039,1.1431312561035156,70.0,,2400.0,0,0,0
833.1450381278992,109.58051300048828,29.048686981201172,1.143096923828125,70.0,,2400.0,0,0,0
835.1630260944366,109.57682418823242,29.052047729492188,1.1462364196777344,70.0,,2400.0,0,0,0
837.1820092201233,109.56998443603516,29.05541229248047,1.1464424133300781,70.0,,2400.0,0,0,0
839.2009584903717,109.5403823852539,29.057125091552734,1.1589469909667969,70.0,,2400.0,0,0,0
841.2187223434448,109.54458618164062,29.057125091552734,1.1589317321777344,70.0,,2400.0,0,0,0
843.237902879715,109.55552673339844,29.057125091552734,1.15887451171875,70.0,,2400.0,0,0,0
845.2555818557739,109.5503921508789,29.057125091552734,1.1585960388183594,70.0,,2400.0,0,0,0
847.2732844352722,109.57153701782227,29.057125091552734,1.1588058471679688,70.0,,2400.0,0,0,0
849.2917878627777,109.5583724975586,29.057125091552734,1.1585273742675781,70.0,,2400.0,0,0,0
851.3109240531921,109.55840301513672,29.057125091552734,1.1583328247070312,70.0,,2400.0,0,0,0
853.3301825523376,109.56078720092773,29.057125091552734,1.1585426330566406,70.0,,2400.0,0,0,0
855.3490154743195,109.55721664428711,29.057125091552734,1.1586341857910156,70.0,,2400.0,0,0,0
857.3673479557037,109.56317901611328,29.057125091552734,1.1586036682128906,70.0,,2400.0,0,0,0
859.3857178688049,109.548095703125,29.057125091552734,1.1585693359375,70.0,,2400.0,0,0,0
861.4044482707977,109.56387329101562,29.057125091552734,1.1587448120117188,70.0,,2400.0,0,0,0
863.4234328269958,109.5645637512207,29.057125091552734,1.1588554382324219,70.0,,2400.0,0,0,0
865.4410998821259,109.56460571289062,29.057125091552734,1.1588211059570312,70.0,,2400.0,0,0,0
867.4603586196899,109.558837890625,29.057125091552734,1.1589698791503906,70.0,,2400.0,0,0,0
869.4791209697723,109.55078887939453,29.057125091552734,1.1591758728027344,70.0,,2400.0,0,0,0
871.4975986480713,109.54305267333984,29.057125091552734,1.1594161987304688,70.0,,2400.0,0,0,0
873.5163676738739,109.555419921875,29.057125091552734,1.1593818664550781,70.0,,2400.0,0,0,0
875.5346472263336,109.54296493530273,29.057125091552734,1.1600761413574219,72.0,,2400.0,0,0,0
877.5524015426636,109.55606079101562,29.057125091552734,1.1602821350097656,70.0,,2400.0,0,0,0
879.5714254379272,109.55285263061523,29.057125091552734,1.1604881286621094,72.0,,2400.0,0,0,0
881.5904996395111,109.55509567260742,29.057125091552734,1.1604499816894531,70.0,,2400.0,0,0,0
883.6091742515564,109.5224494934082,29.057125091552734,1.1584510803222656,70.0,,2400.0,0,0,0
885.6287293434143,109.53044509887695,29.057125091552734,1.1586456298828125,72.0,,2400.0,0,0,0
887.6493067741394,109.5502815246582,29.057125091552734,1.1587867736816406,70.0,,2400.0,0,0,0
889.669814825058,109.5333366394043,29.057125091552734,1.1590614318847656,70.0,,2400.0,0,0,0
891.6898012161255,109.55508804321289,29.057125091552734,1.1591835021972656,72.0,,2400.0,0,0,0
893.710039138794,109.535400390625,29.057125091552734,1.1586112976074219,72.0,,2400.0,0,0,0
895.7298800945282,109.55097961425781,29.057125091552734,1.1589279174804688,70.0,,2400.0,0,0,0
897.7483901977539,109.55789566040039,29.057125091552734,1.1587257385253906,70.0,,2400.0,0,0,0
899.7672655582428,109.5591926574707,29.057125091552734,1.158935546875,70.0,,2400.0,0,0,0
901.7855412960052,109.54916000366211,29.057125091552734,1.1591262817382812,70.0,,2400.0,0,0,0
903.8046896457672,109.54259490966797,29.057125091552734,1.159088134765625,70.0,,2400.0,0,0,0
905.823816537857,109.55216598510742,29.057125091552734,1.1595535278320312,70.0,,2400.0,0,0,0
907.8430442810059,109.54567337036133,29.057125091552734,1.1595230102539062,70.0,,2400.0,0,0,0
909.8619201183319,109.54615783691406,29.057125091552734,1.15948486328125,70.0,,2400.0,0,0,0
911.8808445930481,109.55325317382812,29.057125091552734,1.159454345703125,70.0,,2400.0,0,0,0
913.9000391960144,109.54916763305664,29.057125091552734,1.1594200134277344,70.0,,2400.0,0,0,0
915.9192879199982,109.55414581298828,29.057125091552734,1.1591949462890625,70.0,,2400.0,0,0,0
917.9377489089966,109.54667663574219,29.057125091552734,1.1591606140136719,70.0,,2400.0,0,0,0
919.9561140537262,109.55638122558594,29.057125091552734,1.1591262817382812,70.0,,2400.0,0,0,0
921.9747591018677,109.55363845825195,29.057125091552734,1.1590919494628906,70.0,,2400.0,0,0,0
923.9930605888367,109.55038452148438,29.057125091552734,1.1593017578125,70.0,,2400.0,0,0,0
926.0122511386871,109.56158828735352,29.057125091552734,1.1592636108398438,70.0,,2400.0,0,0,0
928.0304672718048,109.54378128051758,29.057125091552734,1.1593742370605469,70.0,,2400.0,0,0,0
930.0496916770935,109.55096054077148,29.057125091552734,1.1593399047851562,72.0,,2400.0,0,0,0
932.0685226917267,109.54110717773438,29.057125091552734,1.1593093872070312,72.0,,2400.0,0,0,0
934.0880348682404,109.54178237915039,29.057125091552734,1.1590385437011719,72.0,,2400.0,0,0,0
936.1075115203857,109.55390930175781,29.057125091552734,1.1590042114257812,70.0,,2400.0,0,0,0
938.1264400482178,109.55238723754883,29.057125091552734,1.158966064453125,70.0,,2400.0,0,0,0
940.1461336612701,109.5492935180664,29.057125091552734,1.1591720581054688,70.0,,2400.0,0,0,0
942.1649610996246,109.55813598632812,29.057186126708984,1.1596260070800781,70.0,,2400.0,0,0,0
944.1844804286957,109.54872131347656,29.057186126708984,1.1595001220703125,72.0,,2400.0,0,0,0
946.2037966251373,109.54434967041016,29.057186126708984,1.1594657897949219,72.0,,2400.0,0,0,0
948.2230639457703,109.53412628173828,29.057186126708984,1.1594276428222656,70.0,,2400.0,0,0,0
950.242668390274,109.53533554077148,29.057186126708984,1.1593971252441406,70.0,,2400.0,0,0,0
952.2623422145844,109.54492568969727,29.057186126708984,1.15936279296875,70.0,,2400.0,0,0,0
954.2820014953613,109.54872131347656,29.057186126708984,1.1593284606933594,70.0,,2400.0,0,0,0
956.3002870082855,109.54312133789062,29.057186126708984,1.1595420837402344,70.0,,2400.0,0,0,0
958.3185081481934,109.54769897460938,29.057186126708984,1.1595077514648438,70.0,,2400.0,0,0,0
960.3367178440094,109.54169845581055,29.057186126708984,1.1597175598144531,70.0,,2400.0,0,0,0
962.3545477390289,109.54175567626953,29.057186126708984,1.1596794128417969,70.0,,2400.0,0,0,0
964.3732850551605,109.539794921875,29.057186126708984,1.1598930358886719,70.0,,2400.0,0,0,0
966.3922493457794,109.53876876831055,29.057186126708984,1.1599082946777344,70.0,,2400.0,0,0,0
968.4112334251404,109.53722763061523,29.057186126708984,1.1602668762207031,70.0,,2400.0,0,0,0
970.4302887916565,109.54381942749023,29.057186126708984,1.1602287292480469,70.0,,2400.0,0,0,0
972.4487397670746,109.54851531982422,29.057186126708984,1.1601943969726562,70.0,,2400.0,0,0,0
974.4676053524017,109.53918075561523,29.057186126708984,1.16015625,70.0,,2400.0,0,0,0
976.486750125885,109.53128433227539,29.057186126708984,1.1601219177246094,70.0,,2400.0,0,0,0
978.5052490234375,109.5496597290039,29.057186126708984,1.1603317260742188,70.0,,2400.0,0,0,0
980.5235629081726,109.54989624023438,29.057186126708984,1.1600570678710938,70.0,,2400.0,0,0,0
982.5422847270966,109.54329299926758,29.057186126708984,1.1598129272460938,72.0,,2400.0,0,0,0
984.5609970092773,109.5413932800293,29.057186126708984,1.1597747802734375,70.0,,2400.0,0,0,0
986.5804274082184,109.54452133178711,29.057186126708984,1.1597366333007812,70.0,,2400.0,0,0,0
988.5987482070923,109.54663848876953,29.057186126708984,1.159942626953125,70.0,,2400.0,0,0,0
990.6177995204926,109.54934692382812,29.057186126708984,1.1599044799804688,70.0,,2400.0,0,0,0
992.6364903450012,109.54543685913086,29.057186126708984,1.1598663330078125,70.0,,2400.0,0,0,0
994.6547245979309,109.55802536010742,29.057186126708984,1.1600685119628906,70.0,,2400.0,0,0,0
996.6727242469788,109.56398391723633,29.057186126708984,1.1600303649902344,70.0,,2400.0,0,0,0
998.691308259964,109.56680297851562,29.057186126708984,1.1599922180175781,70.0,,2400.0,0,0,0
1000.7100491523743,109.54592514038086,29.057186126708984,1.1599578857421875,70.0,,2400.0,0,0,0
1002.7289776802063,109.49040603637695,29.057186126708984,1.1585502624511719,72.0,,2400.0,0,0,0
1004.748125076294,109.48617553710938,29.057186126708984,1.1591567993164062,70.0,,2400.0,0,0,0
1006.7671716213226,109.51459503173828,29.057186126708984,1.1597633361816406,70.0,,2400.0,0,0,0
1008.7859008312225,109.5015640258789,29.057186126708984,1.1599960327148438,72.0,,2400.0,0,0,0
1010.8061373233795,109.50531387329102,29.057186126708984,1.1594047546386719,72.0,,2400.0,0,0,0
1012.8253245353699,109.51401138305664,29.057186126708984,1.1586570739746094,72.0,,2400.0,0,0,0
1014.8445689678192,109.53184509277344,29.057186126708984,1.1593437194824219,72.0,,2400.0,0,0,0
1016.8628118038177,109.54690933227539,29.057186126708984,1.1593093872070312,70.0,,2400.0,0,0,0
1018.8816750049591,109.54054260253906,29.057186126708984,1.1595268249511719,72.0,,2400.0,0,0,0
1020.9005801677704,109.53855514526367,29.057186126708984,1.1593208312988281,72.0,,2400.0,0,0,0
1022.9193093776703,109.54329299926758,29.057186126708984,1.1592864990234375,70.0,,2400.0,0,0,0
1024.9384429454803,109.54481887817383,29.057186126708984,1.1597404479980469,70.0,,2400.0,0,0,0
1026.9567575454712,109.54111862182617,29.057186126708984,1.1594963073730469,72.0,,2400.0,0,0,0
1028.9753785133362,109.54444885253906,29.057186126708984,1.1594619750976562,70.0,,2400.0,0,0,0
1030.9925293922424,109.53726577758789,29.057186126708984,1.1594963073730469,70.0,,2400.0,0,0,0
1033.0111503601074,109.52802658081055,29.057186126708984,1.1599502563476562,72.0,,2400.0,0,0,0
1035.0295622348785,109.52412796020508,29.057186126708984,1.15966796875,72.0,,2400.0,0,0,0
1037.0468196868896,109.53181838989258,29.057186126708984,1.159881591796875,70.0,,2400.0,0,0,0
1039.0651812553406,109.5370101928711,29.057186126708984,1.1593780517578125,70.0,,2400.0,0,0,0
1041.0839455127716,109.54445266723633,29.057186126708984,1.1595954895019531,72.0,,2400.0,0,0,0
1043.1026241779327,109.54106903076172,29.057186126708984,1.1595611572265625,72.0,,2400.0,0,0,0
1045.1213128566742,109.53827285766602,29.057186126708984,1.1595306396484375,72.0,,2400.0,0,0,0
1047.1389420032501,120.238525390625,0.0,0.1421966552734375,70.0,,0.0,0,0,0
1049.1635627746582,120.25665283203125,0.0,0.14226913452148438,68.0,,0.0,0,0,0
1051.2532074451447,120.38176727294922,0.0,0.014125823974609375,67.0,,0.0,0,0,0
