label,input_tokens,output_tokens,prompt_ms,decode_ms,prompt_tps,decode_tps,ttft_s,total_s,drafts_accepted,drafts_offered,valid
public2185-256-r1,2185,256,7075.6,5380.4,308.80773361976367,47.58010556835923,7.1313728770001035,12.456545683999138,168,217,True
public20-256-r1,20,256,377.9,5366.3,52.924053982535064,47.70512271024728,0.41132024900070974,5.744386730002589,170,234,True
canary-end-r1,23,8,392.5,177.9,58.59872611464968,44.96908375491849,0.4267805749987019,0.5705589879980835,6,6,True
public2185-256-r2,2185,256,6869.9,5304.7,318.0541201473093,48.25909099477822,6.926132624001184,12.175035005999234,168,217,True
public20-256-r2,20,256,368.6,5182.9,54.25935973955507,49.39319685890139,0.40173007599878474,5.5517357169992465,170,234,True
canary-end-r2,23,8,382.5,165.1,60.130718954248366,48.45548152634767,0.4163050930001191,0.5478887559984287,6,6,True
public2185-256-r3,2185,256,7159.2,5421.4,305.2016985138004,47.22027520566644,7.215888784001436,12.5810548010013,168,217,True
public20-256-r3,20,256,381.8,5436.4,52.38344683080147,47.0899860201604,0.41560294200098724,5.818402204000449,170,234,True
canary-end-r3,23,8,396.0,182.8,58.08080808080808,43.7636761487965,0.4304779820013209,0.579070423002122,6,6,True
