process,phase,timed,batch,block,position,cell,predecessor,planned,attempted,successful_returns,receipts,queried,dq_waits,readback_waits,host_submit_window_ns,host_wait_ns,host_wall_ns,completion,async_errors,receipt_invalid,oracle_last_occupants_only,last_slot0_input,last_slot0_arm,last_slot1_input,last_slot1_arm,output_words_checked,input_bytes_checked,all_guards_checked,input_immutable,result
iq4nl-host-wall-runtime-measure-v1,measure,1,65,0,0,0,-1,64,64,64,64,0,1,1,214003,1038173,1252176,known,0,0,1,0,generic,0,generic,3276928,58990592,1,1,PASS
iq4nl-host-wall-runtime-measure-v1,measure,1,66,0,1,1,0,64,64,64,64,0,1,1,386206,899282,1285488,known,0,0,1,0,private,0,private,3276928,58990592,1,1,PASS
iq4nl-host-wall-runtime-measure-v1,measure,1,67,0,2,3,1,64,64,64,64,0,1,1,250141,1141567,1391708,known,0,0,1,62,private,63,private,3276928,58990592,1,1,PASS
iq4nl-host-wall-runtime-measure-v1,measure,1,68,0,3,2,3,64,64,64,64,0,1,1,288924,1104046,1392970,known,0,0,1,62,generic,63,generic,3276928,58990592,1,1,PASS
iq4nl-host-wall-runtime-measure-v1,measure,1,69,1,0,1,2,64,64,64,64,0,1,1,308510,963302,1271812,known,0,0,1,0,private,0,private,3276928,58990592,1,1,PASS
iq4nl-host-wall-runtime-measure-v1,measure,1,70,1,1,2,1,64,64,64,64,0,1,1,345430,1055055,1400485,known,0,0,1,7,generic,8,generic,3276928,58990592,1,1,PASS
iq4nl-host-wall-runtime-measure-v1,measure,1,71,1,2,0,2,64,64,64,64,0,1,1,324170,954676,1278846,known,0,0,1,0,generic,0,generic,3276928,58990592,1,1,PASS
iq4nl-host-wall-runtime-measure-v1,measure,1,72,1,3,3,0,64,64,64,64,0,1,1,329420,1054414,1383834,known,0,0,1,7,private,8,private,3276928,58990592,1,1,PASS
iq4nl-host-wall-runtime-measure-v1,measure,1,73,2,0,2,3,64,64,64,64,0,1,1,408719,973652,1382371,known,0,0,1,16,generic,17,generic,3276928,58990592,1,1,PASS
iq4nl-host-wall-runtime-measure-v1,measure,1,74,2,1,3,2,64,64,64,64,0,1,1,240252,1121660,1361912,known,0,0,1,16,private,17,private,3276928,58990592,1,1,PASS
iq4nl-host-wall-runtime-measure-v1,measure,1,75,2,2,1,3,64,64,64,64,0,1,1,397127,880367,1277494,known,0,0,1,0,private,0,private,3276928,58990592,1,1,PASS
iq4nl-host-wall-runtime-measure-v1,measure,1,76,2,3,0,1,64,64,64,64,0,1,1,400654,885315,1285969,known,0,0,1,0,generic,0,generic,3276928,58990592,1,1,PASS
iq4nl-host-wall-runtime-measure-v1,measure,1,77,3,0,3,0,64,64,64,64,0,1,1,338748,1026751,1365499,known,0,0,1,25,private,26,private,3276928,58990592,1,1,PASS
iq4nl-host-wall-runtime-measure-v1,measure,1,78,3,1,0,3,64,64,64,64,0,1,1,350048,930541,1280589,known,0,0,1,0,generic,0,generic,3276928,58990592,1,1,PASS
iq4nl-host-wall-runtime-measure-v1,measure,1,79,3,2,2,0,64,64,64,64,0,1,1,374655,1006614,1381269,known,0,0,1,25,generic,26,generic,3276928,58990592,1,1,PASS
iq4nl-host-wall-runtime-measure-v1,measure,1,80,3,3,1,2,64,64,64,64,0,1,1,255591,1018436,1274027,known,0,0,1,0,private,0,private,3276928,58990592,1,1,PASS
iq4nl-host-wall-runtime-measure-v1,measure,1,81,4,0,0,1,64,64,64,64,0,1,1,249339,1026110,1275449,known,0,0,1,0,generic,0,generic,3276928,58990592,1,1,PASS
iq4nl-host-wall-runtime-measure-v1,measure,1,82,4,1,1,0,64,64,64,64,0,1,1,302479,972741,1275220,known,0,0,1,0,private,0,private,3276928,58990592,1,1,PASS
iq4nl-host-wall-runtime-measure-v1,measure,1,83,4,2,3,1,64,64,64,64,0,1,1,235543,1129506,1365049,known,0,0,1,34,private,35,private,3276928,58990592,1,1,PASS
iq4nl-host-wall-runtime-measure-v1,measure,1,84,4,3,2,3,64,64,64,64,0,1,1,226587,1149643,1376230,known,0,0,1,34,generic,35,generic,3276928,58990592,1,1,PASS
iq4nl-host-wall-runtime-measure-v1,measure,1,85,5,0,1,2,64,64,64,64,0,1,1,358705,922285,1280990,known,0,0,1,0,private,0,private,3276928,58990592,1,1,PASS
iq4nl-host-wall-runtime-measure-v1,measure,1,86,5,1,2,1,64,64,64,64,0,1,1,359005,1041239,1400244,known,0,0,1,43,generic,44,generic,3276928,58990592,1,1,PASS
iq4nl-host-wall-runtime-measure-v1,measure,1,87,5,2,0,2,64,64,64,64,0,1,1,221597,1048903,1270500,known,0,0,1,0,generic,0,generic,3276928,58990592,1,1,PASS
iq4nl-host-wall-runtime-measure-v1,measure,1,88,5,3,3,0,64,64,64,64,0,1,1,279075,1085071,1364146,known,0,0,1,43,private,44,private,3276928,58990592,1,1,PASS
iq4nl-host-wall-runtime-measure-v1,measure,1,89,6,0,2,3,64,64,64,64,0,1,1,244390,1147649,1392039,known,0,0,1,52,generic,53,generic,3276928,58990592,1,1,PASS
iq4nl-host-wall-runtime-measure-v1,measure,1,90,6,1,3,2,64,64,64,64,0,1,1,325783,1048753,1374536,known,0,0,1,52,private,53,private,3276928,58990592,1,1,PASS
iq4nl-host-wall-runtime-measure-v1,measure,1,91,6,2,1,3,64,64,64,64,0,1,1,230243,1033935,1264178,known,0,0,1,0,private,0,private,3276928,58990592,1,1,PASS
iq4nl-host-wall-runtime-measure-v1,measure,1,92,6,3,0,1,64,64,64,64,0,1,1,254078,1032933,1287011,known,0,0,1,0,generic,0,generic,3276928,58990592,1,1,PASS
iq4nl-host-wall-runtime-measure-v1,measure,1,93,7,0,3,0,64,64,64,64,0,1,1,226375,1144513,1370888,known,0,0,1,61,private,62,private,3276928,58990592,1,1,PASS
iq4nl-host-wall-runtime-measure-v1,measure,1,94,7,1,0,3,64,64,64,64,0,1,1,371049,915782,1286831,known,0,0,1,0,generic,0,generic,3276928,58990592,1,1,PASS
iq4nl-host-wall-runtime-measure-v1,measure,1,95,7,2,2,0,64,64,64,64,0,1,1,269196,1120438,1389634,known,0,0,1,61,generic,62,generic,3276928,58990592,1,1,PASS
iq4nl-host-wall-runtime-measure-v1,measure,1,96,7,3,1,2,64,64,64,64,0,1,1,224322,1043453,1267775,known,0,0,1,0,private,0,private,3276928,58990592,1,1,PASS
iq4nl-host-wall-runtime-measure-v1-repeat2,measure,1,65,0,0,0,-1,64,64,64,64,0,1,1,284065,951640,1235705,known,0,0,1,0,generic,0,generic,3276928,58990592,1,1,PASS
iq4nl-host-wall-runtime-measure-v1-repeat2,measure,1,66,0,1,1,0,64,64,64,64,0,1,1,395754,885827,1281581,known,0,0,1,0,private,0,private,3276928,58990592,1,1,PASS
iq4nl-host-wall-runtime-measure-v1-repeat2,measure,1,67,0,2,3,1,64,64,64,64,0,1,1,233820,1143632,1377452,known,0,0,1,62,private,63,private,3276928,58990592,1,1,PASS
iq4nl-host-wall-runtime-measure-v1-repeat2,measure,1,68,0,3,2,3,64,64,64,64,0,1,1,244360,1132440,1376800,known,0,0,1,62,generic,63,generic,3276928,58990592,1,1,PASS
iq4nl-host-wall-runtime-measure-v1-repeat2,measure,1,69,1,0,1,2,64,64,64,64,0,1,1,222008,1029587,1251595,known,0,0,1,0,private,0,private,3276928,58990592,1,1,PASS
iq4nl-host-wall-runtime-measure-v1-repeat2,measure,1,70,1,1,2,1,64,64,64,64,0,1,1,220194,1150364,1370558,known,0,0,1,7,generic,8,generic,3276928,58990592,1,1,PASS
iq4nl-host-wall-runtime-measure-v1-repeat2,measure,1,71,1,2,0,2,64,64,64,64,0,1,1,206599,1045357,1251956,known,0,0,1,0,generic,0,generic,3276928,58990592,1,1,PASS
iq4nl-host-wall-runtime-measure-v1-repeat2,measure,1,72,1,3,3,0,64,64,64,64,0,1,1,204114,1153420,1357534,known,0,0,1,7,private,8,private,3276928,58990592,1,1,PASS
iq4nl-host-wall-runtime-measure-v1-repeat2,measure,1,73,2,0,2,3,64,64,64,64,0,1,1,233048,1129656,1362704,known,0,0,1,16,generic,17,generic,3276928,58990592,1,1,PASS
iq4nl-host-wall-runtime-measure-v1-repeat2,measure,1,74,2,1,3,2,64,64,64,64,0,1,1,208432,1126430,1334862,known,0,0,1,16,private,17,private,3276928,58990592,1,1,PASS
iq4nl-host-wall-runtime-measure-v1-repeat2,measure,1,75,2,2,1,3,64,64,64,64,0,1,1,204324,1040598,1244922,known,0,0,1,0,private,0,private,3276928,58990592,1,1,PASS
iq4nl-host-wall-runtime-measure-v1-repeat2,measure,1,76,2,3,0,1,64,64,64,64,0,1,1,223411,1039275,1262686,known,0,0,1,0,generic,0,generic,3276928,58990592,1,1,PASS
iq4nl-host-wall-runtime-measure-v1-repeat2,measure,1,77,3,0,3,0,64,64,64,64,0,1,1,257074,1094509,1351583,known,0,0,1,25,private,26,private,3276928,58990592,1,1,PASS
iq4nl-host-wall-runtime-measure-v1-repeat2,measure,1,78,3,1,0,3,64,64,64,64,0,1,1,210165,1042271,1252436,known,0,0,1,0,generic,0,generic,3276928,58990592,1,1,PASS
iq4nl-host-wall-runtime-measure-v1-repeat2,measure,1,79,3,2,2,0,64,64,64,64,0,1,1,246444,1101502,1347946,known,0,0,1,25,generic,26,generic,3276928,58990592,1,1,PASS
iq4nl-host-wall-runtime-measure-v1-repeat2,measure,1,80,3,3,1,2,64,64,64,64,0,1,1,218000,1029647,1247647,known,0,0,1,0,private,0,private,3276928,58990592,1,1,PASS
iq4nl-host-wall-runtime-measure-v1-repeat2,measure,1,81,4,0,0,1,64,64,64,64,0,1,1,285006,979583,1264589,known,0,0,1,0,generic,0,generic,3276928,58990592,1,1,PASS
iq4nl-host-wall-runtime-measure-v1-repeat2,measure,1,82,4,1,1,0,64,64,64,64,0,1,1,216017,1037471,1253488,known,0,0,1,0,private,0,private,3276928,58990592,1,1,PASS
iq4nl-host-wall-runtime-measure-v1-repeat2,measure,1,83,4,2,3,1,64,64,64,64,0,1,1,208322,1136749,1345071,known,0,0,1,34,private,35,private,3276928,58990592,1,1,PASS
iq4nl-host-wall-runtime-measure-v1-repeat2,measure,1,84,4,3,2,3,64,64,64,64,0,1,1,309933,1075424,1385357,known,0,0,1,34,generic,35,generic,3276928,58990592,1,1,PASS
iq4nl-host-wall-runtime-measure-v1-repeat2,measure,1,85,5,0,1,2,64,64,64,64,0,1,1,216818,1044655,1261473,known,0,0,1,0,private,0,private,3276928,58990592,1,1,PASS
iq4nl-host-wall-runtime-measure-v1-repeat2,measure,1,86,5,1,2,1,64,64,64,64,0,1,1,329099,1052981,1382080,known,0,0,1,43,generic,44,generic,3276928,58990592,1,1,PASS
iq4nl-host-wall-runtime-measure-v1-repeat2,measure,1,87,5,2,0,2,64,64,64,64,0,1,1,324250,948855,1273105,known,0,0,1,0,generic,0,generic,3276928,58990592,1,1,PASS
iq4nl-host-wall-runtime-measure-v1-repeat2,measure,1,88,5,3,3,0,64,64,64,64,0,1,1,218682,1138622,1357304,known,0,0,1,43,private,44,private,3276928,58990592,1,1,PASS
iq4nl-host-wall-runtime-measure-v1-repeat2,measure,1,89,6,0,2,3,64,64,64,64,0,1,1,232437,1144333,1376770,known,0,0,1,52,generic,53,generic,3276928,58990592,1,1,PASS
iq4nl-host-wall-runtime-measure-v1-repeat2,measure,1,90,6,1,3,2,64,64,64,64,0,1,1,257765,1108275,1366040,known,0,0,1,52,private,53,private,3276928,58990592,1,1,PASS
iq4nl-host-wall-runtime-measure-v1-repeat2,measure,1,91,6,2,1,3,64,64,64,64,0,1,1,325292,940098,1265390,known,0,0,1,0,private,0,private,3276928,58990592,1,1,PASS
iq4nl-host-wall-runtime-measure-v1-repeat2,measure,1,92,6,3,0,1,64,64,64,64,0,1,1,349738,921634,1271372,known,0,0,1,0,generic,0,generic,3276928,58990592,1,1,PASS
iq4nl-host-wall-runtime-measure-v1-repeat2,measure,1,93,7,0,3,0,64,64,64,64,0,1,1,224412,1144864,1369276,known,0,0,1,61,private,62,private,3276928,58990592,1,1,PASS
iq4nl-host-wall-runtime-measure-v1-repeat2,measure,1,94,7,1,0,3,64,64,64,64,0,1,1,233559,1045568,1279127,known,0,0,1,0,generic,0,generic,3276928,58990592,1,1,PASS
iq4nl-host-wall-runtime-measure-v1-repeat2,measure,1,95,7,2,2,0,64,64,64,64,0,1,1,231946,1154733,1386679,known,0,0,1,61,generic,62,generic,3276928,58990592,1,1,PASS
iq4nl-host-wall-runtime-measure-v1-repeat2,measure,1,96,7,3,1,2,64,64,64,64,0,1,1,227067,1041440,1268507,known,0,0,1,0,private,0,private,3276928,58990592,1,1,PASS
iq4nl-host-wall-runtime-measure-v1-repeat3,measure,1,65,0,0,0,-1,64,64,64,64,0,1,1,312137,934318,1246455,known,0,0,1,0,generic,0,generic,3276928,58990592,1,1,PASS
iq4nl-host-wall-runtime-measure-v1-repeat3,measure,1,66,0,1,1,0,64,64,64,64,0,1,1,444797,834550,1279347,known,0,0,1,0,private,0,private,3276928,58990592,1,1,PASS
iq4nl-host-wall-runtime-measure-v1-repeat3,measure,1,67,0,2,3,1,64,64,64,64,0,1,1,236846,1137330,1374176,known,0,0,1,62,private,63,private,3276928,58990592,1,1,PASS
iq4nl-host-wall-runtime-measure-v1-repeat3,measure,1,68,0,3,2,3,64,64,64,64,0,1,1,279667,1120858,1400525,known,0,0,1,62,generic,63,generic,3276928,58990592,1,1,PASS
iq4nl-host-wall-runtime-measure-v1-repeat3,measure,1,69,1,0,1,2,64,64,64,64,0,1,1,361941,915933,1277874,known,0,0,1,0,private,0,private,3276928,58990592,1,1,PASS
iq4nl-host-wall-runtime-measure-v1-repeat3,measure,1,70,1,1,2,1,64,64,64,64,0,1,1,242707,1156817,1399524,known,0,0,1,7,generic,8,generic,3276928,58990592,1,1,PASS
iq4nl-host-wall-runtime-measure-v1-repeat3,measure,1,71,1,2,0,2,64,64,64,64,0,1,1,237697,1043313,1281010,known,0,0,1,0,generic,0,generic,3276928,58990592,1,1,PASS
iq4nl-host-wall-runtime-measure-v1-repeat3,measure,1,72,1,3,3,0,64,64,64,64,0,1,1,228159,1139745,1367904,known,0,0,1,7,private,8,private,3276928,58990592,1,1,PASS
iq4nl-host-wall-runtime-measure-v1-repeat3,measure,1,73,2,0,2,3,64,64,64,64,0,1,1,244389,1132471,1376860,known,0,0,1,16,generic,17,generic,3276928,58990592,1,1,PASS
iq4nl-host-wall-runtime-measure-v1-repeat3,measure,1,74,2,1,3,2,64,64,64,64,0,1,1,234201,1123454,1357655,known,0,0,1,16,private,17,private,3276928,58990592,1,1,PASS
iq4nl-host-wall-runtime-measure-v1-repeat3,measure,1,75,2,2,1,3,64,64,64,64,0,1,1,366459,913569,1280028,known,0,0,1,0,private,0,private,3276928,58990592,1,1,PASS
iq4nl-host-wall-runtime-measure-v1-repeat3,measure,1,76,2,3,0,1,64,64,64,64,0,1,1,388440,905083,1293523,known,0,0,1,0,generic,0,generic,3276928,58990592,1,1,PASS
iq4nl-host-wall-runtime-measure-v1-repeat3,measure,1,77,3,0,3,0,64,64,64,64,0,1,1,251403,1107423,1358826,known,0,0,1,25,private,26,private,3276928,58990592,1,1,PASS
iq4nl-host-wall-runtime-measure-v1-repeat3,measure,1,78,3,1,0,3,64,64,64,64,0,1,1,251353,1028635,1279988,known,0,0,1,0,generic,0,generic,3276928,58990592,1,1,PASS
iq4nl-host-wall-runtime-measure-v1-repeat3,measure,1,79,3,2,2,0,64,64,64,64,0,1,1,249129,1124816,1373945,known,0,0,1,25,generic,26,generic,3276928,58990592,1,1,PASS
iq4nl-host-wall-runtime-measure-v1-repeat3,measure,1,80,3,3,1,2,64,64,64,64,0,1,1,240703,1026080,1266783,known,0,0,1,0,private,0,private,3276928,58990592,1,1,PASS
iq4nl-host-wall-runtime-measure-v1-repeat3,measure,1,81,4,0,0,1,64,64,64,64,0,1,1,243990,1036159,1280149,known,0,0,1,0,generic,0,generic,3276928,58990592,1,1,PASS
iq4nl-host-wall-runtime-measure-v1-repeat3,measure,1,82,4,1,1,0,64,64,64,64,0,1,1,244059,1020661,1264720,known,0,0,1,0,private,0,private,3276928,58990592,1,1,PASS
iq4nl-host-wall-runtime-measure-v1-repeat3,measure,1,83,4,2,3,1,64,64,64,64,0,1,1,353455,1029688,1383143,known,0,0,1,34,private,35,private,3276928,58990592,1,1,PASS
iq4nl-host-wall-runtime-measure-v1-repeat3,measure,1,84,4,3,2,3,64,64,64,64,0,1,1,342074,1040327,1382401,known,0,0,1,34,generic,35,generic,3276928,58990592,1,1,PASS
iq4nl-host-wall-runtime-measure-v1-repeat3,measure,1,85,5,0,1,2,64,64,64,64,0,1,1,291578,982739,1274317,known,0,0,1,0,private,0,private,3276928,58990592,1,1,PASS
iq4nl-host-wall-runtime-measure-v1-repeat3,measure,1,86,5,1,2,1,64,64,64,64,0,1,1,246163,1140646,1386809,known,0,0,1,43,generic,44,generic,3276928,58990592,1,1,PASS
iq4nl-host-wall-runtime-measure-v1-repeat3,measure,1,87,5,2,0,2,64,64,64,64,0,1,1,228059,1044696,1272755,known,0,0,1,0,generic,0,generic,3276928,58990592,1,1,PASS
iq4nl-host-wall-runtime-measure-v1-repeat3,measure,1,88,5,3,3,0,64,64,64,64,0,1,1,233099,1141587,1374686,known,0,0,1,43,private,44,private,3276928,58990592,1,1,PASS
iq4nl-host-wall-runtime-measure-v1-repeat3,measure,1,89,6,0,2,3,64,64,64,64,0,1,1,346632,1049856,1396488,known,0,0,1,52,generic,53,generic,3276928,58990592,1,1,PASS
iq4nl-host-wall-runtime-measure-v1-repeat3,measure,1,90,6,1,3,2,64,64,64,64,0,1,1,237998,1131880,1369878,known,0,0,1,52,private,53,private,3276928,58990592,1,1,PASS
iq4nl-host-wall-runtime-measure-v1-repeat3,measure,1,91,6,2,1,3,64,64,64,64,0,1,1,225684,1046900,1272584,known,0,0,1,0,private,0,private,3276928,58990592,1,1,PASS
iq4nl-host-wall-runtime-measure-v1-repeat3,measure,1,92,6,3,0,1,64,64,64,64,0,1,1,226436,1047531,1273967,known,0,0,1,0,generic,0,generic,3276928,58990592,1,1,PASS
iq4nl-host-wall-runtime-measure-v1-repeat3,measure,1,93,7,0,3,0,64,64,64,64,0,1,1,228690,1141057,1369747,known,0,0,1,61,private,62,private,3276928,58990592,1,1,PASS
iq4nl-host-wall-runtime-measure-v1-repeat3,measure,1,94,7,1,0,3,64,64,64,64,0,1,1,259398,1028665,1288063,known,0,0,1,0,generic,0,generic,3276928,58990592,1,1,PASS
iq4nl-host-wall-runtime-measure-v1-repeat3,measure,1,95,7,2,2,0,64,64,64,64,0,1,1,232427,1150384,1382811,known,0,0,1,61,generic,62,generic,3276928,58990592,1,1,PASS
iq4nl-host-wall-runtime-measure-v1-repeat3,measure,1,96,7,3,1,2,64,64,64,64,0,1,1,249108,1009419,1258527,known,0,0,1,0,private,0,private,3276928,58990592,1,1,PASS
