version,quant,mode,status,input_tokens,output_tokens,prompt_ms,decode_ms,decode_tok_s,effective_tok_s,total_seconds,ttft_seconds,drafts_accepted,drafts_offered,function_check
v0.1.39,q4,mtp,completed,8192,512,3023.1,2096.4,244.22820072505246,100.00976657876745,5.120981534011662,3.0323970660101622,346,424,True
v0.1.40,q4,mtp,completed,8192,512,3034.6,1987.7,257.5841424762288,101.945323855604,5.023843814036809,3.0434761680080555,346,424,True
v0.1.39,q4,nomtp,completed,8192,512,3017.2,4321.1,118.48834787438383,69.77092787157788,7.339608484006021,3.026381294010207,0,0,True
v0.1.40,q4,nomtp,completed,8192,512,3114.9,3940.9,129.91956152147986,72.5644150911307,7.056828702974599,3.123662938014604,0,0,True
v0.1.39,q8,mtp,unsupported_ple,,,,,,,,,,,
v0.1.40,q8,mtp,completed,8192,512,12812.5,3650.9,140.23939302637706,31.09928690306984,16.46484855300514,12.823111690988299,358,414,True
v0.1.39,q8,nomtp,unsupported_ple,,,,,,,,,,,
v0.1.40,q8,nomtp,completed,8192,512,12789.8,6197.8,82.60995837232566,26.964966609787442,18.98879869899247,12.800703565008007,0,0,True
v0.1.40,q4,ngram,completed,8192,512,2990.4,3825.4,133.8422125790767,75.1195751049033,6.816909138055053,2.9992729180376045,33,109,True
v0.1.40,q4,mtp-ngram,completed,8192,512,3016.9,2004.5,255.42529309054626,101.9635958099335,5.022843331971671,3.0257060030126013,347,437,True
v0.1.40,q8,ngram,completed,8192,512,12782.4,6271.9,81.633954623001,26.870575145767624,19.055569492047653,12.79665108100744,6,36,True
v0.1.40,q8,mtp-ngram,completed,8192,512,12760.8,3827.0,133.78625555265222,30.866058187342507,16.58924326102715,12.77583693905035,348,430,True
