ENV,STRATA_FORCE_ISA,<unset>
ENV,STRATA_FORCE_AVX2,<unset>
ENV,STRATA_NO_AVXVNNI,<unset>
ENV,STRATA_NO_Q8K_AVX2,<unset>
ENV,STRATA_IQ_MT_MIN,<unset>
ENV,STRATA_IQ3S_MT1,<unset>
ENV,STRATA_IQ_PREFETCH,<unset>
ENV,STRATA_NO_IQ512,<unset>
ENV,STRATA_NO_IQ256,<unset>
ENV,STRATA_NO_IQ4NL,<unset>
ENV,STRATA_KQ256,<unset>
ENV,STRATA_IQ256_GATHER,<unset>
ENV,STRATA_Q2_BITPLANE,<unset>
ENV,STRATA_POOL_SPIN_US,<unset>
ENV,STRATA_HOST_CORE,<unset>
ENV,STRATA_NATIVE_DISPATCH_HISTOGRAM,<unset>
META,cohort_fnv,2097728330820092091
META,scope,streaming_CPU_cell_not_end_to_end_or_adoption
META,GU,22
META,Down,20
META,NT,1
META,tasks,0
META,batch_jobs,6
META,seed,2026101001
META,rng,splitmix64_modulo_fisher_yates_v1
META,input_formula,((i*37+layer*11+token*101)%509-254)/257.0f
META,input_quant,outside_service_intervals_once_per_layer_token
META,cpu,AMD Ryzen 5 5600X 6-Core Processor
META,owned_blob_bytes,756940800
META,ggml_GU_maxabs,0
META,ggml_Down_maxabs,0
META,q2_avxvnni,1
META,iq_avxvnni,0
META,iq2s_gcc,off
META,precision,IntelLLVM_precise
WORKING_SET,0,201523200,176947200
WORKING_SET,1,201523200,176947200
PLACEMENT,planned_host,0,0
PLACEMENT,planned_worker,0,1
PLACEMENT,planned_worker,1,2
PLACEMENT,planned_worker,2,3
PLACEMENT,planned_worker,3,4
PLACEMENT,planned_worker,4,5
ROUTE,0,0
ROUND,cohort,arm,round,GU,Down,NT,tasks,batch_jobs,batches,logical_jobs,order_fnv,outer_ms,pool_GU_ms,pool_Q_ms,pool_Down_ms,output_fnv,host_cpu
TASK_PLAN,18,18
PLACEMENT,observed_allowed_list,0,2879831,	0
PLACEMENT,observed_allowed_list,0,2880005,	0
PLACEMENT,observed_allowed_list,0,2880006,	0
PLACEMENT,observed_allowed_list,0,2880007,	0
PLACEMENT,observed_allowed_list,0,2880008,	0
PLACEMENT,observed_allowed_list,0,2880009,	0
META,arm_order,round_rotated_GU_Q_Down_Full_Pool_seed_mod5
WARMUP,0,FFquant,-3,22,20,1,0,1,192,192,5730727996631343333,0.057757999999999997,0,0,0,16911752292001913090,0
WARMUP,0,Down,-3,22,20,1,0,1,192,192,5730727996631343333,45.599440000000001,0,0,0,10066225204439163804,0
WARMUP,0,direct_complete,-3,22,20,1,0,1,192,192,5730727996631343333,55.721702999999998,0,0,0,10066225204439163804,0
WARMUP,0,pool,-3,22,20,1,0,6,32,192,5730727996631343333,291.342896,274.75534200000004,0.05559200000000003,16.518954000000036,10066225204439163804,0
WARMUP,0,GU,-3,22,20,1,0,1,192,192,5730727996631343333,49.918669999999999,0,0,0,16911752292001913090,0
WARMUP,0,Down,-2,22,20,1,0,1,192,192,12588276800611172869,14.867063999999999,0,0,0,11914638713231325422,0
WARMUP,0,direct_complete,-2,22,20,1,0,1,192,192,12588276800611172869,52.769486999999998,0,0,0,11914638713231325422,0
WARMUP,0,pool,-2,22,20,1,0,6,32,192,12588276800611172869,301.97057999999998,271.057053,0.05422400000000005,30.847142999999988,11914638713231325422,0
WARMUP,0,GU,-2,22,20,1,0,1,192,192,12588276800611172869,54.619138,0,0,0,14430140451270943524,0
WARMUP,0,FFquant,-2,22,20,1,0,1,192,192,12588276800611172869,0.064211000000000004,0,0,0,14430140451270943524,0
WARMUP,0,direct_complete,-1,22,20,1,0,1,192,192,17848514189612397605,56.503334000000002,0,0,0,2755216933540856942,0
WARMUP,0,pool,-1,22,20,1,0,6,32,192,17848514189612397605,300.54019899999997,270.02343899999983,0.061554999999999915,30.440591000000154,2755216933540856942,0
WARMUP,0,GU,-1,22,20,1,0,1,192,192,17848514189612397605,38.632387000000001,0,0,0,17371535159704548206,0
WARMUP,0,FFquant,-1,22,20,1,0,1,192,192,17848514189612397605,0.064601000000000006,0,0,0,17371535159704548206,0
WARMUP,0,Down,-1,22,20,1,0,1,192,192,17848514189612397605,17.419228,0,0,0,2755216933540856942,0
ROUND,0,pool,0,22,20,1,0,6,32,192,17577889266241587989,294.66782599999999,262.59091300000023,0.062893000000000088,32.000847999999849,1441767261540255450,0
ROUND,0,GU,0,22,20,1,0,1,192,192,17577889266241587989,50.821779999999997,0,0,0,4492907232194854190,0
ROUND,0,FFquant,0,22,20,1,0,1,192,192,17577889266241587989,0.041667999999999997,0,0,0,4492907232194854190,0
ROUND,0,Down,0,22,20,1,0,1,192,192,17577889266241587989,17.865839000000001,0,0,0,1441767261540255450,0
ROUND,0,direct_complete,0,22,20,1,0,1,192,192,17577889266241587989,58.179259999999999,0,0,0,1441767261540255450,0
ROUND,0,GU,1,22,20,1,0,1,192,192,6819915567463546741,35.353054,0,0,0,17442532271283584386,0
ROUND,0,FFquant,1,22,20,1,0,1,192,192,6819915567463546741,0.024055,0,0,0,17442532271283584386,0
ROUND,0,Down,1,22,20,1,0,1,192,192,6819915567463546741,16.113861,0,0,0,1092579191472901608,0
ROUND,0,direct_complete,1,22,20,1,0,1,192,192,6819915567463546741,58.963605999999999,0,0,0,1092579191472901608,0
ROUND,0,pool,1,22,20,1,0,6,32,192,6819915567463546741,293.21005100000002,213.18982300000062,0.05101400000000017,79.95563199999998,1092579191472901608,0
ROUND,0,FFquant,2,22,20,1,0,1,192,192,9070792987767512549,0.047549000000000001,0,0,0,11197782548588137622,0
ROUND,0,Down,2,22,20,1,0,1,192,192,9070792987767512549,29.450043000000001,0,0,0,2443734127936890242,0
ROUND,0,direct_complete,2,22,20,1,0,1,192,192,9070792987767512549,53.355429999999998,0,0,0,2443734127936890242,0
ROUND,0,pool,2,22,20,1,0,6,32,192,9070792987767512549,283.59228000000002,190.37383700000032,0.046887000000000234,78.146274000000233,2443734127936890242,0
ROUND,0,GU,2,22,20,1,0,1,192,192,9070792987767512549,49.704948000000002,0,0,0,11197782548588137622,0
ROUND,0,Down,3,22,20,1,0,1,192,192,3418638503384185477,15.646400999999999,0,0,0,9820727324754038014,0
ROUND,0,direct_complete,3,22,20,1,0,1,192,192,3418638503384185477,51.938212999999998,0,0,0,9820727324754038014,0
ROUND,0,pool,3,22,20,1,0,6,32,192,3418638503384185477,289.560473,254.72719599999982,0.052262999999999948,34.768644000000108,9820727324754038014,0
ROUND,0,GU,3,22,20,1,0,1,192,192,3418638503384185477,54.755364999999998,0,0,0,570790812069302170,0
ROUND,0,FFquant,3,22,20,1,0,1,192,192,3418638503384185477,0.023584000000000001,0,0,0,570790812069302170,0
ROUND,0,direct_complete,4,22,20,1,0,1,192,192,3158728974108951525,51.942911000000002,0,0,0,12378178687428222626,0
ROUND,0,pool,4,22,20,1,0,6,32,192,3158728974108951525,278.19814700000001,262.83305399999972,0.057420000000000027,15.294830000000161,12378178687428222626,0
ROUND,0,GU,4,22,20,1,0,1,192,192,3158728974108951525,50.615212,0,0,0,1540021120488262510,0
ROUND,0,FFquant,4,22,20,1,0,1,192,192,3158728974108951525,0.067066000000000001,0,0,0,1540021120488262510,0
ROUND,0,Down,4,22,20,1,0,1,192,192,3158728974108951525,17.250499999999999,0,0,0,12378178687428222626,0
ROUND,0,pool,5,22,20,1,0,6,32,192,5238046076134452421,298.53111899999999,266.21717699999908,0.068525000000000058,32.228134000000068,15303572286882289146,0
ROUND,0,GU,5,22,20,1,0,1,192,192,5238046076134452421,50.829194000000001,0,0,0,12909037652109679868,0
ROUND,0,FFquant,5,22,20,1,0,1,192,192,5238046076134452421,0.032391000000000003,0,0,0,12909037652109679868,0
ROUND,0,Down,5,22,20,1,0,1,192,192,5238046076134452421,16.010446000000002,0,0,0,15303572286882289146,0
ROUND,0,direct_complete,5,22,20,1,0,1,192,192,5238046076134452421,54.010993999999997,0,0,0,15303572286882289146,0
ROUND,0,GU,6,22,20,1,0,1,192,192,7855632846001937749,41.637393000000003,0,0,0,12379248972880101772,0
ROUND,0,FFquant,6,22,20,1,0,1,192,192,7855632846001937749,0.036218,0,0,0,12379248972880101772,0
ROUND,0,Down,6,22,20,1,0,1,192,192,7855632846001937749,15.885902,0,0,0,10431223742179790300,0
ROUND,0,direct_complete,6,22,20,1,0,1,192,192,7855632846001937749,57.088687,0,0,0,10431223742179790300,0
ROUND,0,pool,6,22,20,1,0,6,32,192,7855632846001937749,283.60767900000002,264.74981099999741,0.053390999999999744,18.792332999999985,10431223742179790300,0
ROUND,0,FFquant,7,22,20,1,0,1,192,192,17408574434803560277,0.035076000000000003,0,0,0,2549096479475958896,0
ROUND,0,Down,7,22,20,1,0,1,192,192,17408574434803560277,15.442938,0,0,0,13610261247138729960,0
ROUND,0,direct_complete,7,22,20,1,0,1,192,192,17408574434803560277,50.794820000000001,0,0,0,13610261247138729960,0
ROUND,0,pool,7,22,20,1,0,6,32,192,17408574434803560277,281.79922499999998,262.53798199999801,0.054685999999999679,19.192839000000163,13610261247138729960,0
ROUND,0,GU,7,22,20,1,0,1,192,192,17408574434803560277,52.213039999999999,0,0,0,2549096479475958896,0
ROUND,0,Down,8,22,20,1,0,1,192,192,11767676694405358277,15.853811,0,0,0,16134300967392275958,0
ROUND,0,direct_complete,8,22,20,1,0,1,192,192,11767676694405358277,51.729500000000002,0,0,0,16134300967392275958,0
ROUND,0,pool,8,22,20,1,0,6,32,192,11767676694405358277,272.22965299999998,131.63627700000006,0.039221999999999757,140.54110099999968,16134300967392275958,0
ROUND,0,GU,8,22,20,1,0,1,192,192,11767676694405358277,50.158833000000001,0,0,0,1407258458623209318,0
ROUND,0,FFquant,8,22,20,1,0,1,192,192,11767676694405358277,0.058259999999999999,0,0,0,1407258458623209318,0
ROUND,0,direct_complete,9,22,20,1,0,1,192,192,2579496457003620005,53.193824999999997,0,0,0,8272569591115390664,0
ROUND,0,pool,9,22,20,1,0,6,32,192,2579496457003620005,285.00079199999999,266.81449499999962,0.057757000000000058,18.114281999999889,8272569591115390664,0
ROUND,0,GU,9,22,20,1,0,1,192,192,2579496457003620005,49.137670999999997,0,0,0,16809676725379355382,0
ROUND,0,FFquant,9,22,20,1,0,1,192,192,2579496457003620005,0.023996,0,0,0,16809676725379355382,0
ROUND,0,Down,9,22,20,1,0,1,192,192,2579496457003620005,15.752621,0,0,0,8272569591115390664,0
ROUND,0,pool,10,22,20,1,0,6,32,192,1015246530136161813,314.64026100000001,188.00098699999899,0.051895000000000024,126.57356399999992,2842501765813329496,0
ROUND,0,GU,10,22,20,1,0,1,192,192,1015246530136161813,53.975226999999997,0,0,0,2991481122274505250,0
ROUND,0,FFquant,10,22,20,1,0,1,192,192,1015246530136161813,0.025968999999999999,0,0,0,2991481122274505250,0
ROUND,0,Down,10,22,20,1,0,1,192,192,1015246530136161813,15.515014000000001,0,0,0,2842501765813329496,0
ROUND,0,direct_complete,10,22,20,1,0,1,192,192,1015246530136161813,52.583938000000003,0,0,0,2842501765813329496,0
ROUND,0,GU,11,22,20,1,0,1,192,192,3699784510108755621,40.153851000000003,0,0,0,13985431648944299486,0
ROUND,0,FFquant,11,22,20,1,0,1,192,192,3699784510108755621,0.039142999999999997,0,0,0,13985431648944299486,0
ROUND,0,Down,11,22,20,1,0,1,192,192,3699784510108755621,15.595435,0,0,0,3719312466747606334,0
ROUND,0,direct_complete,11,22,20,1,0,1,192,192,3699784510108755621,55.615504000000001,0,0,0,3719312466747606334,0
ROUND,0,pool,11,22,20,1,0,6,32,192,3699784510108755621,287.71823699999999,272.29115399999955,0.046112999999999738,15.369450999999685,3719312466747606334,0
ROUND,0,FFquant,12,22,20,1,0,1,192,192,5358050223052641829,0.036158000000000003,0,0,0,519968792333337928,0
ROUND,0,Down,12,22,20,1,0,1,192,192,5358050223052641829,15.269041,0,0,0,15874694915863098482,0
ROUND,0,direct_complete,12,22,20,1,0,1,192,192,5358050223052641829,50.665917,0,0,0,15874694915863098482,0
ROUND,0,pool,12,22,20,1,0,6,32,192,5358050223052641829,304.14067999999997,227.59790600000042,0.053191000000000099,76.476989000000003,15874694915863098482,0
ROUND,0,GU,12,22,20,1,0,1,192,192,5358050223052641829,48.682082999999999,0,0,0,519968792333337928,0
ROUND,0,Down,13,22,20,1,0,1,192,192,10001558277431985573,16.549479999999999,0,0,0,16882289217064821076,0
ROUND,0,direct_complete,13,22,20,1,0,1,192,192,10001558277431985573,56.554462000000001,0,0,0,16882289217064821076,0
ROUND,0,pool,13,22,20,1,0,6,32,192,10001558277431985573,290.73830199999998,258.57460300000093,0.064755000000000118,32.084259000000088,16882289217064821076,0
ROUND,0,GU,13,22,20,1,0,1,192,192,10001558277431985573,51.365634,0,0,0,2018888188252129688,0
ROUND,0,FFquant,13,22,20,1,0,1,192,192,10001558277431985573,0.025588,0,0,0,2018888188252129688,0
ROUND,0,direct_complete,14,22,20,1,0,1,192,192,14164076808956469109,55.523010999999997,0,0,0,10532916016205669080,0
ROUND,0,pool,14,22,20,1,0,6,32,192,14164076808956469109,308.21486900000002,246.14577499999996,0.062000000000000055,61.991372000000183,10532916016205669080,0
ROUND,0,GU,14,22,20,1,0,1,192,192,14164076808956469109,48.666013999999997,0,0,0,13524226718136129612,0
ROUND,0,FFquant,14,22,20,1,0,1,192,192,14164076808956469109,0.025909000000000001,0,0,0,13524226718136129612,0
ROUND,0,Down,14,22,20,1,0,1,192,192,14164076808956469109,17.154319000000001,0,0,0,10532916016205669080,0
ROUND,0,pool,15,22,20,1,0,6,32,192,4810395860698642405,300.502993,253.46396200000072,0.061207000000000233,46.962124000000813,7109500976263192112,0
ROUND,0,GU,15,22,20,1,0,1,192,192,4810395860698642405,46.369610999999999,0,0,0,10061423948929661552,0
ROUND,0,FFquant,15,22,20,1,0,1,192,192,4810395860698642405,0.024326,0,0,0,10061423948929661552,0
ROUND,0,Down,15,22,20,1,0,1,192,192,4810395860698642405,17.247824999999999,0,0,0,7109500976263192112,0
ROUND,0,direct_complete,15,22,20,1,0,1,192,192,4810395860698642405,54.204208000000001,0,0,0,7109500976263192112,0
ROUND,0,GU,16,22,20,1,0,1,192,192,14899807261772958533,36.778517999999998,0,0,0,1918370195655291094,0
ROUND,0,FFquant,16,22,20,1,0,1,192,192,14899807261772958533,0.033012,0,0,0,1918370195655291094,0
ROUND,0,Down,16,22,20,1,0,1,192,192,14899807261772958533,16.709952999999999,0,0,0,17078612653852309278,0
ROUND,0,direct_complete,16,22,20,1,0,1,192,192,14899807261772958533,54.819156,0,0,0,17078612653852309278,0
ROUND,0,pool,16,22,20,1,0,6,32,192,14899807261772958533,287.40691199999998,203.06026100000236,0.039740000000000553,84.293747999999596,17078612653852309278,0
ROUND,0,FFquant,17,22,20,1,0,1,192,192,9848435200608611237,0.057086999999999999,0,0,0,2363459790244062256,0
ROUND,0,Down,17,22,20,1,0,1,192,192,9848435200608611237,15.482843000000001,0,0,0,675037030219898158,0
ROUND,0,direct_complete,17,22,20,1,0,1,192,192,9848435200608611237,52.582394999999998,0,0,0,675037030219898158,0
ROUND,0,pool,17,22,20,1,0,6,32,192,9848435200608611237,290.59291899999999,271.46518699999797,0.054602999999999735,19.061597999999776,675037030219898158,0
ROUND,0,GU,17,22,20,1,0,1,192,192,9848435200608611237,46.097769999999997,0,0,0,2363459790244062256,0
ROUND,0,Down,18,22,20,1,0,1,192,192,1430962063546157541,15.82682,0,0,0,3624138621267938488,0
ROUND,0,direct_complete,18,22,20,1,0,1,192,192,1430962063546157541,57.603647000000002,0,0,0,3624138621267938488,0
ROUND,0,pool,18,22,20,1,0,6,32,192,1430962063546157541,283.77905500000003,251.07153799999924,0.056737000000000037,32.63762200000042,3624138621267938488,0
ROUND,0,GU,18,22,20,1,0,1,192,192,1430962063546157541,53.792062000000001,0,0,0,3147440016536766328,0
ROUND,0,FFquant,18,22,20,1,0,1,192,192,1430962063546157541,0.063108999999999998,0,0,0,3147440016536766328,0
ROUND,0,direct_complete,19,22,20,1,0,1,192,192,3451287162586502229,64.250708000000003,0,0,0,10478958125523053574,0
ROUND,0,pool,19,22,20,1,0,6,32,192,3451287162586502229,295.36651499999999,246.39643700000033,0.060643999999999698,48.894072000000051,10478958125523053574,0
ROUND,0,GU,19,22,20,1,0,1,192,192,3451287162586502229,48.749921000000001,0,0,0,993831023507962458,0
ROUND,0,FFquant,19,22,20,1,0,1,192,192,3451287162586502229,0.024686,0,0,0,993831023507962458,0
ROUND,0,Down,19,22,20,1,0,1,192,192,3451287162586502229,16.415149,0,0,0,10478958125523053574,0
ROUND,0,pool,20,22,20,1,0,6,32,192,4363639309537596373,298.54609099999999,130.61111900000014,0.051301999999999515,167.86862900000051,10502291090354446474,0
ROUND,0,GU,20,22,20,1,0,1,192,192,4363639309537596373,45.825206999999999,0,0,0,14834849231638257016,0
ROUND,0,FFquant,20,22,20,1,0,1,192,192,4363639309537596373,0.023254,0,0,0,14834849231638257016,0
ROUND,0,Down,20,22,20,1,0,1,192,192,4363639309537596373,15.010814999999999,0,0,0,10502291090354446474,0
ROUND,0,direct_complete,20,22,20,1,0,1,192,192,4363639309537596373,56.929057,0,0,0,10502291090354446474,0
ROUND,0,GU,21,22,20,1,0,1,192,192,12063798694680102997,34.883961999999997,0,0,0,6764907320134091156,0
ROUND,0,FFquant,21,22,20,1,0,1,192,192,12063798694680102997,0.022973,0,0,0,6764907320134091156,0
ROUND,0,Down,21,22,20,1,0,1,192,192,12063798694680102997,15.434331999999999,0,0,0,13388545703641693598,0
ROUND,0,direct_complete,21,22,20,1,0,1,192,192,12063798694680102997,50.587069,0,0,0,13388545703641693598,0
ROUND,0,pool,21,22,20,1,0,6,32,192,12063798694680102997,295.85677900000002,204.44561700000122,0.048783000000000243,91.349677000000156,13388545703641693598,0
ROUND,0,FFquant,22,22,20,1,0,1,192,192,16493204707309783893,0.043861999999999998,0,0,0,17805039026784538834,0
ROUND,0,Down,22,22,20,1,0,1,192,192,16493204707309783893,26.517783999999999,0,0,0,10130709655761089636,0
ROUND,0,direct_complete,22,22,20,1,0,1,192,192,16493204707309783893,56.346420000000002,0,0,0,10130709655761089636,0
ROUND,0,pool,22,22,20,1,0,6,32,192,16493204707309783893,311.09480200000002,220.77918900000168,0.055753000000000608,90.245269000000008,10130709655761089636,0
ROUND,0,GU,22,22,20,1,0,1,192,192,16493204707309783893,50.319366000000002,0,0,0,17805039026784538834,0
ROUND,0,Down,23,22,20,1,0,1,192,192,6257240545026399621,15.654055,0,0,0,10215507493261547332,0
ROUND,0,direct_complete,23,22,20,1,0,1,192,192,6257240545026399621,51.780566999999998,0,0,0,10215507493261547332,0
ROUND,0,pool,23,22,20,1,0,6,32,192,6257240545026399621,334.03480200000001,242.46766600000046,0.07051099999999999,91.480424999999741,10215507493261547332,0
ROUND,0,GU,23,22,20,1,0,1,192,192,6257240545026399621,50.338481999999999,0,0,0,13509815011884112990,0
ROUND,0,FFquant,23,22,20,1,0,1,192,192,6257240545026399621,0.024215,0,0,0,13509815011884112990,0
ROUND,0,direct_complete,24,22,20,1,0,1,192,192,11966602076334235029,70.451660000000004,0,0,0,4264529470282514892,0
ROUND,0,pool,24,22,20,1,0,6,32,192,11966602076334235029,325.70754799999997,244.55345199999829,0.065722999999999088,81.072349999999915,4264529470282514892,0
ROUND,0,GU,24,22,20,1,0,1,192,192,11966602076334235029,38.444944999999997,0,0,0,8432234248026620068,0
ROUND,0,FFquant,24,22,20,1,0,1,192,192,11966602076334235029,0.058349999999999999,0,0,0,8432234248026620068,0
ROUND,0,Down,24,22,20,1,0,1,192,192,11966602076334235029,15.018840000000001,0,0,0,4264529470282514892,0
WARMUP,1,FFquant,-3,22,20,1,0,1,192,192,7544061286299855997,0.038994000000000001,0,0,0,8835880897466386132,0
WARMUP,1,Down,-3,22,20,1,0,1,192,192,7544061286299855997,15.360884,0,0,0,3413669256665515239,0
WARMUP,1,direct_complete,-3,22,20,1,0,1,192,192,7544061286299855997,59.300851999999999,0,0,0,3413669256665515239,0
WARMUP,1,pool,-3,22,20,1,0,6,32,192,7544061286299855997,287.95571799999999,271.9835149999999,0.058678999999999926,15.899978999999803,3413669256665515239,0
WARMUP,1,GU,-3,22,20,1,0,1,192,192,7544061286299855997,48.997599000000001,0,0,0,8835880897466386132,0
WARMUP,1,Down,-2,22,20,1,0,1,192,192,9938063723775347693,15.562122,0,0,0,11713588257321749147,0
WARMUP,1,direct_complete,-2,22,20,1,0,1,192,192,9938063723775347693,52.185147999999998,0,0,0,11713588257321749147,0
WARMUP,1,pool,-2,22,20,1,0,6,32,192,9938063723775347693,301.86640299999999,252.42569800000092,0.063040999999999903,49.362927999999783,11713588257321749147,0
WARMUP,1,GU,-2,22,20,1,0,1,192,192,9938063723775347693,37.485579000000001,0,0,0,15888952676974066778,0
WARMUP,1,FFquant,-2,22,20,1,0,1,192,192,9938063723775347693,0.030256999999999999,0,0,0,15888952676974066778,0
WARMUP,1,direct_complete,-1,22,20,1,0,1,192,192,4352866321636406045,60.077052999999999,0,0,0,5400691915626774165,0
WARMUP,1,pool,-1,22,20,1,0,6,32,192,4352866321636406045,309.13419299999998,247.86230500000056,0.061639999999999473,61.194185000000061,5400691915626774165,0
WARMUP,1,GU,-1,22,20,1,0,1,192,192,4352866321636406045,46.902434,0,0,0,16695970820086208066,0
WARMUP,1,FFquant,-1,22,20,1,0,1,192,192,4352866321636406045,0.023664000000000001,0,0,0,16695970820086208066,0
WARMUP,1,Down,-1,22,20,1,0,1,192,192,4352866321636406045,18.877834,0,0,0,5400691915626774165,0
ROUND,1,pool,0,22,20,1,0,6,32,192,4149381446078547445,300.42166300000002,206.54988799999865,0.054350000000000342,93.803489000000127,14549077414678783501,0
ROUND,1,GU,0,22,20,1,0,1,192,192,4149381446078547445,44.691372000000001,0,0,0,1798184198185130232,0
ROUND,1,FFquant,0,22,20,1,0,1,192,192,4149381446078547445,0.024295000000000001,0,0,0,1798184198185130232,0
ROUND,1,Down,0,22,20,1,0,1,192,192,4149381446078547445,15.187588,0,0,0,14549077414678783501,0
ROUND,1,direct_complete,0,22,20,1,0,1,192,192,4149381446078547445,50.824897,0,0,0,14549077414678783501,0
ROUND,1,GU,1,22,20,1,0,1,192,192,8992594831358529389,36.256847,0,0,0,3773632599440707270,0
ROUND,1,FFquant,1,22,20,1,0,1,192,192,8992594831358529389,0.022953000000000001,0,0,0,3773632599440707270,0
ROUND,1,Down,1,22,20,1,0,1,192,192,8992594831358529389,17.047367000000001,0,0,0,10549893164473326951,0
ROUND,1,direct_complete,1,22,20,1,0,1,192,192,8992594831358529389,58.331698000000003,0,0,0,10549893164473326951,0
ROUND,1,pool,1,22,20,1,0,6,32,192,8992594831358529389,295.17369500000001,264.12685500000225,0.060271999999999659,30.97107700000106,10549893164473326951,0
ROUND,1,FFquant,2,22,20,1,0,1,192,192,11657546232317935917,0.035375999999999998,0,0,0,6346254192900512492,0
ROUND,1,Down,2,22,20,1,0,1,192,192,11657546232317935917,16.207698000000001,0,0,0,11846842584383905941,0
ROUND,1,direct_complete,2,22,20,1,0,1,192,192,11657546232317935917,53.81711,0,0,0,11846842584383905941,0
ROUND,1,pool,2,22,20,1,0,6,32,192,11657546232317935917,305.840373,283.41965300000265,0.05684599999999973,22.350569999999152,11846842584383905941,0
ROUND,1,GU,2,22,20,1,0,1,192,192,11657546232317935917,54.880121000000003,0,0,0,6346254192900512492,0
ROUND,1,Down,3,22,20,1,0,1,192,192,17254220895756959717,16.570841000000001,0,0,0,14613062777792463701,0
ROUND,1,direct_complete,3,22,20,1,0,1,192,192,17254220895756959717,60.592162999999999,0,0,0,14613062777792463701,0
ROUND,1,pool,3,22,20,1,0,6,32,192,17254220895756959717,281.92837400000002,266.20463699999709,0.057779999999998832,15.652502000000368,14613062777792463701,0
ROUND,1,GU,3,22,20,1,0,1,192,192,17254220895756959717,45.940753999999998,0,0,0,99588549061388160,0
ROUND,1,FFquant,3,22,20,1,0,1,192,192,17254220895756959717,0.023473999999999998,0,0,0,99588549061388160,0
ROUND,1,direct_complete,4,22,20,1,0,1,192,192,2074375689179439785,50.713208000000002,0,0,0,4988134510216922725,0
ROUND,1,pool,4,22,20,1,0,6,32,192,2074375689179439785,334.78029700000002,151.09279799999968,0.051571000000000922,183.6202200000007,4988134510216922725,0
ROUND,1,GU,4,22,20,1,0,1,192,192,2074375689179439785,52.509639,0,0,0,8237394915757385138,0
ROUND,1,FFquant,4,22,20,1,0,1,192,192,2074375689179439785,0.023955000000000001,0,0,0,8237394915757385138,0
ROUND,1,Down,4,22,20,1,0,1,192,192,2074375689179439785,15.207125,0,0,0,4988134510216922725,0
ROUND,1,pool,5,22,20,1,0,6,32,192,17568132876591437573,279.49117699999999,174.95605099999739,0.045482000000002021,104.47617899999977,9500485258384279053,0
ROUND,1,GU,5,22,20,1,0,1,192,192,17568132876591437573,52.312958999999999,0,0,0,12680319532431309666,0
ROUND,1,FFquant,5,22,20,1,0,1,192,192,17568132876591437573,0.034043999999999998,0,0,0,12680319532431309666,0
ROUND,1,Down,5,22,20,1,0,1,192,192,17568132876591437573,17.318318000000001,0,0,0,9500485258384279053,0
ROUND,1,direct_complete,5,22,20,1,0,1,192,192,17568132876591437573,54.942689000000001,0,0,0,9500485258384279053,0
ROUND,1,GU,6,22,20,1,0,1,192,192,4377748681995391285,39.379784999999998,0,0,0,8181074806832906998,0
ROUND,1,FFquant,6,22,20,1,0,1,192,192,4377748681995391285,0.024466000000000002,0,0,0,8181074806832906998,0
ROUND,1,Down,6,22,20,1,0,1,192,192,4377748681995391285,16.162423,0,0,0,12477921879486415519,0
ROUND,1,direct_complete,6,22,20,1,0,1,192,192,4377748681995391285,59.376334999999997,0,0,0,12477921879486415519,0
ROUND,1,pool,6,22,20,1,0,6,32,192,4377748681995391285,297.63267400000001,266.65245999999934,0.052106999999999903,30.914580999999998,12477921879486415519,0
ROUND,1,FFquant,7,22,20,1,0,1,192,192,18135789367826790537,0.052859000000000003,0,0,0,14717149402811684628,0
ROUND,1,Down,7,22,20,1,0,1,192,192,18135789367826790537,31.877844,0,0,0,16605538290670838435,0
ROUND,1,direct_complete,7,22,20,1,0,1,192,192,18135789367826790537,52.844219000000002,0,0,0,16605538290670838435,0
ROUND,1,pool,7,22,20,1,0,6,32,192,18135789367826790537,271.59273000000002,256.38059799999974,0.041337999999999209,15.160467000001518,16605538290670838435,0
ROUND,1,GU,7,22,20,1,0,1,192,192,18135789367826790537,50.707748000000002,0,0,0,14717149402811684628,0
ROUND,1,Down,8,22,20,1,0,1,192,192,12847333627443493169,16.603373000000001,0,0,0,13519499414900115973,0
ROUND,1,direct_complete,8,22,20,1,0,1,192,192,12847333627443493169,51.161872000000002,0,0,0,13519499414900115973,0
ROUND,1,pool,8,22,20,1,0,6,32,192,12847333627443493169,297.35354000000001,236.84545300000173,0.052552999999999184,60.441397000000052,13519499414900115973,0
ROUND,1,GU,8,22,20,1,0,1,192,192,12847333627443493169,38.255388000000004,0,0,0,15940380520552663644,0
ROUND,1,FFquant,8,22,20,1,0,1,192,192,12847333627443493169,0.023164000000000001,0,0,0,15940380520552663644,0
ROUND,1,direct_complete,9,22,20,1,0,1,192,192,6546339549561522961,49.454579000000003,0,0,0,2342365480481440753,0
ROUND,1,pool,9,22,20,1,0,6,32,192,6546339549561522961,291.57548500000001,275.4877319999996,0.057196000000000247,16.018139000000247,2342365480481440753,0
ROUND,1,GU,9,22,20,1,0,1,192,192,6546339549561522961,43.892538999999999,0,0,0,6969517662772458176,0
ROUND,1,FFquant,9,22,20,1,0,1,192,192,6546339549561522961,0.035105999999999998,0,0,0,6969517662772458176,0
ROUND,1,Down,9,22,20,1,0,1,192,192,6546339549561522961,17.019124999999999,0,0,0,2342365480481440753,0
ROUND,1,pool,10,22,20,1,0,6,32,192,2199147046492976573,304.34057300000001,242.59527899999739,0.055954999999999977,61.674770000000535,17016870714018641185,0
ROUND,1,GU,10,22,20,1,0,1,192,192,2199147046492976573,60.659660000000002,0,0,0,6075439632140983960,0
ROUND,1,FFquant,10,22,20,1,0,1,192,192,2199147046492976573,0.050585999999999999,0,0,0,6075439632140983960,0
ROUND,1,Down,10,22,20,1,0,1,192,192,2199147046492976573,17.286448,0,0,0,17016870714018641185,0
ROUND,1,direct_complete,10,22,20,1,0,1,192,192,2199147046492976573,59.263392000000003,0,0,0,17016870714018641185,0
ROUND,1,GU,11,22,20,1,0,1,192,192,1690021702616431765,36.669803000000002,0,0,0,11532116205926927224,0
ROUND,1,FFquant,11,22,20,1,0,1,192,192,1690021702616431765,0.068279000000000006,0,0,0,11532116205926927224,0
ROUND,1,Down,11,22,20,1,0,1,192,192,1690021702616431765,15.829465000000001,0,0,0,12916878001069132927,0
ROUND,1,direct_complete,11,22,20,1,0,1,192,192,1690021702616431765,58.493552999999999,0,0,0,12916878001069132927,0
ROUND,1,pool,11,22,20,1,0,6,32,192,1690021702616431765,305.575537,223.79537299999902,0.055598999999999954,81.709677999998803,12916878001069132927,0
ROUND,1,FFquant,12,22,20,1,0,1,192,192,14983863348149284165,0.041278000000000002,0,0,0,16136927549458469884,0
ROUND,1,Down,12,22,20,1,0,1,192,192,14983863348149284165,29.524023,0,0,0,5905390131686733935,0
ROUND,1,direct_complete,12,22,20,1,0,1,192,192,14983863348149284165,52.278233999999998,0,0,0,5905390131686733935,0
ROUND,1,pool,12,22,20,1,0,6,32,192,14983863348149284165,281.46965299999999,266.09608499999922,0.050031000000000159,15.312547999999424,5905390131686733935,0
ROUND,1,GU,12,22,20,1,0,1,192,192,14983863348149284165,49.879277999999999,0,0,0,16136927549458469884,0
ROUND,1,Down,13,22,20,1,0,1,192,192,15698821108849104017,15.714721000000001,0,0,0,9039720704504559351,0
ROUND,1,direct_complete,13,22,20,1,0,1,192,192,15698821108849104017,53.770632999999997,0,0,0,9039720704504559351,0
ROUND,1,pool,13,22,20,1,0,6,32,192,15698821108849104017,288.62181600000002,228.200947000003,0.053084999999999827,60.354039999999713,9039720704504559351,0
ROUND,1,GU,13,22,20,1,0,1,192,192,15698821108849104017,51.569400000000002,0,0,0,17934805169569288838,0
ROUND,1,FFquant,13,22,20,1,0,1,192,192,15698821108849104017,0.023965,0,0,0,17934805169569288838,0
ROUND,1,direct_complete,14,22,20,1,0,1,192,192,2268305856311312769,51.422562999999997,0,0,0,2368336275202952961,0
ROUND,1,pool,14,22,20,1,0,6,32,192,2268305856311312769,305.61501199999998,251.00073199999497,0.056347999999999399,54.543496999998752,2368336275202952961,0
ROUND,1,GU,14,22,20,1,0,1,192,192,2268305856311312769,65.634033000000002,0,0,0,4665388368008264534,0
ROUND,1,FFquant,14,22,20,1,0,1,192,192,2268305856311312769,0.048321000000000003,0,0,0,4665388368008264534,0
ROUND,1,Down,14,22,20,1,0,1,192,192,2268305856311312769,19.963518000000001,0,0,0,2368336275202952961,0
ROUND,1,pool,15,22,20,1,0,6,32,192,17083704239668906649,354.180588,214.31637099999898,0.070347999999999633,139.77433100000098,18185540993622013317,0
ROUND,1,GU,15,22,20,1,0,1,192,192,17083704239668906649,51.916592999999999,0,0,0,2596045540187650428,0
ROUND,1,FFquant,15,22,20,1,0,1,192,192,17083704239668906649,0.065764000000000003,0,0,0,2596045540187650428,0
ROUND,1,Down,15,22,20,1,0,1,192,192,17083704239668906649,16.368361,0,0,0,18185540993622013317,0
ROUND,1,direct_complete,15,22,20,1,0,1,192,192,17083704239668906649,55.430146999999998,0,0,0,18185540993622013317,0
ROUND,1,GU,16,22,20,1,0,1,192,192,11512997894203343217,39.462049999999998,0,0,0,10139987373334962382,0
ROUND,1,FFquant,16,22,20,1,0,1,192,192,11512997894203343217,0.022592999999999999,0,0,0,10139987373334962382,0
ROUND,1,Down,16,22,20,1,0,1,192,192,11512997894203343217,16.640923000000001,0,0,0,11658174324243517617,0
ROUND,1,direct_complete,16,22,20,1,0,1,192,192,11512997894203343217,52.612333,0,0,0,11658174324243517617,0
ROUND,1,pool,16,22,20,1,0,6,32,192,11512997894203343217,279.550521,263.92072099999677,0.052428999999999171,15.565378999999211,11658174324243517617,0
ROUND,1,FFquant,17,22,20,1,0,1,192,192,5557078523930056017,0.040566999999999999,0,0,0,12018586942209838242,0
ROUND,1,Down,17,22,20,1,0,1,192,192,5557078523930056017,30.087063000000001,0,0,0,3197414913663430231,0
ROUND,1,direct_complete,17,22,20,1,0,1,192,192,5557078523930056017,59.544651999999999,0,0,0,3197414913663430231,0
ROUND,1,pool,17,22,20,1,0,6,32,192,5557078523930056017,297.60504600000002,251.58489599999848,0.05276800000000037,45.954865999998674,3197414913663430231,0
ROUND,1,GU,17,22,20,1,0,1,192,192,5557078523930056017,34.508726000000003,0,0,0,12018586942209838242,0
ROUND,1,Down,18,22,20,1,0,1,192,192,9552383999849375529,15.302033,0,0,0,2585353455098500373,0
ROUND,1,direct_complete,18,22,20,1,0,1,192,192,9552383999849375529,53.303874999999998,0,0,0,2585353455098500373,0
ROUND,1,pool,18,22,20,1,0,6,32,192,9552383999849375529,284.98274700000002,269.40484500000093,0.050615999999998884,15.516486999999415,2585353455098500373,0
ROUND,1,GU,18,22,20,1,0,1,192,192,9552383999849375529,59.309879000000002,0,0,0,849987579172743182,0
ROUND,1,FFquant,18,22,20,1,0,1,192,192,9552383999849375529,0.060324000000000003,0,0,0,849987579172743182,0
ROUND,1,direct_complete,19,22,20,1,0,1,192,192,5793661967550808401,57.407598999999998,0,0,0,187146048382092179,0
ROUND,1,pool,19,22,20,1,0,6,32,192,5793661967550808401,263.63799999999998,214.2999000000018,0.045732000000000106,49.281015999998999,187146048382092179,0
ROUND,1,GU,19,22,20,1,0,1,192,192,5793661967550808401,55.010427,0,0,0,7548718981695461588,0
ROUND,1,FFquant,19,22,20,1,0,1,192,192,5793661967550808401,0.023113999999999999,0,0,0,7548718981695461588,0
ROUND,1,Down,19,22,20,1,0,1,192,192,5793661967550808401,15.114511,0,0,0,187146048382092179,0
ROUND,1,pool,20,22,20,1,0,6,32,192,6403816283111407933,307.869417,260.08072100000572,0.054122999999999699,47.721255999997993,6051719075282674399,0
ROUND,1,GU,20,22,20,1,0,1,192,192,6403816283111407933,50.021445999999997,0,0,0,10416408263610008508,0
ROUND,1,FFquant,20,22,20,1,0,1,192,192,6403816283111407933,0.023463999999999999,0,0,0,10416408263610008508,0
ROUND,1,Down,20,22,20,1,0,1,192,192,6403816283111407933,15.655198,0,0,0,6051719075282674399,0
ROUND,1,direct_complete,20,22,20,1,0,1,192,192,6403816283111407933,52.698225000000001,0,0,0,6051719075282674399,0
ROUND,1,GU,21,22,20,1,0,1,192,192,3172301831259729381,39.195177999999999,0,0,0,586911500720338570,0
ROUND,1,FFquant,21,22,20,1,0,1,192,192,3172301831259729381,0.025808000000000001,0,0,0,586911500720338570,0
ROUND,1,Down,21,22,20,1,0,1,192,192,3172301831259729381,16.341009,0,0,0,17818918459698428283,0
ROUND,1,direct_complete,21,22,20,1,0,1,192,192,3172301831259729381,51.456608000000003,0,0,0,17818918459698428283,0
ROUND,1,pool,21,22,20,1,0,6,32,192,3172301831259729381,282.62807600000002,198.63318499999332,0.051494000000001705,83.930586999998468,17818918459698428283,0
ROUND,1,FFquant,22,22,20,1,0,1,192,192,13356023544832684685,0.046647000000000001,0,0,0,662948796536909232,0
ROUND,1,Down,22,22,20,1,0,1,192,192,13356023544832684685,28.820449,0,0,0,887598474878955677,0
ROUND,1,direct_complete,22,22,20,1,0,1,192,192,13356023544832684685,52.389783999999999,0,0,0,887598474878955677,0
ROUND,1,pool,22,22,20,1,0,6,32,192,13356023544832684685,316.692295,165.91299700000309,0.049576999999998872,150.71537399999943,887598474878955677,0
ROUND,1,GU,22,22,20,1,0,1,192,192,13356023544832684685,38.039802999999999,0,0,0,662948796536909232,0
ROUND,1,Down,23,22,20,1,0,1,192,192,14130150987989815145,16.666792000000001,0,0,0,852610968719640295,0
ROUND,1,direct_complete,23,22,20,1,0,1,192,192,14130150987989815145,55.712086999999997,0,0,0,852610968719640295,0
ROUND,1,pool,23,22,20,1,0,6,32,192,14130150987989815145,300.15671099999997,263.07407800000146,0.057508000000000781,37.012440999998944,852610968719640295,0
ROUND,1,GU,23,22,20,1,0,1,192,192,14130150987989815145,52.247115999999998,0,0,0,17836394457568513476,0
ROUND,1,FFquant,23,22,20,1,0,1,192,192,14130150987989815145,0.027761999999999998,0,0,0,17836394457568513476,0
ROUND,1,direct_complete,24,22,20,1,0,1,192,192,13896467996851553493,60.567107,0,0,0,4549326692328900767,0
ROUND,1,pool,24,22,20,1,0,6,32,192,13896467996851553493,292.31668400000001,113.34028100000069,0.044755999999999574,178.91721799999959,4549326692328900767,0
ROUND,1,GU,24,22,20,1,0,1,192,192,13896467996851553493,53.822069999999997,0,0,0,8281090198618064530,0
ROUND,1,FFquant,24,22,20,1,0,1,192,192,13896467996851553493,0.036809000000000001,0,0,0,8281090198618064530,0
ROUND,1,Down,24,22,20,1,0,1,192,192,13896467996851553493,16.645942000000002,0,0,0,4549326692328900767,0
RESULT,correctness_pass,statistical_holdout_adoption_and_full_lifecycle_not_qualified
