record,layer,experts,gpu_projection_scaled_error,cpu_gpu_max_absolute,cpu_gpu_rmse,cpu_order_max_absolute,cpu_order_rmse,cpu_order_up_mismatches,cpu_order_hidden_max_absolute,cpu_order_hidden_codes_differ,cpu_order_down_mismatches
864,0,10,7.08044e-08,0.000192126,2.93212e-05,1.19209e-07,3.53076e-09,0,5.96046e-08,0,0
865,1,10,7.1699e-08,0.000183063,2.8752e-05,2.6077e-08,3.09238e-09,0,2.98023e-08,0,0
866,2,10,8.00949e-08,0.000180915,2.82138e-05,2.98023e-08,3.62178e-09,0,5.96046e-08,0,0
867,3,10,9.88773e-08,0.000240689,4.42659e-05,2.23517e-08,4.06964e-09,0,2.98023e-08,0,0
868,4,10,9.88742e-08,0.000295486,4.74225e-05,3.72529e-08,4.61981e-09,0,5.96046e-08,0,0
869,5,10,8.9749e-08,0.000223883,3.31602e-05,2.6077e-08,3.55371e-09,0,5.96046e-08,0,0
870,6,10,1.16192e-07,0.000400569,5.10068e-05,4.47035e-08,4.27582e-09,0,5.96046e-08,0,0
871,7,10,9.21213e-08,0.000310438,5.01831e-05,5.96046e-08,5.31958e-09,0,2.38419e-07,0,0
872,8,10,9.83572e-08,0.000238424,4.59117e-05,3.72529e-08,4.73115e-09,0,5.96046e-08,0,0
873,9,10,1.04073e-07,0.000445593,5.8011e-05,3.72529e-08,5.37025e-09,0,1.19209e-07,0,0
874,10,10,8.0089e-08,0.000180648,3.8215e-05,2.98023e-08,4.38263e-09,0,5.96046e-08,0,0
875,11,10,9.90387e-08,0.000128344,3.03152e-05,2.6077e-08,4.18834e-09,0,5.96046e-08,0,0
876,12,10,8.4447e-08,0.000224978,4.29692e-05,3.72529e-08,4.13893e-09,0,1.19209e-07,0,0
877,13,10,7.89669e-08,0.000252619,4.36073e-05,2.98023e-08,4.19934e-09,0,5.96046e-08,0,0
878,14,10,8.26583e-08,0.000413502,7.08221e-05,2.98023e-08,4.95151e-09,0,5.96046e-08,0,0
879,15,10,1.35788e-07,0.000301559,6.46796e-05,5.96046e-08,8.28226e-09,0,5.96046e-08,0,0
880,16,10,1.25161e-07,0.000291724,4.87113e-05,2.98023e-08,4.95196e-09,0,1.19209e-07,0,0
881,17,10,9.56275e-08,0.000266936,5.09417e-05,2.98023e-08,4.66663e-09,0,1.19209e-07,0,0
882,18,10,8.33457e-08,0.000157151,3.36574e-05,3.72529e-08,3.5797e-09,0,2.98023e-08,0,0
883,19,10,9.85745e-08,0.000248022,4.42758e-05,2.23517e-08,4.18602e-09,0,5.96046e-08,0,0
884,20,10,1.30116e-07,0.000258151,5.88087e-05,4.47035e-08,5.54056e-09,0,5.96046e-08,0,0
885,21,10,1.1995e-07,0.000268582,5.45889e-05,2.23517e-08,4.09758e-09,0,4.47035e-08,0,0
886,22,10,1.04199e-07,0.000372112,4.35847e-05,2.98023e-08,3.72729e-09,0,2.98023e-08,0,0
887,23,10,1.45067e-07,0.000248943,5.4661e-05,3.72529e-08,5.60086e-09,0,5.96046e-08,0,0
888,24,10,8.65442e-08,0.000284277,3.88822e-05,2.6077e-08,3.41589e-09,0,5.96046e-08,0,0
889,25,10,8.4483e-08,0.000214595,3.58936e-05,2.98023e-08,3.48673e-09,0,5.96046e-08,0,0
890,26,10,7.17018e-08,0.000155328,2.95462e-05,2.98023e-08,2.80967e-09,0,5.96046e-08,0,0
891,27,10,8.26103e-08,0.000244506,3.77693e-05,2.98023e-08,3.33063e-09,0,2.98023e-08,0,0
892,28,10,8.80019e-08,0.000153855,3.10697e-05,1.49012e-08,2.56769e-09,0,2.98023e-08,0,0
893,29,10,9.38566e-08,0.000202611,3.66361e-05,2.98023e-08,3.78562e-09,0,5.96046e-08,0,0
894,30,10,1.06999e-07,0.000196308,3.09718e-05,4.47035e-08,3.49205e-09,0,5.96046e-08,0,0
895,31,10,1.05824e-07,0.000180975,3.77904e-05,2.98023e-08,3.75813e-09,0,1.19209e-07,0,0
896,32,10,1.15658e-07,0.000246082,4.81699e-05,2.23517e-08,3.87189e-09,0,5.96046e-08,0,0
897,33,10,1.08345e-07,0.000249818,3.92404e-05,5.96046e-08,3.88238e-09,0,5.96046e-08,0,0
898,34,10,9.69704e-08,0.000216652,3.99072e-05,2.98023e-08,4.05027e-09,0,5.96046e-08,0,0
899,35,10,1.17589e-07,0.000255855,4.67531e-05,2.98023e-08,4.63647e-09,0,5.96046e-08,0,0
900,36,10,1.33653e-07,0.00037238,7.76734e-05,4.47035e-08,7.28355e-09,0,5.96046e-08,0,0
901,37,10,1.77295e-07,0.000322191,6.55258e-05,5.96046e-08,7.44978e-09,0,5.96046e-08,0,0
902,38,10,1.25584e-07,0.000679888,0.000101376,6.70552e-08,8.09993e-09,0,1.19209e-07,0,0
903,39,10,1.42592e-07,0.000350639,6.63228e-05,3.72529e-08,6.73871e-09,0,5.96046e-08,0,0
904,40,10,1.36106e-07,0.000330575,6.58444e-05,3.35276e-08,6.55709e-09,0,5.96046e-08,0,0
905,41,10,1.71978e-07,0.00040042,7.48254e-05,4.47035e-08,7.16967e-09,0,7.45058e-08,0,0
906,42,10,1.88918e-07,0.00194535,0.000147698,1.78814e-07,9.27764e-09,0,2.38419e-07,0,0
907,43,10,1.24878e-07,0.000484986,8.10124e-05,6.70552e-08,7.07195e-09,0,8.9407e-08,0,0
908,44,10,1.7236e-07,0.000393357,7.07091e-05,3.72529e-08,6.7886e-09,0,8.9407e-08,0,0
909,45,10,1.59243e-07,0.000512227,0.000101208,6.70552e-08,8.86428e-09,0,5.96046e-08,0,0
910,46,10,2.11273e-07,0.000941515,0.000104315,4.76837e-07,1.70845e-08,0,2.38419e-07,0,0
911,47,10,2.4611e-07,0.00620055,0.000534153,1.43051e-06,1.00886e-07,0,4.76837e-07,0,0
