ENV,STRATA_FORCE_ISA,"<unset>"
ENV,STRATA_FORCE_AVX2,"<unset>"
ENV,STRATA_NO_AVXVNNI,"<unset>"
ENV,STRATA_NO_Q8K_AVX2,"<unset>"
ENV,STRATA_IQ_MT_MIN,"<unset>"
ENV,STRATA_IQ3S_MT1,"<unset>"
ENV,STRATA_IQ_PREFETCH,"<unset>"
ENV,STRATA_NO_IQ512,"<unset>"
ENV,STRATA_NO_IQ256,"<unset>"
ENV,STRATA_NO_IQ4NL,"<unset>"
ENV,STRATA_KQ256,"<unset>"
ENV,STRATA_IQ256_GATHER,"<unset>"
ENV,STRATA_Q2_BITPLANE,"<unset>"
ENV,STRATA_POOL_SPIN_US,"<unset>"
ENV,STRATA_HOST_CORE,"<unset>"
ENV,STRATA_NATIVE_DISPATCH_HISTOGRAM,"<unset>"
META,cohort_fnv,2097728330820092091
META,index_scope,actual_weights_synthetic_inputs_no_timing_no_pool_no_live_activation
META,index_mxcsr_entry,8064
META,index_mxcsr_prepared,8123
META,index_worker_mxcsr,not_observed_workers_not_started
META,index_host_cpu,0
META,index_GU_Down_NT_tasks_batch,22_20_1_0_1
META,index_owned_blob_bytes,756940800
META,index_flags,IntelLLVM_precise_Q2AVXVNNI1_IQAVXVNNI0_IQ2SGCCoff
META,index_counts_order,baseline_control_register_then_Gate_Up_finish_then_finite_Inf_NaN
META,index_mxcsr_final,8123
RESULT,iq2s_index_correctness_only_pass,no_timing_no_adoption
META,index_timing_scope,actual_weights_synthetic_inputs_caller_dot_only
META,index_timing_seed,2026101002
META,index_timing_order,(position+round+seed_mod3)%3
META,index_timing_boundary,steady_clock_dot_calls_and_preallocated_output_writes
META,index_timing_expected,immutable_pretiming_trait_bits
META,index_timing_owned_blob_bytes,756940800
INDEX_WORKING_SET,0,stream192,192,201523200,1843401622494941477
INDEX_HOT_ID,0,0,2,437
INDEX_HOT_ID,0,24,3,306
INDEX_HOT_ID,0,48,5,382
INDEX_HOT_ID,0,72,9,122
INDEX_HOT_ID,0,96,15,503
INDEX_HOT_ID,0,120,23,477
INDEX_HOT_ID,0,144,26,14
INDEX_HOT_ID,0,168,34,126
INDEX_WORKING_SET,0,hot8,8,8396800,1477975990353030501
INDEX_WORKING_SET,1,stream192,192,201523200,12069106506003686309
INDEX_HOT_ID,1,192,2,402
INDEX_HOT_ID,1,216,3,394
INDEX_HOT_ID,1,240,5,110
INDEX_HOT_ID,1,264,9,383
INDEX_HOT_ID,1,288,15,147
INDEX_HOT_ID,1,312,23,360
INDEX_HOT_ID,1,336,26,417
INDEX_HOT_ID,1,360,34,246
INDEX_WORKING_SET,1,hot8,8,8396800,12376885800224058650
INDEX_TIMING,0,stream192,register,-3,1,0,192,122880,245760,201523200,1843401622494941477,10107395113598727008,44.051703000000003,0
INDEX_TIMING,0,stream192,trait,-3,1,1,192,122880,245760,201523200,1843401622494941477,10107395113598727008,33.714283000000002,0
INDEX_TIMING,0,stream192,direct,-3,1,2,192,122880,245760,201523200,1843401622494941477,10107395113598727008,36.913086999999997,0
INDEX_TIMING,0,stream192,trait,-2,1,0,192,122880,245760,201523200,1843401622494941477,10107395113598727008,39.414729000000001,0
INDEX_TIMING,0,stream192,direct,-2,1,1,192,122880,245760,201523200,1843401622494941477,10107395113598727008,41.921982999999997,0
INDEX_TIMING,0,stream192,register,-2,1,2,192,122880,245760,201523200,1843401622494941477,10107395113598727008,44.926972999999997,0
INDEX_TIMING,0,stream192,direct,-1,1,0,192,122880,245760,201523200,1843401622494941477,10107395113598727008,38.761620000000001,0
INDEX_TIMING,0,stream192,register,-1,1,1,192,122880,245760,201523200,1843401622494941477,10107395113598727008,43.582549999999998,0
INDEX_TIMING,0,stream192,trait,-1,1,2,192,122880,245760,201523200,1843401622494941477,10107395113598727008,34.009157999999999,0
INDEX_TIMING,0,stream192,register,0,0,0,192,122880,245760,201523200,1843401622494941477,10107395113598727008,43.344862999999997,0
INDEX_TIMING,0,stream192,trait,0,0,1,192,122880,245760,201523200,1843401622494941477,10107395113598727008,33.812376999999998,0
INDEX_TIMING,0,stream192,direct,0,0,2,192,122880,245760,201523200,1843401622494941477,10107395113598727008,35.973508000000002,0
INDEX_TIMING,0,stream192,trait,1,0,0,192,122880,245760,201523200,1843401622494941477,10107395113598727008,34.681944999999999,0
INDEX_TIMING,0,stream192,direct,1,0,1,192,122880,245760,201523200,1843401622494941477,10107395113598727008,36.755049999999997,0
INDEX_TIMING,0,stream192,register,1,0,2,192,122880,245760,201523200,1843401622494941477,10107395113598727008,44.270716999999998,0
INDEX_TIMING,0,stream192,direct,2,0,0,192,122880,245760,201523200,1843401622494941477,10107395113598727008,36.394931,0
INDEX_TIMING,0,stream192,register,2,0,1,192,122880,245760,201523200,1843401622494941477,10107395113598727008,44.9893,0
INDEX_TIMING,0,stream192,trait,2,0,2,192,122880,245760,201523200,1843401622494941477,10107395113598727008,38.230659000000003,0
INDEX_TIMING,0,stream192,register,3,0,0,192,122880,245760,201523200,1843401622494941477,10107395113598727008,44.155799999999999,0
INDEX_TIMING,0,stream192,trait,3,0,1,192,122880,245760,201523200,1843401622494941477,10107395113598727008,34.694989999999997,0
INDEX_TIMING,0,stream192,direct,3,0,2,192,122880,245760,201523200,1843401622494941477,10107395113598727008,38.136021,0
INDEX_TIMING,0,stream192,trait,4,0,0,192,122880,245760,201523200,1843401622494941477,10107395113598727008,36.769978000000002,0
INDEX_TIMING,0,stream192,direct,4,0,1,192,122880,245760,201523200,1843401622494941477,10107395113598727008,39.023302000000001,0
INDEX_TIMING,0,stream192,register,4,0,2,192,122880,245760,201523200,1843401622494941477,10107395113598727008,51.185429999999997,0
INDEX_TIMING,0,stream192,direct,5,0,0,192,122880,245760,201523200,1843401622494941477,10107395113598727008,38.231200000000001,0
INDEX_TIMING,0,stream192,register,5,0,1,192,122880,245760,201523200,1843401622494941477,10107395113598727008,43.972214000000001,0
INDEX_TIMING,0,stream192,trait,5,0,2,192,122880,245760,201523200,1843401622494941477,10107395113598727008,36.293039999999998,0
INDEX_TIMING,0,stream192,register,6,0,0,192,122880,245760,201523200,1843401622494941477,10107395113598727008,44.471553999999998,0
INDEX_TIMING,0,stream192,trait,6,0,1,192,122880,245760,201523200,1843401622494941477,10107395113598727008,33.901054000000002,0
INDEX_TIMING,0,stream192,direct,6,0,2,192,122880,245760,201523200,1843401622494941477,10107395113598727008,38.007368999999997,0
INDEX_TIMING,0,stream192,trait,7,0,0,192,122880,245760,201523200,1843401622494941477,10107395113598727008,45.902309000000002,0
INDEX_TIMING,0,stream192,direct,7,0,1,192,122880,245760,201523200,1843401622494941477,10107395113598727008,38.570520000000002,0
INDEX_TIMING,0,stream192,register,7,0,2,192,122880,245760,201523200,1843401622494941477,10107395113598727008,50.369233000000001,0
INDEX_TIMING,0,stream192,direct,8,0,0,192,122880,245760,201523200,1843401622494941477,10107395113598727008,36.664028000000002,0
INDEX_TIMING,0,stream192,register,8,0,1,192,122880,245760,201523200,1843401622494941477,10107395113598727008,44.174705000000003,0
INDEX_TIMING,0,stream192,trait,8,0,2,192,122880,245760,201523200,1843401622494941477,10107395113598727008,35.173510999999998,0
INDEX_TIMING,0,stream192,register,9,0,0,192,122880,245760,201523200,1843401622494941477,10107395113598727008,47.712038999999997,0
INDEX_TIMING,0,stream192,trait,9,0,1,192,122880,245760,201523200,1843401622494941477,10107395113598727008,35.230068000000003,0
INDEX_TIMING,0,stream192,direct,9,0,2,192,122880,245760,201523200,1843401622494941477,10107395113598727008,36.824711000000001,0
INDEX_TIMING,0,stream192,trait,10,0,0,192,122880,245760,201523200,1843401622494941477,10107395113598727008,36.370525999999998,0
INDEX_TIMING,0,stream192,direct,10,0,1,192,122880,245760,201523200,1843401622494941477,10107395113598727008,38.774743999999998,0
INDEX_TIMING,0,stream192,register,10,0,2,192,122880,245760,201523200,1843401622494941477,10107395113598727008,55.684204000000001,0
INDEX_TIMING,0,stream192,direct,11,0,0,192,122880,245760,201523200,1843401622494941477,10107395113598727008,46.382052000000002,0
INDEX_TIMING,0,stream192,register,11,0,1,192,122880,245760,201523200,1843401622494941477,10107395113598727008,43.774872000000002,0
INDEX_TIMING,0,stream192,trait,11,0,2,192,122880,245760,201523200,1843401622494941477,10107395113598727008,55.919677,0
INDEX_TIMING,0,stream192,register,12,0,0,192,122880,245760,201523200,1843401622494941477,10107395113598727008,44.751972000000002,0
INDEX_TIMING,0,stream192,trait,12,0,1,192,122880,245760,201523200,1843401622494941477,10107395113598727008,33.838315999999999,0
INDEX_TIMING,0,stream192,direct,12,0,2,192,122880,245760,201523200,1843401622494941477,10107395113598727008,40.498671000000002,0
INDEX_TIMING,0,stream192,trait,13,0,0,192,122880,245760,201523200,1843401622494941477,10107395113598727008,37.024757000000001,0
INDEX_TIMING,0,stream192,direct,13,0,1,192,122880,245760,201523200,1843401622494941477,10107395113598727008,42.089257000000003,0
INDEX_TIMING,0,stream192,register,13,0,2,192,122880,245760,201523200,1843401622494941477,10107395113598727008,45.424258000000002,0
INDEX_TIMING,0,stream192,direct,14,0,0,192,122880,245760,201523200,1843401622494941477,10107395113598727008,37.079169999999998,0
INDEX_TIMING,0,stream192,register,14,0,1,192,122880,245760,201523200,1843401622494941477,10107395113598727008,54.520812999999997,0
INDEX_TIMING,0,stream192,trait,14,0,2,192,122880,245760,201523200,1843401622494941477,10107395113598727008,38.733868000000001,0
INDEX_TIMING,0,stream192,register,15,0,0,192,122880,245760,201523200,1843401622494941477,10107395113598727008,43.119687999999996,0
INDEX_TIMING,0,stream192,trait,15,0,1,192,122880,245760,201523200,1843401622494941477,10107395113598727008,34.161113999999998,0
INDEX_TIMING,0,stream192,direct,15,0,2,192,122880,245760,201523200,1843401622494941477,10107395113598727008,35.548648,0
INDEX_TIMING,0,stream192,trait,16,0,0,192,122880,245760,201523200,1843401622494941477,10107395113598727008,33.288589999999999,0
INDEX_TIMING,0,stream192,direct,16,0,1,192,122880,245760,201523200,1843401622494941477,10107395113598727008,35.595666000000001,0
INDEX_TIMING,0,stream192,register,16,0,2,192,122880,245760,201523200,1843401622494941477,10107395113598727008,43.354230000000001,0
INDEX_TIMING,0,stream192,direct,17,0,0,192,122880,245760,201523200,1843401622494941477,10107395113598727008,36.189104,0
INDEX_TIMING,0,stream192,register,17,0,1,192,122880,245760,201523200,1843401622494941477,10107395113598727008,44.355285000000002,0
INDEX_TIMING,0,stream192,trait,17,0,2,192,122880,245760,201523200,1843401622494941477,10107395113598727008,34.640397,0
INDEX_TIMING,0,hot8,register,-3,1,0,8,5120,10240,8396800,1477975990353030501,10169275044955887171,1.897113,0
INDEX_TIMING,0,hot8,trait,-3,1,1,8,5120,10240,8396800,1477975990353030501,10169275044955887171,1.430825,0
INDEX_TIMING,0,hot8,direct,-3,1,2,8,5120,10240,8396800,1477975990353030501,10169275044955887171,1.4760200000000001,0
INDEX_TIMING,0,hot8,trait,-2,1,0,8,5120,10240,8396800,1477975990353030501,10169275044955887171,1.7269920000000001,0
INDEX_TIMING,0,hot8,direct,-2,1,1,8,5120,10240,8396800,1477975990353030501,10169275044955887171,1.7151909999999999,0
INDEX_TIMING,0,hot8,register,-2,1,2,8,5120,10240,8396800,1477975990353030501,10169275044955887171,1.829696,0
INDEX_TIMING,0,hot8,direct,-1,1,0,8,5120,10240,8396800,1477975990353030501,10169275044955887171,1.7414499999999999,0
INDEX_TIMING,0,hot8,register,-1,1,1,8,5120,10240,8396800,1477975990353030501,10169275044955887171,2.0777230000000002,0
INDEX_TIMING,0,hot8,trait,-1,1,2,8,5120,10240,8396800,1477975990353030501,10169275044955887171,1.4166879999999999,0
INDEX_TIMING,0,hot8,register,0,0,0,8,5120,10240,8396800,1477975990353030501,10169275044955887171,1.8478110000000001,0
INDEX_TIMING,0,hot8,trait,0,0,1,8,5120,10240,8396800,1477975990353030501,10169275044955887171,1.651842,0
INDEX_TIMING,0,hot8,direct,0,0,2,8,5120,10240,8396800,1477975990353030501,10169275044955887171,1.4870920000000001,0
INDEX_TIMING,0,hot8,trait,1,0,0,8,5120,10240,8396800,1477975990353030501,10169275044955887171,1.6168960000000001,0
INDEX_TIMING,0,hot8,direct,1,0,1,8,5120,10240,8396800,1477975990353030501,10169275044955887171,1.5490870000000001,0
INDEX_TIMING,0,hot8,register,1,0,2,8,5120,10240,8396800,1477975990353030501,10169275044955887171,1.8239259999999999,0
INDEX_TIMING,0,hot8,direct,2,0,0,8,5120,10240,8396800,1477975990353030501,10169275044955887171,1.4434089999999999,0
INDEX_TIMING,0,hot8,register,2,0,1,8,5120,10240,8396800,1477975990353030501,10169275044955887171,1.8105709999999999,0
INDEX_TIMING,0,hot8,trait,2,0,2,8,5120,10240,8396800,1477975990353030501,10169275044955887171,1.5450200000000001,0
INDEX_TIMING,0,hot8,register,3,0,0,8,5120,10240,8396800,1477975990353030501,10169275044955887171,1.8326119999999999,0
INDEX_TIMING,0,hot8,trait,3,0,1,8,5120,10240,8396800,1477975990353030501,10169275044955887171,2.2873990000000002,0
INDEX_TIMING,0,hot8,direct,3,0,2,8,5120,10240,8396800,1477975990353030501,10169275044955887171,2.1995429999999998,0
INDEX_TIMING,0,hot8,trait,4,0,0,8,5120,10240,8396800,1477975990353030501,10169275044955887171,1.5213859999999999,0
INDEX_TIMING,0,hot8,direct,4,0,1,8,5120,10240,8396800,1477975990353030501,10169275044955887171,1.491249,0
INDEX_TIMING,0,hot8,register,4,0,2,8,5120,10240,8396800,1477975990353030501,10169275044955887171,1.7769969999999999,0
INDEX_TIMING,0,hot8,direct,5,0,0,8,5120,10240,8396800,1477975990353030501,10169275044955887171,1.4651700000000001,0
INDEX_TIMING,0,hot8,register,5,0,1,8,5120,10240,8396800,1477975990353030501,10169275044955887171,1.8872850000000001,0
INDEX_TIMING,0,hot8,trait,5,0,2,8,5120,10240,8396800,1477975990353030501,10169275044955887171,1.4069799999999999,0
INDEX_TIMING,0,hot8,register,6,0,0,8,5120,10240,8396800,1477975990353030501,10169275044955887171,1.779663,0
INDEX_TIMING,0,hot8,trait,6,0,1,8,5120,10240,8396800,1477975990353030501,10169275044955887171,1.381502,0
INDEX_TIMING,0,hot8,direct,6,0,2,8,5120,10240,8396800,1477975990353030501,10169275044955887171,1.5257240000000001,0
INDEX_TIMING,0,hot8,trait,7,0,0,8,5120,10240,8396800,1477975990353030501,10169275044955887171,1.4305639999999999,0
INDEX_TIMING,0,hot8,direct,7,0,1,8,5120,10240,8396800,1477975990353030501,10169275044955887171,1.6139300000000001,0
INDEX_TIMING,0,hot8,register,7,0,2,8,5120,10240,8396800,1477975990353030501,10169275044955887171,1.8765039999999999,0
INDEX_TIMING,0,hot8,direct,8,0,0,8,5120,10240,8396800,1477975990353030501,10169275044955887171,1.440293,0
INDEX_TIMING,0,hot8,register,8,0,1,8,5120,10240,8396800,1477975990353030501,10169275044955887171,1.7747930000000001,0
INDEX_TIMING,0,hot8,trait,8,0,2,8,5120,10240,8396800,1477975990353030501,10169275044955887171,1.391751,0
INDEX_TIMING,0,hot8,register,9,0,0,8,5120,10240,8396800,1477975990353030501,10169275044955887171,1.7764359999999999,0
INDEX_TIMING,0,hot8,trait,9,0,1,8,5120,10240,8396800,1477975990353030501,10169275044955887171,1.367216,0
INDEX_TIMING,0,hot8,direct,9,0,2,8,5120,10240,8396800,1477975990353030501,10169275044955887171,1.5880110000000001,0
INDEX_TIMING,0,hot8,trait,10,0,0,8,5120,10240,8396800,1477975990353030501,10169275044955887171,1.415697,0
INDEX_TIMING,0,hot8,direct,10,0,1,8,5120,10240,8396800,1477975990353030501,10169275044955887171,1.475179,0
INDEX_TIMING,0,hot8,register,10,0,2,8,5120,10240,8396800,1477975990353030501,10169275044955887171,1.9219200000000001,0
INDEX_TIMING,0,hot8,direct,11,0,0,8,5120,10240,8396800,1477975990353030501,10169275044955887171,1.7037199999999999,0
INDEX_TIMING,0,hot8,register,11,0,1,8,5120,10240,8396800,1477975990353030501,10169275044955887171,1.7873870000000001,0
INDEX_TIMING,0,hot8,trait,11,0,2,8,5120,10240,8396800,1477975990353030501,10169275044955887171,1.382334,0
INDEX_TIMING,0,hot8,register,12,0,0,8,5120,10240,8396800,1477975990353030501,10169275044955887171,1.9207879999999999,0
INDEX_TIMING,0,hot8,trait,12,0,1,8,5120,10240,8396800,1477975990353030501,10169275044955887171,1.416668,0
INDEX_TIMING,0,hot8,direct,12,0,2,8,5120,10240,8396800,1477975990353030501,10169275044955887171,1.4338409999999999,0
INDEX_TIMING,0,hot8,trait,13,0,0,8,5120,10240,8396800,1477975990353030501,10169275044955887171,1.436366,0
INDEX_TIMING,0,hot8,direct,13,0,1,8,5120,10240,8396800,1477975990353030501,10169275044955887171,1.4398519999999999,0
INDEX_TIMING,0,hot8,register,13,0,2,8,5120,10240,8396800,1477975990353030501,10169275044955887171,1.790583,0
INDEX_TIMING,0,hot8,direct,14,0,0,8,5120,10240,8396800,1477975990353030501,10169275044955887171,1.5542370000000001,0
INDEX_TIMING,0,hot8,register,14,0,1,8,5120,10240,8396800,1477975990353030501,10169275044955887171,1.785463,0
INDEX_TIMING,0,hot8,trait,14,0,2,8,5120,10240,8396800,1477975990353030501,10169275044955887171,1.360042,0
INDEX_TIMING,0,hot8,register,15,0,0,8,5120,10240,8396800,1477975990353030501,10169275044955887171,1.764764,0
INDEX_TIMING,0,hot8,trait,15,0,1,8,5120,10240,8396800,1477975990353030501,10169275044955887171,1.3908799999999999,0
INDEX_TIMING,0,hot8,direct,15,0,2,8,5120,10240,8396800,1477975990353030501,10169275044955887171,1.437538,0
INDEX_TIMING,0,hot8,trait,16,0,0,8,5120,10240,8396800,1477975990353030501,10169275044955887171,1.3557729999999999,0
INDEX_TIMING,0,hot8,direct,16,0,1,8,5120,10240,8396800,1477975990353030501,10169275044955887171,1.441565,0
INDEX_TIMING,0,hot8,register,16,0,2,8,5120,10240,8396800,1477975990353030501,10169275044955887171,1.7900720000000001,0
INDEX_TIMING,0,hot8,direct,17,0,0,8,5120,10240,8396800,1477975990353030501,10169275044955887171,1.491018,0
INDEX_TIMING,0,hot8,register,17,0,1,8,5120,10240,8396800,1477975990353030501,10169275044955887171,2.3365809999999998,0
INDEX_TIMING,0,hot8,trait,17,0,2,8,5120,10240,8396800,1477975990353030501,10169275044955887171,1.5781829999999999,0
INDEX_TIMING,1,stream192,register,-3,1,0,192,122880,245760,201523200,12069106506003686309,6616796834858155689,45.452913000000002,0
INDEX_TIMING,1,stream192,trait,-3,1,1,192,122880,245760,201523200,12069106506003686309,6616796834858155689,34.268376000000004,0
INDEX_TIMING,1,stream192,direct,-3,1,2,192,122880,245760,201523200,12069106506003686309,6616796834858155689,36.475273000000001,0
INDEX_TIMING,1,stream192,trait,-2,1,0,192,122880,245760,201523200,12069106506003686309,6616796834858155689,34.945762000000002,0
INDEX_TIMING,1,stream192,direct,-2,1,1,192,122880,245760,201523200,12069106506003686309,6616796834858155689,36.242905999999998,0
INDEX_TIMING,1,stream192,register,-2,1,2,192,122880,245760,201523200,12069106506003686309,6616796834858155689,44.528973000000001,0
INDEX_TIMING,1,stream192,direct,-1,1,0,192,122880,245760,201523200,12069106506003686309,6616796834858155689,36.154819000000003,0
INDEX_TIMING,1,stream192,register,-1,1,1,192,122880,245760,201523200,12069106506003686309,6616796834858155689,48.796138999999997,0
INDEX_TIMING,1,stream192,trait,-1,1,2,192,122880,245760,201523200,12069106506003686309,6616796834858155689,36.267201,0
INDEX_TIMING,1,stream192,register,0,0,0,192,122880,245760,201523200,12069106506003686309,6616796834858155689,47.977007,0
INDEX_TIMING,1,stream192,trait,0,0,1,192,122880,245760,201523200,12069106506003686309,6616796834858155689,37.872064000000002,0
INDEX_TIMING,1,stream192,direct,0,0,2,192,122880,245760,201523200,12069106506003686309,6616796834858155689,39.966579000000003,0
INDEX_TIMING,1,stream192,trait,1,0,0,192,122880,245760,201523200,12069106506003686309,6616796834858155689,35.687539999999998,0
INDEX_TIMING,1,stream192,direct,1,0,1,192,122880,245760,201523200,12069106506003686309,6616796834858155689,36.830430999999997,0
INDEX_TIMING,1,stream192,register,1,0,2,192,122880,245760,201523200,12069106506003686309,6616796834858155689,54.085813000000002,0
INDEX_TIMING,1,stream192,direct,2,0,0,192,122880,245760,201523200,12069106506003686309,6616796834858155689,39.343415,0
INDEX_TIMING,1,stream192,register,2,0,1,192,122880,245760,201523200,12069106506003686309,6616796834858155689,44.854965999999997,0
INDEX_TIMING,1,stream192,trait,2,0,2,192,122880,245760,201523200,12069106506003686309,6616796834858155689,37.346404,0
INDEX_TIMING,1,stream192,register,3,0,0,192,122880,245760,201523200,12069106506003686309,6616796834858155689,43.768780999999997,0
INDEX_TIMING,1,stream192,trait,3,0,1,192,122880,245760,201523200,12069106506003686309,6616796834858155689,35.693210000000001,0
INDEX_TIMING,1,stream192,direct,3,0,2,192,122880,245760,201523200,12069106506003686309,6616796834858155689,36.229570000000002,0
INDEX_TIMING,1,stream192,trait,4,0,0,192,122880,245760,201523200,12069106506003686309,6616796834858155689,41.281905999999999,0
INDEX_TIMING,1,stream192,direct,4,0,1,192,122880,245760,201523200,12069106506003686309,6616796834858155689,42.613033999999999,0
INDEX_TIMING,1,stream192,register,4,0,2,192,122880,245760,201523200,12069106506003686309,6616796834858155689,45.524388000000002,0
INDEX_TIMING,1,stream192,direct,5,0,0,192,122880,245760,201523200,12069106506003686309,6616796834858155689,45.476827999999998,0
INDEX_TIMING,1,stream192,register,5,0,1,192,122880,245760,201523200,12069106506003686309,6616796834858155689,44.979030000000002,0
INDEX_TIMING,1,stream192,trait,5,0,2,192,122880,245760,201523200,12069106506003686309,6616796834858155689,33.921030999999999,0
INDEX_TIMING,1,stream192,register,6,0,0,192,122880,245760,201523200,12069106506003686309,6616796834858155689,43.947657,0
INDEX_TIMING,1,stream192,trait,6,0,1,192,122880,245760,201523200,12069106506003686309,6616796834858155689,34.202702000000002,0
INDEX_TIMING,1,stream192,direct,6,0,2,192,122880,245760,201523200,12069106506003686309,6616796834858155689,44.223227000000001,0
INDEX_TIMING,1,stream192,trait,7,0,0,192,122880,245760,201523200,12069106506003686309,6616796834858155689,41.275224000000001,0
INDEX_TIMING,1,stream192,direct,7,0,1,192,122880,245760,201523200,12069106506003686309,6616796834858155689,36.801887999999998,0
INDEX_TIMING,1,stream192,register,7,0,2,192,122880,245760,201523200,12069106506003686309,6616796834858155689,44.274332999999999,0
INDEX_TIMING,1,stream192,direct,8,0,0,192,122880,245760,201523200,12069106506003686309,6616796834858155689,36.188312000000003,0
INDEX_TIMING,1,stream192,register,8,0,1,192,122880,245760,201523200,12069106506003686309,6616796834858155689,45.101199999999999,0
INDEX_TIMING,1,stream192,trait,8,0,2,192,122880,245760,201523200,12069106506003686309,6616796834858155689,33.968440999999999,0
INDEX_TIMING,1,stream192,register,9,0,0,192,122880,245760,201523200,12069106506003686309,6616796834858155689,43.868017999999999,0
INDEX_TIMING,1,stream192,trait,9,0,1,192,122880,245760,201523200,12069106506003686309,6616796834858155689,34.278255000000001,0
INDEX_TIMING,1,stream192,direct,9,0,2,192,122880,245760,201523200,12069106506003686309,6616796834858155689,36.879984999999998,0
INDEX_TIMING,1,stream192,trait,10,0,0,192,122880,245760,201523200,12069106506003686309,6616796834858155689,34.177204000000003,0
INDEX_TIMING,1,stream192,direct,10,0,1,192,122880,245760,201523200,12069106506003686309,6616796834858155689,36.345427999999998,0
INDEX_TIMING,1,stream192,register,10,0,2,192,122880,245760,201523200,12069106506003686309,6616796834858155689,51.356783,0
INDEX_TIMING,1,stream192,direct,11,0,0,192,122880,245760,201523200,12069106506003686309,6616796834858155689,37.443477000000001,0
INDEX_TIMING,1,stream192,register,11,0,1,192,122880,245760,201523200,12069106506003686309,6616796834858155689,43.422899000000001,0
INDEX_TIMING,1,stream192,trait,11,0,2,192,122880,245760,201523200,12069106506003686309,6616796834858155689,34.339829999999999,0
INDEX_TIMING,1,stream192,register,12,0,0,192,122880,245760,201523200,12069106506003686309,6616796834858155689,43.180793999999999,0
INDEX_TIMING,1,stream192,trait,12,0,1,192,122880,245760,201523200,12069106506003686309,6616796834858155689,55.000034999999997,0
INDEX_TIMING,1,stream192,direct,12,0,2,192,122880,245760,201523200,12069106506003686309,6616796834858155689,36.085799000000002,0
INDEX_TIMING,1,stream192,trait,13,0,0,192,122880,245760,201523200,12069106506003686309,6616796834858155689,38.201053000000002,0
INDEX_TIMING,1,stream192,direct,13,0,1,192,122880,245760,201523200,12069106506003686309,6616796834858155689,45.789957000000001,0
INDEX_TIMING,1,stream192,register,13,0,2,192,122880,245760,201523200,12069106506003686309,6616796834858155689,43.477120999999997,0
INDEX_TIMING,1,stream192,direct,14,0,0,192,122880,245760,201523200,12069106506003686309,6616796834858155689,35.466833000000001,0
INDEX_TIMING,1,stream192,register,14,0,1,192,122880,245760,201523200,12069106506003686309,6616796834858155689,49.515875999999999,0
INDEX_TIMING,1,stream192,trait,14,0,2,192,122880,245760,201523200,12069106506003686309,6616796834858155689,35.87912,0
INDEX_TIMING,1,stream192,register,15,0,0,192,122880,245760,201523200,12069106506003686309,6616796834858155689,43.915146,0
INDEX_TIMING,1,stream192,trait,15,0,1,192,122880,245760,201523200,12069106506003686309,6616796834858155689,33.622709999999998,0
INDEX_TIMING,1,stream192,direct,15,0,2,192,122880,245760,201523200,12069106506003686309,6616796834858155689,35.536875999999999,0
INDEX_TIMING,1,stream192,trait,16,0,0,192,122880,245760,201523200,12069106506003686309,6616796834858155689,33.884703999999999,0
INDEX_TIMING,1,stream192,direct,16,0,1,192,122880,245760,201523200,12069106506003686309,6616796834858155689,35.383417000000001,0
INDEX_TIMING,1,stream192,register,16,0,2,192,122880,245760,201523200,12069106506003686309,6616796834858155689,43.610011,0
INDEX_TIMING,1,stream192,direct,17,0,0,192,122880,245760,201523200,12069106506003686309,6616796834858155689,35.957787000000003,0
INDEX_TIMING,1,stream192,register,17,0,1,192,122880,245760,201523200,12069106506003686309,6616796834858155689,42.988460000000003,0
INDEX_TIMING,1,stream192,trait,17,0,2,192,122880,245760,201523200,12069106506003686309,6616796834858155689,34.430061000000002,0
INDEX_TIMING,1,hot8,register,-3,1,0,8,5120,10240,8396800,12376885800224058650,10893890428148907127,1.7943800000000001,0
INDEX_TIMING,1,hot8,trait,-3,1,1,8,5120,10240,8396800,12376885800224058650,10893890428148907127,1.3707419999999999,0
INDEX_TIMING,1,hot8,direct,-3,1,2,8,5120,10240,8396800,12376885800224058650,10893890428148907127,1.4483779999999999,0
INDEX_TIMING,1,hot8,trait,-2,1,0,8,5120,10240,8396800,12376885800224058650,10893890428148907127,1.3703510000000001,0
INDEX_TIMING,1,hot8,direct,-2,1,1,8,5120,10240,8396800,12376885800224058650,10893890428148907127,1.4464539999999999,0
INDEX_TIMING,1,hot8,register,-2,1,2,8,5120,10240,8396800,12376885800224058650,10893890428148907127,1.8198179999999999,0
INDEX_TIMING,1,hot8,direct,-1,1,0,8,5120,10240,8396800,12376885800224058650,10893890428148907127,1.4531670000000001,0
INDEX_TIMING,1,hot8,register,-1,1,1,8,5120,10240,8396800,12376885800224058650,10893890428148907127,1.7593240000000001,0
INDEX_TIMING,1,hot8,trait,-1,1,2,8,5120,10240,8396800,12376885800224058650,10893890428148907127,1.3547819999999999,0
INDEX_TIMING,1,hot8,register,0,0,0,8,5120,10240,8396800,12376885800224058650,10893890428148907127,1.9465460000000001,0
INDEX_TIMING,1,hot8,trait,0,0,1,8,5120,10240,8396800,12376885800224058650,10893890428148907127,1.430474,0
INDEX_TIMING,1,hot8,direct,0,0,2,8,5120,10240,8396800,12376885800224058650,10893890428148907127,1.438499,0
INDEX_TIMING,1,hot8,trait,1,0,0,8,5120,10240,8396800,12376885800224058650,10893890428148907127,1.359942,0
INDEX_TIMING,1,hot8,direct,1,0,1,8,5120,10240,8396800,12376885800224058650,10893890428148907127,1.4399219999999999,0
INDEX_TIMING,1,hot8,register,1,0,2,8,5120,10240,8396800,12376885800224058650,10893890428148907127,1.788429,0
INDEX_TIMING,1,hot8,direct,2,0,0,8,5120,10240,8396800,12376885800224058650,10893890428148907127,1.4394610000000001,0
INDEX_TIMING,1,hot8,register,2,0,1,8,5120,10240,8396800,12376885800224058650,10893890428148907127,1.7997799999999999,0
INDEX_TIMING,1,hot8,trait,2,0,2,8,5120,10240,8396800,12376885800224058650,10893890428148907127,1.462825,0
INDEX_TIMING,1,hot8,register,3,0,0,8,5120,10240,8396800,12376885800224058650,10893890428148907127,1.7794220000000001,0
INDEX_TIMING,1,hot8,trait,3,0,1,8,5120,10240,8396800,12376885800224058650,10893890428148907127,1.6910050000000001,0
INDEX_TIMING,1,hot8,direct,3,0,2,8,5120,10240,8396800,12376885800224058650,10893890428148907127,1.435424,0
INDEX_TIMING,1,hot8,trait,4,0,0,8,5120,10240,8396800,12376885800224058650,10893890428148907127,1.355092,0
INDEX_TIMING,1,hot8,direct,4,0,1,8,5120,10240,8396800,12376885800224058650,10893890428148907127,1.450572,0
INDEX_TIMING,1,hot8,register,4,0,2,8,5120,10240,8396800,12376885800224058650,10893890428148907127,1.7599549999999999,0
INDEX_TIMING,1,hot8,direct,5,0,0,8,5120,10240,8396800,12376885800224058650,10893890428148907127,1.437608,0
INDEX_TIMING,1,hot8,register,5,0,1,8,5120,10240,8396800,12376885800224058650,10893890428148907127,1.7525809999999999,0
INDEX_TIMING,1,hot8,trait,5,0,2,8,5120,10240,8396800,12376885800224058650,10893890428148907127,1.350814,0
INDEX_TIMING,1,hot8,register,6,0,0,8,5120,10240,8396800,12376885800224058650,10893890428148907127,1.7510680000000001,0
INDEX_TIMING,1,hot8,trait,6,0,1,8,5120,10240,8396800,12376885800224058650,10893890428148907127,1.354592,0
INDEX_TIMING,1,hot8,direct,6,0,2,8,5120,10240,8396800,12376885800224058650,10893890428148907127,1.7468399999999999,0
INDEX_TIMING,1,hot8,trait,7,0,0,8,5120,10240,8396800,12376885800224058650,10893890428148907127,1.36446,0
INDEX_TIMING,1,hot8,direct,7,0,1,8,5120,10240,8396800,12376885800224058650,10893890428148907127,1.4373880000000001,0
INDEX_TIMING,1,hot8,register,7,0,2,8,5120,10240,8396800,12376885800224058650,10893890428148907127,1.761147,0
INDEX_TIMING,1,hot8,direct,8,0,0,8,5120,10240,8396800,12376885800224058650,10893890428148907127,1.4405730000000001,0
INDEX_TIMING,1,hot8,register,8,0,1,8,5120,10240,8396800,12376885800224058650,10893890428148907127,1.748945,0
INDEX_TIMING,1,hot8,trait,8,0,2,8,5120,10240,8396800,12376885800224058650,10893890428148907127,1.3498429999999999,0
INDEX_TIMING,1,hot8,register,9,0,0,8,5120,10240,8396800,12376885800224058650,10893890428148907127,1.7589630000000001,0
INDEX_TIMING,1,hot8,trait,9,0,1,8,5120,10240,8396800,12376885800224058650,10893890428148907127,1.4999150000000001,0
INDEX_TIMING,1,hot8,direct,9,0,2,8,5120,10240,8396800,12376885800224058650,10893890428148907127,1.4526460000000001,0
INDEX_TIMING,1,hot8,trait,10,0,0,8,5120,10240,8396800,12376885800224058650,10893890428148907127,1.372987,0
INDEX_TIMING,1,hot8,direct,10,0,1,8,5120,10240,8396800,12376885800224058650,10893890428148907127,1.708798,0
INDEX_TIMING,1,hot8,register,10,0,2,8,5120,10240,8396800,12376885800224058650,10893890428148907127,1.760265,0
INDEX_TIMING,1,hot8,direct,11,0,0,8,5120,10240,8396800,12376885800224058650,10893890428148907127,1.4379379999999999,0
INDEX_TIMING,1,hot8,register,11,0,1,8,5120,10240,8396800,12376885800224058650,10893890428148907127,1.745177,0
INDEX_TIMING,1,hot8,trait,11,0,2,8,5120,10240,8396800,12376885800224058650,10893890428148907127,1.355944,0
INDEX_TIMING,1,hot8,register,12,0,0,8,5120,10240,8396800,12376885800224058650,10893890428148907127,1.7507779999999999,0
INDEX_TIMING,1,hot8,trait,12,0,1,8,5120,10240,8396800,12376885800224058650,10893890428148907127,1.3960900000000001,0
INDEX_TIMING,1,hot8,direct,12,0,2,8,5120,10240,8396800,12376885800224058650,10893890428148907127,1.4500310000000001,0
INDEX_TIMING,1,hot8,trait,13,0,0,8,5120,10240,8396800,12376885800224058650,10893890428148907127,1.357486,0
INDEX_TIMING,1,hot8,direct,13,0,1,8,5120,10240,8396800,12376885800224058650,10893890428148907127,1.493363,0
INDEX_TIMING,1,hot8,register,13,0,2,8,5120,10240,8396800,12376885800224058650,10893890428148907127,1.9592510000000001,0
INDEX_TIMING,1,hot8,direct,14,0,0,8,5120,10240,8396800,12376885800224058650,10893890428148907127,1.431136,0
INDEX_TIMING,1,hot8,register,14,0,1,8,5120,10240,8396800,12376885800224058650,10893890428148907127,1.8132649999999999,0
INDEX_TIMING,1,hot8,trait,14,0,2,8,5120,10240,8396800,12376885800224058650,10893890428148907127,1.3592109999999999,0
INDEX_TIMING,1,hot8,register,15,0,0,8,5120,10240,8396800,12376885800224058650,10893890428148907127,1.792867,0
INDEX_TIMING,1,hot8,trait,15,0,1,8,5120,10240,8396800,12376885800224058650,10893890428148907127,1.3759920000000001,0
INDEX_TIMING,1,hot8,direct,15,0,2,8,5120,10240,8396800,12376885800224058650,10893890428148907127,1.4865299999999999,0
INDEX_TIMING,1,hot8,trait,16,0,0,8,5120,10240,8396800,12376885800224058650,10893890428148907127,1.408242,0
INDEX_TIMING,1,hot8,direct,16,0,1,8,5120,10240,8396800,12376885800224058650,10893890428148907127,1.497641,0
INDEX_TIMING,1,hot8,register,16,0,2,8,5120,10240,8396800,12376885800224058650,10893890428148907127,1.8902399999999999,0
INDEX_TIMING,1,hot8,direct,17,0,0,8,5120,10240,8396800,12376885800224058650,10893890428148907127,1.846047,0
INDEX_TIMING,1,hot8,register,17,0,1,8,5120,10240,8396800,12376885800224058650,10893890428148907127,1.877696,0
INDEX_TIMING,1,hot8,trait,17,0,2,8,5120,10240,8396800,12376885800224058650,10893890428148907127,1.4220379999999999,0
INDEX_TIMING_COMPLETE,216,36,18,3,2,2,3
RESULT,iq2s_index_timing_complete,not_model_performance_or_adoption
