unix_s,0000:06:00.0_vram_used,0000:2d:00.0_vram_used,ram_used_mib,engine_rss_mib
1791285726.13,16109985792,15369101312,22713.6,10810.3
1791285786.14,16164057088,15449219072,22943.0,11179.2
1791285846.15,16164057088,15504908288,22676.0,11179.7
1791285906.16,16164200448,15492980736,22575.5,11179.8
1791285966.16,16164200448,15503187968,22899.4,11179.9
1791286026.17,16164200448,15496900608,23109.2,11179.9
1791286086.18,16164200448,15496900608,22855.4,11179.9
1791286146.19,16164200448,15464292352,22732.5,11179.9
1791286206.19,16164200448,15457988608,22771.4,11179.9
1791286266.2,16164200448,15457980416,22688.6,11179.9
1791286326.21,16164200448,15462920192,22912.9,11179.9
1791286386.22,16164200448,15456722944,23037.2,11180.1
1791286446.22,16164200448,15458516992,22885.9,11180.1
1791286506.23,16164200448,15458516992,22875.2,11180.1
1791286566.24,16164200448,15459295232,22889.7,11180.1
1791286626.24,16164200448,15454797824,23020.5,11180.1
1791286686.25,16164200448,15454797824,23125.9,11180.1
1791286746.26,16164200448,15454789632,22979.9,11180.1
1791286806.26,16164200448,15454797824,23548.4,11180.1
1791286866.27,16164200448,15454793728,23413.3,11180.1
1791286926.28,16164200448,15456886784,23322.3,11180.1
1791286986.29,16164200448,15454789632,23421.2,11180.1
1791287046.3,16164200448,15454789632,23595.9,11180.1
1791287106.31,16164200448,15454785536,23532.9,11180.1
1791287166.32,16164200448,15447945216,23669.5,11180.1
1791287226.32,16164200448,15447678976,23785.3,11180.1
1791287286.33,16164200448,15447683072,23536.7,11180.1
1791287346.34,16164200448,15447683072,23985.9,11180.1
1791287406.35,16164200448,15440838656,24009.0,11180.1
1791287466.36,16164200448,15444115456,23902.5,11180.1
1791287526.36,16164212736,15444127744,23930.5,11180.1
