cohort	layer	expert
train	2	437
train	2	139
train	2	104
train	2	83
train	2	387
train	2	50
train	2	307
train	2	210
train	2	222
train	2	481
train	2	483
train	2	444
train	2	372
train	3	90
train	3	175
train	3	137
train	3	116
train	3	451
train	3	241
train	3	445
train	3	469
train	3	330
train	3	216
train	3	197
train	3	306
train	3	397
train	4	21
train	4	218
train	4	184
train	4	79
train	4	280
train	4	175
train	4	138
train	4	63
train	4	405
train	4	316
train	4	338
train	4	9
train	4	196
train	5	68
train	5	324
train	5	173
train	5	18
train	5	194
train	5	81
train	5	400
train	5	215
train	5	213
train	5	382
train	5	161
train	5	187
train	5	468
train	6	422
train	6	48
train	6	474
train	6	433
train	6	65
train	6	142
train	6	99
train	6	120
train	6	136
train	6	208
train	6	288
train	6	170
train	6	279
train	9	243
train	9	231
train	9	503
train	9	78
train	9	58
train	9	418
train	9	270
train	9	122
train	9	53
train	9	263
train	9	267
train	9	491
train	9	211
train	11	120
train	11	247
train	11	110
train	11	74
train	11	172
train	11	336
train	11	407
train	11	367
train	11	395
train	11	85
train	11	9
train	11	234
train	11	84
train	15	27
train	15	316
train	15	272
train	15	189
train	15	60
train	15	503
train	15	209
train	15	102
train	15	37
train	15	495
train	15	61
train	15	476
train	15	138
train	19	365
train	19	348
train	19	479
train	19	281
train	19	142
train	19	388
train	19	66
train	19	106
train	19	408
train	19	245
train	19	259
train	19	421
train	19	46
train	23	101
train	23	24
train	23	224
train	23	477
train	23	91
train	23	92
train	23	31
train	23	163
train	23	337
train	23	487
train	23	121
train	23	453
train	23	190
train	24	220
train	24	131
train	24	62
train	24	2
train	24	280
train	24	82
train	24	322
train	24	342
train	24	86
train	24	386
train	24	57
train	24	32
train	24	115
train	26	319
train	26	14
train	26	112
train	26	378
train	26	217
train	26	427
train	26	226
train	26	487
train	26	289
train	26	473
train	26	301
train	26	424
train	26	48
train	32	106
train	32	351
train	32	48
train	32	131
train	32	261
train	32	187
train	32	173
train	32	511
train	32	109
train	32	429
train	32	23
train	32	120
train	34	126
train	34	17
train	34	144
train	34	395
train	34	299
train	34	283
train	34	198
train	34	261
train	34	442
train	34	486
train	34	435
train	34	207
train	39	233
train	39	416
train	39	187
train	39	327
train	39	507
train	39	482
train	39	103
train	39	398
train	39	454
train	39	155
train	39	95
train	39	107
holdout	2	402
holdout	2	110
holdout	2	245
holdout	2	431
holdout	2	2
holdout	2	160
holdout	2	412
holdout	2	258
holdout	2	502
holdout	2	317
holdout	2	249
holdout	2	339
holdout	2	463
holdout	3	366
holdout	3	247
holdout	3	66
holdout	3	411
holdout	3	442
holdout	3	217
holdout	3	489
holdout	3	212
holdout	3	252
holdout	3	402
holdout	3	403
holdout	3	394
holdout	3	24
holdout	4	353
holdout	4	281
holdout	4	210
holdout	4	16
holdout	4	396
holdout	4	5
holdout	4	307
holdout	4	128
holdout	4	163
holdout	4	156
holdout	4	323
holdout	4	334
holdout	4	197
holdout	5	56
holdout	5	275
holdout	5	314
holdout	5	74
holdout	5	154
holdout	5	146
holdout	5	62
holdout	5	244
holdout	5	129
holdout	5	110
holdout	5	169
holdout	5	247
holdout	5	167
holdout	6	84
holdout	6	31
holdout	6	241
holdout	6	286
holdout	6	131
holdout	6	316
holdout	6	394
holdout	6	0
holdout	6	387
holdout	6	138
holdout	6	505
holdout	6	357
holdout	6	253
holdout	9	472
holdout	9	404
holdout	9	373
holdout	9	317
holdout	9	13
holdout	9	209
holdout	9	132
holdout	9	383
holdout	9	274
holdout	9	262
holdout	9	4
holdout	9	442
holdout	9	2
holdout	11	280
holdout	11	268
holdout	11	320
holdout	11	66
holdout	11	374
holdout	11	318
holdout	11	187
holdout	11	299
holdout	11	233
holdout	11	163
holdout	11	509
holdout	11	343
holdout	11	87
holdout	15	511
holdout	15	196
holdout	15	44
holdout	15	370
holdout	15	469
holdout	15	147
holdout	15	322
holdout	15	321
holdout	15	187
holdout	15	241
holdout	15	491
holdout	15	169
holdout	15	296
holdout	19	190
holdout	19	61
holdout	19	426
holdout	19	181
holdout	19	338
holdout	19	456
holdout	19	431
holdout	19	482
holdout	19	307
holdout	19	454
holdout	19	498
holdout	19	445
holdout	19	428
holdout	23	447
holdout	23	12
holdout	23	306
holdout	23	360
holdout	23	59
holdout	23	295
holdout	23	430
holdout	23	194
holdout	23	222
holdout	23	334
holdout	23	247
holdout	23	87
holdout	23	120
holdout	24	215
holdout	24	320
holdout	24	202
holdout	24	376
holdout	24	434
holdout	24	304
holdout	24	468
holdout	24	35
holdout	24	216
holdout	24	162
holdout	24	277
holdout	24	497
holdout	24	369
holdout	26	109
holdout	26	417
holdout	26	464
holdout	26	99
holdout	26	175
holdout	26	273
holdout	26	366
holdout	26	271
holdout	26	88
holdout	26	393
holdout	26	494
holdout	26	488
holdout	26	290
holdout	32	360
holdout	32	241
holdout	32	25
holdout	32	8
holdout	32	246
holdout	32	230
holdout	32	486
holdout	32	49
holdout	32	470
holdout	32	332
holdout	32	333
holdout	32	20
holdout	34	246
holdout	34	146
holdout	34	37
holdout	34	189
holdout	34	25
holdout	34	390
holdout	34	285
holdout	34	277
holdout	34	468
holdout	34	294
holdout	34	358
holdout	34	471
holdout	39	475
holdout	39	406
holdout	39	74
holdout	39	110
holdout	39	338
holdout	39	295
holdout	39	247
holdout	39	186
holdout	39	212
holdout	39	118
holdout	39	390
holdout	39	78
