block,order_position,mode,trial,decode_ms,generated_tokens,mtp_accepted,mtp_offered,resume_tokens,timing_category
1,0,baseline,prefill-prime,3849.0,64,41,66,0,fresh32k-first
1,0,baseline,decode-trial0,3041.8,64,46,51,32831,restored-warm-excluded
1,0,baseline,decode-trial1,2857.0,64,46,51,32831,restored-measured
1,0,baseline,decode-trial2,2669.2,64,46,51,32831,restored-measured
1,0,baseline,decode-trial3,2632.8,64,46,51,32831,restored-measured
1,0,baseline,decode-trial4,2664.9,64,46,51,32831,restored-measured
1,0,baseline,decode-trial5,2633.9,64,46,51,32831,restored-measured
1,0,baseline,decode-trial6,2649.7,64,46,51,32831,restored-measured
1,0,baseline,decode-trial7,2930.0,64,46,51,32831,restored-measured
1,0,baseline,decode-trial8,2840.6,64,46,51,32831,restored-measured
1,0,baseline,decode-trial9,2857.5,64,46,51,32831,restored-measured
1,0,baseline,decode-trial10,2869.1,64,46,51,32831,restored-measured
1,0,baseline,decode-trial11,2926.1,64,46,51,32831,restored-measured
1,0,baseline,decode-trial12,2904.7,64,46,51,32831,restored-measured
1,1,nativeoff,prefill-prime,3997.1,64,41,66,0,fresh32k-first
1,1,nativeoff,decode-trial0,2898.8,64,46,51,32831,restored-warm-excluded
1,1,nativeoff,decode-trial1,2935.5,64,46,51,32831,restored-measured
1,1,nativeoff,decode-trial2,2874.0,64,46,51,32831,restored-measured
1,1,nativeoff,decode-trial3,2900.0,64,46,51,32831,restored-measured
1,1,nativeoff,decode-trial4,2829.1,64,46,51,32831,restored-measured
1,1,nativeoff,decode-trial5,2938.1,64,46,51,32831,restored-measured
1,1,nativeoff,decode-trial6,3190.7,64,46,51,32831,restored-measured
1,1,nativeoff,decode-trial7,3005.8,64,46,51,32831,restored-measured
1,1,nativeoff,decode-trial8,2819.2,64,46,51,32831,restored-measured
1,1,nativeoff,decode-trial9,2965.8,64,46,51,32831,restored-measured
1,1,nativeoff,decode-trial10,2869.4,64,46,51,32831,restored-measured
1,1,nativeoff,decode-trial11,2796.2,64,46,51,32831,restored-measured
1,1,nativeoff,decode-trial12,2882.9,64,46,51,32831,restored-measured
1,2,nativeon,prefill-prime,4345.3,64,41,66,0,fresh32k-first
1,2,nativeon,decode-trial0,2942.7,64,46,51,32831,restored-warm-excluded
1,2,nativeon,decode-trial1,3050.3,64,46,51,32831,restored-measured
1,2,nativeon,decode-trial2,2862.7,64,46,51,32831,restored-measured
1,2,nativeon,decode-trial3,2885.4,64,46,51,32831,restored-measured
1,2,nativeon,decode-trial4,2906.2,64,46,51,32831,restored-measured
1,2,nativeon,decode-trial5,2892.1,64,46,51,32831,restored-measured
1,2,nativeon,decode-trial6,2835.2,64,46,51,32831,restored-measured
1,2,nativeon,decode-trial7,2882.1,64,46,51,32831,restored-measured
1,2,nativeon,decode-trial8,2861.7,64,46,51,32831,restored-measured
1,2,nativeon,decode-trial9,2932.4,64,46,51,32831,restored-measured
1,2,nativeon,decode-trial10,3095.5,64,46,51,32831,restored-measured
1,2,nativeon,decode-trial11,2749.1,64,46,51,32831,restored-measured
1,2,nativeon,decode-trial12,2663.6,64,46,51,32831,restored-measured
2,0,nativeoff,prefill-prime,3870.2,64,41,66,0,fresh32k-first
2,0,nativeoff,decode-trial0,2970.4,64,46,51,32831,restored-warm-excluded
2,0,nativeoff,decode-trial1,2913.9,64,46,51,32831,restored-measured
2,0,nativeoff,decode-trial2,2869.0,64,46,51,32831,restored-measured
2,0,nativeoff,decode-trial3,2838.2,64,46,51,32831,restored-measured
2,0,nativeoff,decode-trial4,2883.4,64,46,51,32831,restored-measured
2,0,nativeoff,decode-trial5,2903.8,64,46,51,32831,restored-measured
2,0,nativeoff,decode-trial6,2885.2,64,46,51,32831,restored-measured
2,0,nativeoff,decode-trial7,3083.9,64,46,51,32831,restored-measured
2,0,nativeoff,decode-trial8,3044.0,64,46,51,32831,restored-measured
2,0,nativeoff,decode-trial9,2867.0,64,46,51,32831,restored-measured
2,0,nativeoff,decode-trial10,2977.2,64,46,51,32831,restored-measured
2,0,nativeoff,decode-trial11,2867.8,64,46,51,32831,restored-measured
2,0,nativeoff,decode-trial12,2785.2,64,46,51,32831,restored-measured
2,1,nativeon,prefill-prime,3840.3,64,41,66,0,fresh32k-first
2,1,nativeon,decode-trial0,3020.0,64,46,51,32831,restored-warm-excluded
2,1,nativeon,decode-trial1,2964.6,64,46,51,32831,restored-measured
2,1,nativeon,decode-trial2,3073.1,64,46,51,32831,restored-measured
2,1,nativeon,decode-trial3,2897.2,64,46,51,32831,restored-measured
2,1,nativeon,decode-trial4,2843.9,64,46,51,32831,restored-measured
2,1,nativeon,decode-trial5,2965.5,64,46,51,32831,restored-measured
2,1,nativeon,decode-trial6,2927.7,64,46,51,32831,restored-measured
2,1,nativeon,decode-trial7,2901.2,64,46,51,32831,restored-measured
2,1,nativeon,decode-trial8,2875.3,64,46,51,32831,restored-measured
2,1,nativeon,decode-trial9,2953.0,64,46,51,32831,restored-measured
2,1,nativeon,decode-trial10,3009.9,64,46,51,32831,restored-measured
2,1,nativeon,decode-trial11,3111.6,64,46,51,32831,restored-measured
2,1,nativeon,decode-trial12,2888.3,64,46,51,32831,restored-measured
2,2,baseline,prefill-prime,3761.6,64,41,66,0,fresh32k-first
2,2,baseline,decode-trial0,2866.4,64,46,51,32831,restored-warm-excluded
2,2,baseline,decode-trial1,3112.6,64,46,51,32831,restored-measured
2,2,baseline,decode-trial2,2918.7,64,46,51,32831,restored-measured
2,2,baseline,decode-trial3,2894.9,64,46,51,32831,restored-measured
2,2,baseline,decode-trial4,2847.3,64,46,51,32831,restored-measured
2,2,baseline,decode-trial5,2894.4,64,46,51,32831,restored-measured
2,2,baseline,decode-trial6,2832.8,64,46,51,32831,restored-measured
2,2,baseline,decode-trial7,2855.4,64,46,51,32831,restored-measured
2,2,baseline,decode-trial8,2779.9,64,46,51,32831,restored-measured
2,2,baseline,decode-trial9,2898.2,64,46,51,32831,restored-measured
2,2,baseline,decode-trial10,3055.2,64,46,51,32831,restored-measured
2,2,baseline,decode-trial11,2931.5,64,46,51,32831,restored-measured
2,2,baseline,decode-trial12,2917.5,64,46,51,32831,restored-measured
3,0,nativeon,prefill-prime,4134.8,64,41,66,0,fresh32k-first
3,0,nativeon,decode-trial0,2957.8,64,46,51,32831,restored-warm-excluded
3,0,nativeon,decode-trial1,2908.2,64,46,51,32831,restored-measured
3,0,nativeon,decode-trial2,2865.9,64,46,51,32831,restored-measured
3,0,nativeon,decode-trial3,2865.1,64,46,51,32831,restored-measured
3,0,nativeon,decode-trial4,2983.0,64,46,51,32831,restored-measured
3,0,nativeon,decode-trial5,2928.4,64,46,51,32831,restored-measured
3,0,nativeon,decode-trial6,2814.3,64,46,51,32831,restored-measured
3,0,nativeon,decode-trial7,2936.5,64,46,51,32831,restored-measured
3,0,nativeon,decode-trial8,2785.4,64,46,51,32831,restored-measured
3,0,nativeon,decode-trial9,2835.2,64,46,51,32831,restored-measured
3,0,nativeon,decode-trial10,2921.5,64,46,51,32831,restored-measured
3,0,nativeon,decode-trial11,3122.7,64,46,51,32831,restored-measured
3,0,nativeon,decode-trial12,3011.3,64,46,51,32831,restored-measured
3,1,baseline,prefill-prime,3834.0,64,41,66,0,fresh32k-first
3,1,baseline,decode-trial0,2878.9,64,46,51,32831,restored-warm-excluded
3,1,baseline,decode-trial1,2913.5,64,46,51,32831,restored-measured
3,1,baseline,decode-trial2,2891.7,64,46,51,32831,restored-measured
3,1,baseline,decode-trial3,3049.2,64,46,51,32831,restored-measured
3,1,baseline,decode-trial4,2910.1,64,46,51,32831,restored-measured
3,1,baseline,decode-trial5,2878.3,64,46,51,32831,restored-measured
3,1,baseline,decode-trial6,2878.0,64,46,51,32831,restored-measured
3,1,baseline,decode-trial7,2819.9,64,46,51,32831,restored-measured
3,1,baseline,decode-trial8,2875.0,64,46,51,32831,restored-measured
3,1,baseline,decode-trial9,2920.9,64,46,51,32831,restored-measured
3,1,baseline,decode-trial10,2963.0,64,46,51,32831,restored-measured
3,1,baseline,decode-trial11,2811.4,64,46,51,32831,restored-measured
3,1,baseline,decode-trial12,3093.5,64,46,51,32831,restored-measured
3,2,nativeoff,prefill-prime,3735.9,64,41,66,0,fresh32k-first
3,2,nativeoff,decode-trial0,2917.4,64,46,51,32831,restored-warm-excluded
3,2,nativeoff,decode-trial1,2918.8,64,46,51,32831,restored-measured
3,2,nativeoff,decode-trial2,3124.4,64,46,51,32831,restored-measured
3,2,nativeoff,decode-trial3,2916.9,64,46,51,32831,restored-measured
3,2,nativeoff,decode-trial4,2884.7,64,46,51,32831,restored-measured
3,2,nativeoff,decode-trial5,2910.4,64,46,51,32831,restored-measured
3,2,nativeoff,decode-trial6,2947.8,64,46,51,32831,restored-measured
3,2,nativeoff,decode-trial7,2925.9,64,46,51,32831,restored-measured
3,2,nativeoff,decode-trial8,2855.4,64,46,51,32831,restored-measured
3,2,nativeoff,decode-trial9,3052.2,64,46,51,32831,restored-measured
3,2,nativeoff,decode-trial10,2983.0,64,46,51,32831,restored-measured
3,2,nativeoff,decode-trial11,3011.3,64,46,51,32831,restored-measured
3,2,nativeoff,decode-trial12,2929.1,64,46,51,32831,restored-measured
4,0,nativeon,prefill-prime,4338.1,64,41,66,0,fresh32k-first
4,0,nativeon,decode-trial0,3138.2,64,46,51,32831,restored-warm-excluded
4,0,nativeon,decode-trial1,2894.5,64,46,51,32831,restored-measured
4,0,nativeon,decode-trial2,2870.3,64,46,51,32831,restored-measured
4,0,nativeon,decode-trial3,2875.9,64,46,51,32831,restored-measured
4,0,nativeon,decode-trial4,2935.5,64,46,51,32831,restored-measured
4,0,nativeon,decode-trial5,3083.7,64,46,51,32831,restored-measured
4,0,nativeon,decode-trial6,2907.1,64,46,51,32831,restored-measured
4,0,nativeon,decode-trial7,2872.4,64,46,51,32831,restored-measured
4,0,nativeon,decode-trial8,2878.6,64,46,51,32831,restored-measured
4,0,nativeon,decode-trial9,3037.4,64,46,51,32831,restored-measured
4,0,nativeon,decode-trial10,2957.2,64,46,51,32831,restored-measured
4,0,nativeon,decode-trial11,2867.0,64,46,51,32831,restored-measured
4,0,nativeon,decode-trial12,3102.0,64,46,51,32831,restored-measured
4,1,nativeoff,prefill-prime,3978.7,64,41,66,0,fresh32k-first
4,1,nativeoff,decode-trial0,3937.8,64,46,51,32831,restored-warm-excluded
4,1,nativeoff,decode-trial1,3093.7,64,46,51,32831,restored-measured
4,1,nativeoff,decode-trial2,2918.3,64,46,51,32831,restored-measured
4,1,nativeoff,decode-trial3,2859.4,64,46,51,32831,restored-measured
4,1,nativeoff,decode-trial4,3083.9,64,46,51,32831,restored-measured
4,1,nativeoff,decode-trial5,2962.0,64,46,51,32831,restored-measured
4,1,nativeoff,decode-trial6,2960.3,64,46,51,32831,restored-measured
4,1,nativeoff,decode-trial7,2806.2,64,46,51,32831,restored-measured
4,1,nativeoff,decode-trial8,2879.7,64,46,51,32831,restored-measured
4,1,nativeoff,decode-trial9,2906.9,64,46,51,32831,restored-measured
4,1,nativeoff,decode-trial10,2917.9,64,46,51,32831,restored-measured
4,1,nativeoff,decode-trial11,3030.2,64,46,51,32831,restored-measured
4,1,nativeoff,decode-trial12,2899.3,64,46,51,32831,restored-measured
4,2,baseline,prefill-prime,3847.7,64,41,66,0,fresh32k-first
4,2,baseline,decode-trial0,2828.6,64,46,51,32831,restored-warm-excluded
4,2,baseline,decode-trial1,2884.8,64,46,51,32831,restored-measured
4,2,baseline,decode-trial2,2889.9,64,46,51,32831,restored-measured
4,2,baseline,decode-trial3,2955.6,64,46,51,32831,restored-measured
4,2,baseline,decode-trial4,2825.4,64,46,51,32831,restored-measured
4,2,baseline,decode-trial5,2935.3,64,46,51,32831,restored-measured
4,2,baseline,decode-trial6,2960.4,64,46,51,32831,restored-measured
4,2,baseline,decode-trial7,2887.2,64,46,51,32831,restored-measured
4,2,baseline,decode-trial8,2829.8,64,46,51,32831,restored-measured
4,2,baseline,decode-trial9,2902.2,64,46,51,32831,restored-measured
4,2,baseline,decode-trial10,2996.9,64,46,51,32831,restored-measured
4,2,baseline,decode-trial11,3157.6,64,46,51,32831,restored-measured
4,2,baseline,decode-trial12,2846.2,64,46,51,32831,restored-measured
5,0,nativeoff,prefill-prime,3828.7,64,41,66,0,fresh32k-first
5,0,nativeoff,decode-trial0,3039.9,64,46,51,32831,restored-warm-excluded
5,0,nativeoff,decode-trial1,2906.3,64,46,51,32831,restored-measured
5,0,nativeoff,decode-trial2,2839.7,64,46,51,32831,restored-measured
5,0,nativeoff,decode-trial3,3124.0,64,46,51,32831,restored-measured
5,0,nativeoff,decode-trial4,2962.6,64,46,51,32831,restored-measured
5,0,nativeoff,decode-trial5,3006.1,64,46,51,32831,restored-measured
5,0,nativeoff,decode-trial6,2933.4,64,46,51,32831,restored-measured
5,0,nativeoff,decode-trial7,2880.4,64,46,51,32831,restored-measured
5,0,nativeoff,decode-trial8,2903.7,64,46,51,32831,restored-measured
5,0,nativeoff,decode-trial9,2940.3,64,46,51,32831,restored-measured
5,0,nativeoff,decode-trial10,3071.0,64,46,51,32831,restored-measured
5,0,nativeoff,decode-trial11,2898.5,64,46,51,32831,restored-measured
5,0,nativeoff,decode-trial12,2863.1,64,46,51,32831,restored-measured
5,1,baseline,prefill-prime,3799.3,64,41,66,0,fresh32k-first
5,1,baseline,decode-trial0,2683.5,64,46,51,32831,restored-warm-excluded
5,1,baseline,decode-trial1,2838.4,64,46,51,32831,restored-measured
5,1,baseline,decode-trial2,2914.5,64,46,51,32831,restored-measured
5,1,baseline,decode-trial3,2872.8,64,46,51,32831,restored-measured
5,1,baseline,decode-trial4,2845.2,64,46,51,32831,restored-measured
5,1,baseline,decode-trial5,2914.6,64,46,51,32831,restored-measured
5,1,baseline,decode-trial6,2963.0,64,46,51,32831,restored-measured
5,1,baseline,decode-trial7,2942.4,64,46,51,32831,restored-measured
5,1,baseline,decode-trial8,2908.1,64,46,51,32831,restored-measured
5,1,baseline,decode-trial9,2738.5,64,46,51,32831,restored-measured
5,1,baseline,decode-trial10,2874.8,64,46,51,32831,restored-measured
5,1,baseline,decode-trial11,2870.7,64,46,51,32831,restored-measured
5,1,baseline,decode-trial12,2897.4,64,46,51,32831,restored-measured
5,2,nativeon,prefill-prime,3893.4,64,41,66,0,fresh32k-first
5,2,nativeon,decode-trial0,3182.4,64,46,51,32831,restored-warm-excluded
5,2,nativeon,decode-trial1,2806.6,64,46,51,32831,restored-measured
5,2,nativeon,decode-trial2,2855.7,64,46,51,32831,restored-measured
5,2,nativeon,decode-trial3,2914.6,64,46,51,32831,restored-measured
5,2,nativeon,decode-trial4,2959.2,64,46,51,32831,restored-measured
5,2,nativeon,decode-trial5,2927.4,64,46,51,32831,restored-measured
5,2,nativeon,decode-trial6,2909.9,64,46,51,32831,restored-measured
5,2,nativeon,decode-trial7,2871.7,64,46,51,32831,restored-measured
5,2,nativeon,decode-trial8,2928.2,64,46,51,32831,restored-measured
5,2,nativeon,decode-trial9,2883.1,64,46,51,32831,restored-measured
5,2,nativeon,decode-trial10,2948.6,64,46,51,32831,restored-measured
5,2,nativeon,decode-trial11,2859.0,64,46,51,32831,restored-measured
5,2,nativeon,decode-trial12,3189.7,64,46,51,32831,restored-measured
6,0,baseline,prefill-prime,3730.3,64,41,66,0,fresh32k-first
6,0,baseline,decode-trial0,3056.4,64,46,51,32831,restored-warm-excluded
6,0,baseline,decode-trial1,2909.4,64,46,51,32831,restored-measured
6,0,baseline,decode-trial2,2922.6,64,46,51,32831,restored-measured
6,0,baseline,decode-trial3,2906.3,64,46,51,32831,restored-measured
6,0,baseline,decode-trial4,2960.6,64,46,51,32831,restored-measured
6,0,baseline,decode-trial5,2908.9,64,46,51,32831,restored-measured
6,0,baseline,decode-trial6,2898.9,64,46,51,32831,restored-measured
6,0,baseline,decode-trial7,2884.7,64,46,51,32831,restored-measured
6,0,baseline,decode-trial8,2855.1,64,46,51,32831,restored-measured
6,0,baseline,decode-trial9,2904.6,64,46,51,32831,restored-measured
6,0,baseline,decode-trial10,2971.7,64,46,51,32831,restored-measured
6,0,baseline,decode-trial11,2906.1,64,46,51,32831,restored-measured
6,0,baseline,decode-trial12,2840.9,64,46,51,32831,restored-measured
6,1,nativeon,prefill-prime,4279.6,64,41,66,0,fresh32k-first
6,1,nativeon,decode-trial0,2882.0,64,46,51,32831,restored-warm-excluded
6,1,nativeon,decode-trial1,2874.6,64,46,51,32831,restored-measured
6,1,nativeon,decode-trial2,2932.9,64,46,51,32831,restored-measured
6,1,nativeon,decode-trial3,2963.2,64,46,51,32831,restored-measured
6,1,nativeon,decode-trial4,2922.0,64,46,51,32831,restored-measured
6,1,nativeon,decode-trial5,2841.9,64,46,51,32831,restored-measured
6,1,nativeon,decode-trial6,3025.1,64,46,51,32831,restored-measured
6,1,nativeon,decode-trial7,2965.0,64,46,51,32831,restored-measured
6,1,nativeon,decode-trial8,2920.8,64,46,51,32831,restored-measured
6,1,nativeon,decode-trial9,2890.4,64,46,51,32831,restored-measured
6,1,nativeon,decode-trial10,2873.5,64,46,51,32831,restored-measured
6,1,nativeon,decode-trial11,2949.3,64,46,51,32831,restored-measured
6,1,nativeon,decode-trial12,2988.0,64,46,51,32831,restored-measured
6,2,nativeoff,prefill-prime,3941.7,64,41,66,0,fresh32k-first
6,2,nativeoff,decode-trial0,2935.9,64,46,51,32831,restored-warm-excluded
6,2,nativeoff,decode-trial1,2912.0,64,46,51,32831,restored-measured
6,2,nativeoff,decode-trial2,3011.6,64,46,51,32831,restored-measured
6,2,nativeoff,decode-trial3,2914.8,64,46,51,32831,restored-measured
6,2,nativeoff,decode-trial4,2922.4,64,46,51,32831,restored-measured
6,2,nativeoff,decode-trial5,2932.1,64,46,51,32831,restored-measured
6,2,nativeoff,decode-trial6,3012.8,64,46,51,32831,restored-measured
6,2,nativeoff,decode-trial7,2908.9,64,46,51,32831,restored-measured
6,2,nativeoff,decode-trial8,2908.6,64,46,51,32831,restored-measured
6,2,nativeoff,decode-trial9,2893.6,64,46,51,32831,restored-measured
6,2,nativeoff,decode-trial10,2851.9,64,46,51,32831,restored-measured
6,2,nativeoff,decode-trial11,2977.4,64,46,51,32831,restored-measured
6,2,nativeoff,decode-trial12,2892.2,64,46,51,32831,restored-measured
