2026/10/01 18:57:40.512, 31180 MiB, 29.21 W
2026/10/01 18:57:41.515, 31214 MiB, 29.49 W
2026/10/01 18:57:42.515, 31232 MiB, 118.17 W
2026/10/01 18:57:43.515, 31246 MiB, 114.58 W
2026/10/01 18:57:44.515, 31246 MiB, 141.37 W
2026/10/01 18:57:45.516, 31246 MiB, 142.34 W
2026/10/01 18:57:46.516, 31246 MiB, 140.80 W
2026/10/01 18:57:47.516, 31246 MiB, 126.05 W
2026/10/01 18:57:48.516, 31246 MiB, 128.06 W
2026/10/01 18:57:49.517, 31246 MiB, 143.54 W
2026/10/01 18:57:50.517, 31246 MiB, 141.90 W
2026/10/01 18:57:51.517, 31246 MiB, 145.14 W
2026/10/01 18:57:52.517, 31246 MiB, 127.34 W
2026/10/01 18:57:53.518, 31246 MiB, 134.16 W
2026/10/01 18:57:54.518, 31246 MiB, 145.32 W
2026/10/01 18:57:55.518, 31246 MiB, 144.29 W
2026/10/01 18:57:56.518, 31246 MiB, 145.30 W
2026/10/01 18:57:57.519, 31246 MiB, 115.21 W
2026/10/01 18:57:58.519, 31246 MiB, 147.22 W
2026/10/01 18:57:59.519, 31246 MiB, 145.57 W
2026/10/01 18:58:00.519, 31246 MiB, 146.29 W
2026/10/01 18:58:01.520, 31246 MiB, 134.90 W
2026/10/01 18:58:02.520, 31246 MiB, 134.85 W
2026/10/01 18:58:03.520, 31246 MiB, 147.21 W
2026/10/01 18:58:04.520, 31246 MiB, 147.53 W
2026/10/01 18:58:05.521, 31246 MiB, 146.76 W
2026/10/01 18:58:06.521, 31246 MiB, 148.66 W
2026/10/01 18:58:07.521, 31246 MiB, 147.30 W
2026/10/01 18:58:08.521, 31248 MiB, 138.00 W
2026/10/01 18:58:09.522, 31248 MiB, 146.33 W
2026/10/01 18:58:10.522, 31248 MiB, 145.73 W
2026/10/01 18:58:11.522, 31248 MiB, 148.77 W
2026/10/01 18:58:12.522, 31248 MiB, 147.59 W
2026/10/01 18:58:13.523, 31248 MiB, 148.31 W
2026/10/01 18:58:14.523, 31248 MiB, 148.44 W
2026/10/01 18:58:15.523, 31248 MiB, 142.57 W
2026/10/01 18:58:16.523, 31248 MiB, 149.23 W
2026/10/01 18:58:17.524, 31248 MiB, 148.31 W
2026/10/01 18:58:18.524, 31248 MiB, 149.37 W
2026/10/01 18:58:19.524, 31248 MiB, 146.61 W
2026/10/01 18:58:20.524, 31248 MiB, 149.34 W
2026/10/01 18:58:21.525, 31248 MiB, 147.52 W
2026/10/01 18:58:22.525, 31248 MiB, 140.98 W
2026/10/01 18:58:23.525, 31248 MiB, 142.27 W
2026/10/01 18:58:24.525, 31248 MiB, 149.50 W
2026/10/01 18:58:25.526, 31248 MiB, 148.19 W
2026/10/01 18:58:26.526, 31248 MiB, 147.24 W
2026/10/01 18:58:27.526, 31248 MiB, 148.97 W
2026/10/01 18:58:28.527, 31248 MiB, 148.49 W
