2026/10/01 18:51:37.161, 31262 MiB, 27.57 W
2026/10/01 18:51:38.164, 31262 MiB, 27.61 W
2026/10/01 18:51:39.164, 31298 MiB, 28.12 W
2026/10/01 18:51:40.165, 31298 MiB, 29.44 W
2026/10/01 18:51:41.165, 31298 MiB, 163.65 W
2026/10/01 18:51:42.165, 31300 MiB, 193.98 W
2026/10/01 18:51:43.166, 31300 MiB, 198.99 W
2026/10/01 18:51:44.166, 31300 MiB, 195.73 W
2026/10/01 18:51:45.166, 31300 MiB, 195.95 W
2026/10/01 18:51:46.167, 31300 MiB, 195.59 W
2026/10/01 18:51:47.167, 31300 MiB, 199.53 W
2026/10/01 18:51:48.167, 31300 MiB, 192.56 W
2026/10/01 18:51:49.168, 31300 MiB, 192.46 W
2026/10/01 18:51:50.168, 31300 MiB, 200.40 W
2026/10/01 18:51:51.169, 31300 MiB, 198.53 W
2026/10/01 18:51:52.169, 31314 MiB, 158.91 W
2026/10/01 18:51:53.169, 31314 MiB, 99.35 W
2026/10/01 18:51:54.170, 31318 MiB, 116.56 W
2026/10/01 18:51:55.170, 31318 MiB, 118.93 W
2026/10/01 18:51:56.170, 31322 MiB, 131.27 W
2026/10/01 18:51:57.171, 31330 MiB, 120.84 W
2026/10/01 18:51:58.172, 31330 MiB, 45.86 W
2026/10/01 18:51:59.173, 31330 MiB, 161.76 W
2026/10/01 18:52:00.173, 31330 MiB, 200.20 W
2026/10/01 18:52:01.173, 31330 MiB, 198.49 W
2026/10/01 18:52:02.175, 31330 MiB, 202.15 W
2026/10/01 18:52:03.177, 31330 MiB, 200.18 W
2026/10/01 18:52:04.177, 31330 MiB, 199.34 W
2026/10/01 18:52:05.177, 31330 MiB, 197.20 W
2026/10/01 18:52:06.177, 31330 MiB, 201.71 W
2026/10/01 18:52:07.178, 31330 MiB, 195.83 W
2026/10/01 18:52:08.179, 31330 MiB, 199.26 W
2026/10/01 18:52:09.179, 31330 MiB, 200.50 W
2026/10/01 18:52:10.180, 31330 MiB, 127.58 W
2026/10/01 18:52:11.180, 31330 MiB, 141.76 W
2026/10/01 18:52:12.180, 31330 MiB, 139.71 W
2026/10/01 18:52:13.183, 31330 MiB, 142.56 W
2026/10/01 18:52:14.183, 31330 MiB, 117.14 W
2026/10/01 18:52:15.183, 31330 MiB, 47.71 W
2026/10/01 18:52:16.184, 31330 MiB, 171.58 W
2026/10/01 18:52:17.184, 31330 MiB, 200.06 W
2026/10/01 18:52:18.185, 31330 MiB, 199.14 W
2026/10/01 18:52:19.185, 31330 MiB, 201.14 W
2026/10/01 18:52:20.185, 31330 MiB, 199.92 W
2026/10/01 18:52:21.185, 31330 MiB, 199.29 W
2026/10/01 18:52:22.186, 31330 MiB, 195.38 W
2026/10/01 18:52:23.186, 31330 MiB, 201.47 W
2026/10/01 18:52:24.186, 31330 MiB, 196.90 W
2026/10/01 18:52:25.186, 31330 MiB, 196.65 W
2026/10/01 18:52:26.187, 31330 MiB, 200.88 W
2026/10/01 18:52:27.187, 31330 MiB, 121.86 W
2026/10/01 18:52:28.189, 31330 MiB, 146.21 W
2026/10/01 18:52:29.190, 31330 MiB, 142.48 W
2026/10/01 18:52:30.190, 31330 MiB, 144.82 W
