name,apply,inject,spmd_ms,esimd_ms,unequal_output_bits
blk.0.hc_attn_,1,1,0.0351812,0.0273375,0
blk.0.hc_ffn_,1,1,0.047075,0.0265042,0
blk.1.hc_attn_,1,1,0.0429229,0.0261375,0
blk.1.hc_ffn_,1,1,0.0358833,0.0228896,0
blk.10.hc_attn_,1,1,0.0363271,0.0235729,0
blk.10.hc_ffn_,1,1,0.0358625,0.0226687,0
blk.11.hc_attn_,1,1,0.0353521,0.0212104,0
blk.11.hc_ffn_,1,1,0.0369375,0.0243562,0
blk.12.hc_attn_,1,1,0.0352937,0.0215479,0
blk.12.hc_ffn_,1,1,0.0366063,0.0230458,0
blk.13.hc_attn_,1,1,0.0367479,0.0238583,0
blk.13.hc_ffn_,1,1,0.0362021,0.0237562,0
blk.14.hc_attn_,1,1,0.0357875,0.0227229,0
blk.14.hc_ffn_,1,1,0.0365375,0.02365,0
blk.15.hc_attn_,1,1,0.0352896,0.0205646,0
blk.15.hc_ffn_,1,1,0.0359562,0.0231229,0
blk.16.hc_attn_,1,1,0.0360771,0.0220833,0
blk.16.hc_ffn_,1,1,0.035125,0.0228292,0
blk.17.hc_attn_,1,1,0.0364896,0.0227604,0
blk.17.hc_ffn_,1,1,0.0359146,0.0223167,0
blk.18.hc_attn_,1,1,0.0356292,0.02145,0
blk.18.hc_ffn_,1,1,0.0362083,0.023225,0
blk.19.hc_attn_,1,1,0.0359708,0.0217229,0
blk.19.hc_ffn_,1,1,0.0358625,0.0224063,0
blk.2.hc_attn_,1,1,0.0365729,0.0230583,0
blk.2.hc_ffn_,1,1,0.0354208,0.0215771,0
blk.20.hc_attn_,1,1,0.0366188,0.0228958,0
blk.20.hc_ffn_,1,1,0.035,0.0213771,0
blk.21.hc_attn_,1,1,0.0371146,0.0243667,0
blk.21.hc_ffn_,1,1,0.0355917,0.0212208,0
blk.22.hc_attn_,1,1,0.0353979,0.0214104,0
blk.22.hc_ffn_,1,1,0.0360896,0.0229333,0
blk.23.hc_attn_,1,1,0.0353917,0.0218563,0
blk.23.hc_ffn_,1,1,0.0361979,0.0227375,0
blk.24.hc_attn_,1,1,0.0369125,0.0240562,0
blk.24.hc_ffn_,1,1,0.0365042,0.0228937,0
blk.25.hc_attn_,1,1,0.036075,0.0229229,0
blk.25.hc_ffn_,1,1,0.0352875,0.0216917,0
blk.26.hc_attn_,1,1,0.0352083,0.02115,0
blk.26.hc_ffn_,1,1,0.0364979,0.0232271,0
blk.27.hc_attn_,1,1,0.0358083,0.0225021,0
blk.27.hc_ffn_,1,1,0.0350771,0.0220438,0
blk.28.hc_attn_,1,1,0.0370375,0.0236562,0
blk.28.hc_ffn_,1,1,0.0366167,0.0234021,0
blk.29.hc_attn_,1,1,0.0370563,0.0229833,0
blk.29.hc_ffn_,1,1,0.0361271,0.0234833,0
blk.3.hc_attn_,1,1,0.0357771,0.0226583,0
blk.3.hc_ffn_,1,1,0.0365333,0.0234271,0
blk.30.hc_attn_,1,1,0.0359458,0.0214729,0
blk.30.hc_ffn_,1,1,0.0366625,0.0238062,0
blk.31.hc_attn_,1,1,0.0362542,0.0223188,0
blk.31.hc_ffn_,1,1,0.0354,0.0243521,0
blk.32.hc_attn_,1,1,0.0358625,0.0223125,0
blk.32.hc_ffn_,1,1,0.0362667,0.0224208,0
blk.33.hc_attn_,1,1,0.0356792,0.0228979,0
blk.33.hc_ffn_,1,1,0.0368875,0.023925,0
blk.34.hc_attn_,1,1,0.0357271,0.0221813,0
blk.34.hc_ffn_,1,1,0.0352375,0.0211083,0
blk.35.hc_attn_,1,1,0.0361896,0.0233292,0
blk.35.hc_ffn_,1,1,0.0353813,0.0211063,0
blk.36.hc_attn_,1,1,0.0366854,0.0242167,0
blk.36.hc_ffn_,1,1,0.0357063,0.0227229,0
blk.37.hc_attn_,1,1,0.03575,0.0216958,0
blk.37.hc_ffn_,1,1,0.0365229,0.0235979,0
blk.38.hc_attn_,1,1,0.0352917,0.0214708,0
blk.38.hc_ffn_,1,1,0.0360083,0.0226312,0
blk.39.hc_attn_,1,1,0.0368667,0.0233563,0
blk.39.hc_ffn_,1,1,0.0366417,0.0225646,0
blk.4.hc_attn_,1,1,0.0354708,0.0225542,0
blk.4.hc_ffn_,1,1,0.0353187,0.0218146,0
blk.40.hc_attn_,1,1,0.0360292,0.0224958,0
blk.40.hc_ffn_,1,1,0.0370437,0.0233083,0
blk.41.hc_attn_,1,1,0.0357042,0.0219896,0
blk.41.hc_ffn_,1,1,0.0367687,0.0236604,0
blk.42.hc_attn_,1,1,0.0357229,0.0209229,0
blk.42.hc_ffn_,1,1,0.0359938,0.0234979,0
blk.43.hc_attn_,1,1,0.0365,0.0233625,0
blk.43.hc_ffn_,1,1,0.0360979,0.0226146,0
blk.44.hc_attn_,1,1,0.0366042,0.0222146,0
blk.44.hc_ffn_,1,1,0.0359292,0.0226292,0
blk.45.hc_attn_,1,1,0.0359896,0.02255,0
blk.45.hc_ffn_,1,1,0.0359792,0.0228125,0
blk.46.hc_attn_,1,1,0.0366833,0.0231583,0
blk.46.hc_ffn_,1,1,0.0360042,0.0226187,0
blk.47.hc_attn_,1,1,0.0370792,0.0242958,0
blk.47.hc_ffn_,1,1,0.0373833,0.0246313,0
blk.5.hc_attn_,1,1,0.0365188,0.0224729,0
blk.5.hc_ffn_,1,1,0.0367167,0.022825,0
blk.6.hc_attn_,1,1,0.0367479,0.0237042,0
blk.6.hc_ffn_,1,1,0.0353604,0.0211875,0
blk.7.hc_attn_,1,1,0.0358771,0.0229812,0
blk.7.hc_ffn_,1,1,0.0364521,0.0237563,0
blk.8.hc_attn_,1,1,0.0359833,0.0222625,0
blk.8.hc_ffn_,1,1,0.0349563,0.0216562,0
blk.9.hc_attn_,1,1,0.0355437,0.0220333,0
blk.9.hc_ffn_,1,1,0.0355042,0.0211687,0
output_hc_,0,0,0.0351563,0.0216854,0
