META,scope,synthetic_equations_only_no_model_parity_adoption_or_performance
META,key_mapping,value_head_mod16
META,double_bound,1e-10_times_1_plus_max_reference_abs_per_handoff
META,float32,characterization_only
CASE,ordinal,kind,K,V,T,chunk,nonzero,chunks,live_head_updates,double_output_abs,double_state_abs,float_output_abs,float_state_abs,serial_double_float_abs,WY_double_float_abs,analytic_abs,status
CASE,1,general,4,3,0,1,0,0,0,0,0,0,0,0,0,0,pass
CASE,2,general,4,3,0,1,1,0,0,0,0,0,0,0,0,0,pass
CASE,3,general,4,3,1,1,0,1,48,5.5511151231257827e-17,0,2.9802322387695312e-08,0,2.1850213083318692e-08,2.1850213111074268e-08,0,pass
CASE,4,general,4,3,1,1,1,1,48,1.1102230246251565e-16,1.1102230246251565e-16,5.9604644775390625e-08,5.9604644775390625e-08,4.4759066786248525e-08,3.3456381942631452e-08,0,pass
CASE,5,general,4,3,2,1,0,2,96,5.5511151231257827e-17,1.1102230246251565e-16,2.9802322387695312e-08,5.9604644775390625e-08,2.528052739370068e-08,3.7194367641379955e-08,0,pass
CASE,6,general,4,3,2,1,1,2,96,1.1102230246251565e-16,1.1102230246251565e-16,5.9604644775390625e-08,1.1920928955078125e-07,4.4759066786248525e-08,3.593815953162327e-08,0,pass
CASE,7,general,4,3,3,1,0,3,144,1.1102230246251565e-16,2.2204460492503131e-16,8.9406967163085938e-08,8.9406967163085938e-08,4.3753931255885448e-08,4.565303590720049e-08,0,pass
CASE,8,general,4,3,3,1,1,3,144,1.1102230246251565e-16,1.1102230246251565e-16,7.4505805969238281e-08,1.1920928955078125e-07,4.4759066786248525e-08,4.3750259359764954e-08,0,pass
CASE,9,beta0_decay,4,3,3,1,0,3,144,0,0,0,0,0,0,0,pass
CASE,10,beta0_decay,4,3,3,1,1,3,144,1.3877787807814457e-17,0,1.4901161193847656e-08,0,1.1429321017386584e-08,8.5400645860600477e-09,2.7755575615628914e-17,pass
CASE,11,g0,4,3,3,1,0,3,144,1.1102230246251565e-16,1.1102230246251565e-16,5.9604644775390625e-08,1.1920928955078125e-07,3.8280129732726209e-08,4.2756811480249013e-08,0,pass
CASE,12,g0,4,3,3,1,1,3,144,6.591949208711867e-17,1.6653345369377348e-16,4.4703483581542969e-08,8.9406967163085938e-08,2.8993826450829374e-08,4.3629089035990276e-08,0,pass
CASE,13,beta1,4,3,3,1,0,3,144,1.6653345369377348e-16,3.3306690738754696e-16,1.0430812835693359e-07,1.7881393432617188e-07,6.0912609678442919e-08,5.4967450147103136e-08,0,pass
CASE,14,beta1,4,3,3,1,1,3,144,1.1102230246251565e-16,2.7755575615628914e-16,1.1920928955078125e-07,2.384185791015625e-07,6.2872099526600778e-08,6.132473515108039e-08,0,pass
CASE,15,beta0_g0,4,3,3,1,0,3,144,0,0,0,0,0,0,0,pass
CASE,16,beta0_g0,4,3,3,1,1,3,144,0,0,0,0,1.0497286137556294e-08,1.0497286137556294e-08,0,pass
CASE,17,general,4,3,129,1,0,129,6192,2.7755575615628914e-16,4.4408920985006262e-16,1.1920928955078125e-07,2.0861625671386719e-07,1.0701778385691085e-07,1.3000596110757101e-07,0,pass
CASE,18,general,4,3,129,1,1,129,6192,2.3592239273284576e-16,4.4408920985006262e-16,1.1920928955078125e-07,2.384185791015625e-07,1.2666718252063447e-07,1.4759848754319904e-07,0,pass
CASE,19,general,4,3,0,8,0,0,0,0,0,0,0,0,0,0,pass
CASE,20,general,4,3,0,8,1,0,0,0,0,0,0,0,0,0,pass
CASE,21,general,4,3,7,8,0,1,336,1.6653345369377348e-16,3.3306690738754696e-16,5.9604644775390625e-08,1.4901161193847656e-07,4.6502268258308277e-08,6.7977380002748333e-08,0,pass
CASE,22,general,4,3,7,8,1,1,336,1.6653345369377348e-16,3.3306690738754696e-16,8.9406967163085938e-08,1.4901161193847656e-07,7.5769836183070538e-08,8.5536464577984361e-08,0,pass
CASE,23,general,4,3,8,8,0,1,384,1.6653345369377348e-16,2.7755575615628914e-16,7.4505805969238281e-08,1.7881393432617188e-07,4.8215428871678512e-08,8.3299036446327079e-08,0,pass
CASE,24,general,4,3,8,8,1,1,384,1.9428902930940239e-16,3.8857805861880479e-16,9.6857547760009766e-08,2.0861625671386719e-07,7.5769836183070538e-08,8.5536464577984361e-08,0,pass
CASE,25,general,4,3,9,8,0,2,432,1.6653345369377348e-16,3.3306690738754696e-16,8.9406967163085938e-08,1.7881393432617188e-07,5.1110885412875007e-08,8.3299036446327079e-08,0,pass
CASE,26,general,4,3,9,8,1,2,432,1.9428902930940239e-16,3.8857805861880479e-16,9.6857547760009766e-08,2.0861625671386719e-07,7.5769836183070538e-08,8.5536464577984361e-08,0,pass
CASE,27,general,4,3,17,8,0,3,816,2.2204460492503131e-16,3.8857805861880479e-16,1.4156103134155273e-07,2.0861625671386719e-07,7.1807249923949712e-08,8.7662174463876141e-08,0,pass
CASE,28,general,4,3,17,8,1,3,816,2.2204460492503131e-16,3.8857805861880479e-16,1.3411045074462891e-07,2.384185791015625e-07,8.2319488697857324e-08,1.1281039664912118e-07,0,pass
CASE,29,beta0_decay,4,3,17,8,0,3,816,0,0,0,0,0,0,0,pass
CASE,30,beta0_decay,4,3,17,8,1,3,816,2.7755575615628914e-17,5.5511151231257827e-17,1.862645149230957e-08,2.9802322387695312e-08,1.8244729615979338e-08,1.1687991532949304e-08,4.163336342344337e-17,pass
CASE,31,g0,4,3,17,8,0,3,816,1.8041124150158794e-16,3.3306690738754696e-16,1.4156103134155273e-07,1.7881393432617188e-07,6.8860390056713072e-08,1.0934547957364149e-07,0,pass
CASE,32,g0,4,3,17,8,1,3,816,2.2204460492503131e-16,5.5511151231257827e-16,8.9406967163085938e-08,1.7881393432617188e-07,6.4974500946224367e-08,8.7030833401113838e-08,0,pass
CASE,33,beta1,4,3,17,8,0,3,816,3.8857805861880479e-16,6.6613381477509392e-16,1.9371509552001953e-07,3.5762786865234375e-07,1.1594332455233669e-07,1.8188451167411301e-07,0,pass
CASE,34,beta1,4,3,17,8,1,3,816,4.7184478546569153e-16,6.6613381477509392e-16,2.384185791015625e-07,4.76837158203125e-07,1.4497240830024793e-07,2.0417940457817529e-07,0,pass
CASE,35,beta0_g0,4,3,17,8,0,3,816,0,0,0,0,0,0,0,pass
CASE,36,beta0_g0,4,3,17,8,1,3,816,0,0,0,0,1.1118770307239068e-08,1.1118770307239068e-08,0,pass
CASE,37,general,4,3,129,8,0,17,6192,3.6082248300317588e-16,6.3837823915946501e-16,2.384185791015625e-07,2.384185791015625e-07,1.0701778385691085e-07,2.0731727051748194e-07,0,pass
CASE,38,general,4,3,129,8,1,17,6192,3.3306690738754696e-16,5.5511151231257827e-16,1.7881393432617188e-07,2.9802322387695312e-07,1.2666718252063447e-07,1.5139573730782452e-07,0,pass
CASE,39,general,4,3,0,16,0,0,0,0,0,0,0,0,0,0,pass
CASE,40,general,4,3,0,16,1,0,0,0,0,0,0,0,0,0,pass
CASE,41,general,4,3,15,16,0,1,720,2.4980018054066022e-16,5.5511151231257827e-16,1.4901161193847656e-07,2.0861625671386719e-07,7.1807249923949712e-08,1.256611920352757e-07,0,pass
CASE,42,general,4,3,15,16,1,1,720,2.2204460492503131e-16,4.4408920985006262e-16,1.0430812835693359e-07,2.6822090148925781e-07,8.2319488697857324e-08,9.9608680317886389e-08,0,pass
CASE,43,general,4,3,16,16,0,1,768,2.4980018054066022e-16,3.6082248300317588e-16,1.4901161193847656e-07,2.384185791015625e-07,7.1807249923949712e-08,1.2911250926728179e-07,0,pass
CASE,44,general,4,3,16,16,1,1,768,2.2204460492503131e-16,4.7184478546569153e-16,1.0430812835693359e-07,2.384185791015625e-07,8.2319488697857324e-08,9.9608680317886389e-08,0,pass
CASE,45,general,4,3,17,16,0,2,816,2.4980018054066022e-16,3.6082248300317588e-16,1.4901161193847656e-07,2.384185791015625e-07,7.1807249923949712e-08,1.2911250926728179e-07,0,pass
CASE,46,general,4,3,17,16,1,2,816,2.2204460492503131e-16,4.7184478546569153e-16,1.0430812835693359e-07,2.384185791015625e-07,8.2319488697857324e-08,9.9608680317886389e-08,0,pass
CASE,47,general,4,3,33,16,0,3,1584,2.4980018054066022e-16,6.6613381477509392e-16,1.4901161193847656e-07,2.384185791015625e-07,8.0720276018908521e-08,1.3839547612776171e-07,0,pass
CASE,48,general,4,3,33,16,1,3,1584,2.7755575615628914e-16,5.5511151231257827e-16,1.3411045074462891e-07,2.6822090148925781e-07,1.0512576931187567e-07,1.2630895745990856e-07,0,pass
CASE,49,beta0_decay,4,3,33,16,0,3,1584,0,0,0,0,0,0,0,pass
CASE,50,beta0_decay,4,3,33,16,1,3,1584,4.8572257327350599e-17,6.9388939039072284e-17,2.6077032089233398e-08,3.7252902984619141e-08,3.0445738062601091e-08,1.0991629717516105e-08,8.3266726846886741e-17,pass
CASE,51,g0,4,3,33,16,0,3,1584,2.6367796834847468e-16,4.4408920985006262e-16,1.6391277313232422e-07,2.384185791015625e-07,9.1612380237471314e-08,1.6311782008449072e-07,0,pass
CASE,52,g0,4,3,33,16,1,3,1584,3.0531133177191805e-16,4.7184478546569153e-16,1.4901161193847656e-07,2.9802322387695312e-07,1.0737743422195578e-07,1.3288567740632473e-07,0,pass
CASE,53,beta1,4,3,33,16,0,3,1584,5.5511151231257827e-16,8.8817841970012523e-16,2.8312206268310547e-07,5.3644180297851562e-07,1.2044564345892184e-07,2.8430757562092346e-07,0,pass
CASE,54,beta1,4,3,33,16,1,3,1584,4.9960036108132044e-16,9.9920072216264089e-16,3.5762786865234375e-07,5.0663948059082031e-07,1.9493789715774312e-07,2.5057970898245685e-07,0,pass
CASE,55,beta0_g0,4,3,33,16,0,3,1584,0,0,0,0,0,0,0,pass
CASE,56,beta0_g0,4,3,33,16,1,3,1584,0,0,0,0,1.1118770307239068e-08,1.1118770307239068e-08,0,pass
CASE,57,general,4,3,129,16,0,9,6192,3.3306690738754696e-16,6.6613381477509392e-16,2.0861625671386719e-07,3.5762786865234375e-07,1.0701778385691085e-07,1.7769442228754428e-07,0,pass
CASE,58,general,4,3,129,16,1,9,6192,3.3306690738754696e-16,6.6613381477509392e-16,2.0861625671386719e-07,3.7252902984619141e-07,1.2666718252063447e-07,1.8103688984028032e-07,0,pass
CASE,59,general,4,3,0,32,0,0,0,0,0,0,0,0,0,0,pass
CASE,60,general,4,3,0,32,1,0,0,0,0,0,0,0,0,0,pass
CASE,61,general,4,3,31,32,0,1,1488,3.3306690738754696e-16,4.9960036108132044e-16,1.7881393432617188e-07,2.9802322387695312e-07,8.0720276018908521e-08,1.8426063597143383e-07,0,pass
CASE,62,general,4,3,31,32,1,1,1488,3.8857805861880479e-16,5.5511151231257827e-16,2.384185791015625e-07,3.5017728805541992e-07,1.0512576931187567e-07,2.5503158684880844e-07,0,pass
CASE,63,general,4,3,32,32,0,1,1536,3.3306690738754696e-16,4.4408920985006262e-16,1.7881393432617188e-07,2.9802322387695312e-07,8.0720276018908521e-08,1.8426063597143383e-07,0,pass
CASE,64,general,4,3,32,32,1,1,1536,3.8857805861880479e-16,6.6613381477509392e-16,2.384185791015625e-07,3.5762786865234375e-07,1.0512576931187567e-07,2.5503158684880844e-07,0,pass
CASE,65,general,4,3,33,32,0,2,1584,3.3306690738754696e-16,4.4408920985006262e-16,1.7881393432617188e-07,2.9802322387695312e-07,8.0720276018908521e-08,1.8426063597143383e-07,0,pass
CASE,66,general,4,3,33,32,1,2,1584,3.8857805861880479e-16,6.6613381477509392e-16,2.384185791015625e-07,3.5762786865234375e-07,1.0512576931187567e-07,2.5503158684880844e-07,0,pass
CASE,67,general,4,3,65,32,0,3,3120,3.8857805861880479e-16,6.106226635438361e-16,2.384185791015625e-07,2.9802322387695312e-07,9.7548317867790502e-08,2.3081000258273754e-07,0,pass
CASE,68,general,4,3,65,32,1,3,3120,3.8857805861880479e-16,7.7715611723760958e-16,2.384185791015625e-07,3.5762786865234375e-07,1.0512576931187567e-07,2.5503158684880844e-07,0,pass
CASE,69,beta0_decay,4,3,65,32,0,3,3120,0,0,0,0,0,0,0,pass
CASE,70,beta0_decay,4,3,65,32,1,3,3120,5.5511151231257827e-17,9.0205620750793969e-17,3.7252902984619141e-08,4.4703483581542969e-08,3.0445738062601091e-08,1.0867194651098533e-08,9.7144514654701197e-17,pass
CASE,71,g0,4,3,65,32,0,3,3120,3.8857805861880479e-16,6.9388939039072284e-16,2.384185791015625e-07,3.6694109439849854e-07,1.1545030964565939e-07,2.0993364818755467e-07,0,pass
CASE,72,g0,4,3,65,32,1,3,3120,4.4408920985006262e-16,6.6613381477509392e-16,2.384185791015625e-07,5.8114528656005859e-07,1.0737743422195578e-07,2.5417505639113713e-07,0,pass
CASE,73,beta1,4,3,65,32,0,3,3120,7.7715611723760958e-16,1.1796119636642288e-15,4.246830940246582e-07,6.8545341491699219e-07,1.6416070708347164e-07,3.9501246223982989e-07,0,pass
CASE,74,beta1,4,3,65,32,1,3,3120,7.2164496600635175e-16,1.2212453270876722e-15,3.5762786865234375e-07,6.5565109252929688e-07,1.9493789715774312e-07,3.5228760397743031e-07,0,pass
CASE,75,beta0_g0,4,3,65,32,0,3,3120,0,0,0,0,0,0,0,pass
CASE,76,beta0_g0,4,3,65,32,1,3,3120,0,0,0,0,1.1118770307239068e-08,1.1118770307239068e-08,0,pass
CASE,77,general,4,3,129,32,0,5,6192,4.4408920985006262e-16,8.3266726846886741e-16,2.384185791015625e-07,3.4272670745849609e-07,1.0701778385691085e-07,2.3081000258273754e-07,0,pass
CASE,78,general,4,3,129,32,1,5,6192,3.8857805861880479e-16,7.7715611723760958e-16,2.384185791015625e-07,3.5762786865234375e-07,1.2666718252063447e-07,2.5503158684880844e-07,0,pass
CASE,79,general,4,3,0,64,0,0,0,0,0,0,0,0,0,0,pass
CASE,80,general,4,3,0,64,1,0,0,0,0,0,0,0,0,0,pass
CASE,81,general,4,3,63,64,0,1,3024,4.4408920985006262e-16,6.6613381477509392e-16,2.0861625671386719e-07,3.1292438507080078e-07,9.7548317867790502e-08,2.1934548011248722e-07,0,pass
CASE,82,general,4,3,63,64,1,1,3024,4.4408920985006262e-16,7.7715611723760958e-16,2.5331974029541016e-07,4.1723251342773438e-07,1.0512576931187567e-07,2.5503158684880844e-07,0,pass
CASE,83,general,4,3,64,64,0,1,3072,4.4408920985006262e-16,7.0776717819853729e-16,2.0861625671386719e-07,3.5762786865234375e-07,9.7548317867790502e-08,2.1934548011248722e-07,0,pass
CASE,84,general,4,3,64,64,1,1,3072,4.4408920985006262e-16,7.7715611723760958e-16,2.5331974029541016e-07,4.1723251342773438e-07,1.0512576931187567e-07,2.5503158684880844e-07,0,pass
CASE,85,general,4,3,65,64,0,2,3120,4.4408920985006262e-16,7.2164496600635175e-16,2.0861625671386719e-07,3.5762786865234375e-07,9.7548317867790502e-08,2.1934548011248722e-07,0,pass
CASE,86,general,4,3,65,64,1,2,3120,4.4408920985006262e-16,7.7715611723760958e-16,2.5331974029541016e-07,4.1723251342773438e-07,1.0512576931187567e-07,2.5503158684880844e-07,0,pass
CASE,87,general,4,3,129,64,0,3,6192,5.2735593669694936e-16,7.0776717819853729e-16,2.5331974029541016e-07,4.76837158203125e-07,1.0701778385691085e-07,2.336428232829757e-07,0,pass
CASE,88,general,4,3,129,64,1,3,6192,4.5796699765787707e-16,7.7715611723760958e-16,2.5331974029541016e-07,4.4703483581542969e-07,1.2666718252063447e-07,2.5503158684880844e-07,0,pass
CASE,89,beta0_decay,4,3,129,64,0,3,6192,0,0,0,0,0,0,0,pass
CASE,90,beta0_decay,4,3,129,64,1,3,6192,5.8980598183211441e-17,9.7144514654701197e-17,3.7252902984619141e-08,4.0978193283081055e-08,3.0445738062601091e-08,1.0867194651098533e-08,7.6327832942979512e-17,pass
CASE,91,g0,4,3,129,64,0,3,6192,6.106226635438361e-16,1.0547118733938987e-15,3.2782554626464844e-07,5.3644180297851562e-07,1.1545030964565939e-07,2.9189899475312586e-07,0,pass
CASE,92,g0,4,3,129,64,1,3,6192,5.5511151231257827e-16,1.0547118733938987e-15,3.4272670745849609e-07,6.2584877014160156e-07,1.2395965259814901e-07,2.9569159165632186e-07,0,pass
CASE,93,beta1,4,3,129,64,0,3,6192,8.8817841970012523e-16,1.5543122344752192e-15,5.2154064178466797e-07,9.8347663879394531e-07,2.4352259075932636e-07,5.1896336875079108e-07,0,pass
CASE,94,beta1,4,3,129,64,1,3,6192,9.9920072216264089e-16,1.5543122344752192e-15,5.9604644775390625e-07,8.3446502685546875e-07,1.9493789715774312e-07,5.4264217042021556e-07,0,pass
CASE,95,beta0_g0,4,3,129,64,0,3,6192,0,0,0,0,0,0,0,pass
CASE,96,beta0_g0,4,3,129,64,1,3,6192,0,0,0,0,1.1118770307239068e-08,1.1118770307239068e-08,0,pass
CASE,97,literal,1,1,3,1,1,3,144,0,0,0,0,0,0,0,pass
CASE,98,literal,1,1,3,8,1,1,144,4.4408920985006262e-16,4.4408920985006262e-16,0,0,0,4.4408920985006262e-16,0,pass
CASE,99,general,128,128,17,16,1,2,816,4.8572257327350599e-17,4.4408920985006262e-16,2.7939677238464355e-08,2.384185791015625e-07,2.609098244399366e-08,2.120381552370848e-08,0,pass
CASE,100,general,128,128,65,64,0,2,3120,1.1796119636642288e-16,4.7184478546569153e-16,4.4703483581542969e-08,2.4586915969848633e-07,3.7536530758663922e-08,3.8684328136640023e-08,0,pass
NEGATIVE,contiguous_head_div3,1.4722930120169027,rejected
PHYSICAL_COUNTS,262144,1,262144,3145728,1548,41344,24576,824633720832
PHYSICAL_COUNTS,262144,8,32768,3145728,12832,330752,196608,103079215104
PHYSICAL_COUNTS,262144,16,16384,3145728,26688,661504,393216,51539607552
PHYSICAL_COUNTS,262144,32,8192,3145728,57472,1323008,786432,25769803776
PHYSICAL_COUNTS,262144,64,4096,3145728,131328,2646016,1572864,12884901888
RESULT,synthetic_math_pass,cases,100,model_parity,false,adopted,false,performance,false,full_lifecycle,false
