process_starting_order,phase,pair,order,arm,position,service_seconds,prevalidation_ns,queue_lookup_ns,admission_ns,recurrence_submit_host_ns,norm_submit_host_ns,recurrence_device_ns,norm_device_ns
legacy-first,warmup,1,legacy-first,legacy,1,0.249855977,700,1682,0,126413747,45009469,67801145,12322393
legacy-first,warmup,1,legacy-first,quad,2,0.22305681,602,881,77109193,802124,114445,127041874,17973749
legacy-first,warmup,2,quad-first,legacy,2,0.057779534,390,531,0,358823,130134,45461977,11890314
legacy-first,warmup,2,quad-first,quad,1,0.170168143,601,1963,660809,1087020,200256,148003956,17939481
legacy-first,sample,1,legacy-first,legacy,1,0.083902866,902,1894,0,1126253,169729,67831565,12394793
legacy-first,sample,1,legacy-first,quad,2,0.137136511,460,641,591963,307615,105786,118194687,17967708
quad-first,warmup,1,quad-first,legacy,2,0.172411798,401,1391,0,113291350,126601,46999894,11922083
quad-first,warmup,1,quad-first,quad,1,0.29289851,942,1975,90066362,1723094,42258301,148395106,17885519
quad-first,warmup,2,legacy-first,legacy,1,0.083031112,611,2124,0,1186654,201166,66969378,12346356
quad-first,warmup,2,legacy-first,quad,2,0.137307909,652,741,574006,350427,114455,118346251,17963437
quad-first,sample,1,quad-first,legacy,2,0.057800504,400,691,0,382868,128871,45465835,11886457
quad-first,sample,1,quad-first,quad,1,0.169515639,680,2274,640633,1066803,202960,147328852,17933228
