blk.0.attn_gate.weight,unequal=0,rows=6144,max_abs=0,max_value=3.90404
blk.1.ssm_out.weight,unequal=0,rows=2560,max_abs=0,max_value=4.0791
blk.3.attn_output.weight,unequal=0,rows=2560,max_abs=0,max_value=4.76858
blk.6.ffn_up_shexp.weight,unequal=0,rows=640,max_abs=0,max_value=1.9707
blk.7.attn_k.weight,unequal=0,rows=512,max_abs=0,max_value=2.63015
blk.7.attn_output.weight,unequal=0,rows=2560,max_abs=0,max_value=4.80446
blk.13.ffn_gate_shexp.weight,unequal=0,rows=640,max_abs=0,max_value=1.36899
blk.13.ssm_out.weight,unequal=0,rows=2560,max_abs=0,max_value=4.15421
blk.14.ssm_out.weight,unequal=0,rows=2560,max_abs=0,max_value=3.61442
blk.16.ssm_out.weight,unequal=0,rows=2560,max_abs=0,max_value=3.88134
blk.18.ssm_out.weight,unequal=0,rows=2560,max_abs=0,max_value=4.01659
blk.19.attn_output.weight,unequal=0,rows=2560,max_abs=0,max_value=4.04484
blk.19.attn_v.weight,unequal=0,rows=512,max_abs=0,max_value=2.2586
blk.21.ffn_up_shexp.weight,unequal=0,rows=640,max_abs=0,max_value=1.82402
blk.21.ssm_out.weight,unequal=0,rows=2560,max_abs=0,max_value=3.8821
blk.22.ssm_out.weight,unequal=0,rows=2560,max_abs=0,max_value=5.65717
blk.23.attn_output.weight,unequal=0,rows=2560,max_abs=0,max_value=5.169
blk.23.attn_v.weight,unequal=0,rows=512,max_abs=0,max_value=3.32503
blk.23.ffn_gate_shexp.weight,unequal=0,rows=640,max_abs=0,max_value=1.62592
blk.23.ffn_up_shexp.weight,unequal=0,rows=640,max_abs=0,max_value=1.52727
blk.26.attn_qkv.weight,unequal=0,rows=10240,max_abs=0,max_value=3.62191
blk.31.attn_k.weight,unequal=0,rows=512,max_abs=0,max_value=2.21837
blk.31.ffn_gate_shexp.weight,unequal=0,rows=640,max_abs=0,max_value=1.12751
blk.32.ffn_up_shexp.weight,unequal=0,rows=640,max_abs=0,max_value=1.29067
blk.34.ffn_gate_shexp.weight,unequal=0,rows=640,max_abs=0,max_value=1.79477
blk.36.ffn_gate_shexp.weight,unequal=0,rows=640,max_abs=0,max_value=1.23492
blk.36.ffn_up_shexp.weight,unequal=0,rows=640,max_abs=0,max_value=1.40775
blk.36.ssm_out.weight,unequal=0,rows=2560,max_abs=0,max_value=4.63545
blk.37.attn_qkv.weight,unequal=0,rows=10240,max_abs=0,max_value=3.907
blk.37.ffn_up_shexp.weight,unequal=0,rows=640,max_abs=0,max_value=1.96562
blk.40.ffn_gate_shexp.weight,unequal=0,rows=640,max_abs=0,max_value=2.22672
blk.40.ssm_out.weight,unequal=0,rows=2560,max_abs=0,max_value=4.16893
blk.41.attn_qkv.weight,unequal=0,rows=10240,max_abs=0,max_value=4.12446
blk.41.ssm_out.weight,unequal=0,rows=2560,max_abs=0,max_value=5.50216
blk.42.attn_qkv.weight,unequal=0,rows=10240,max_abs=0,max_value=4.07551
blk.45.attn_gate.weight,unequal=0,rows=6144,max_abs=0,max_value=3.38012
blk.46.attn_gate.weight,unequal=0,rows=6144,max_abs=0,max_value=6.48132
blk.46.ssm_out.weight,unequal=0,rows=2560,max_abs=0,max_value=5.6438
