name,type,n_in,n_out,weight_bytes,columns,device_ms
blk.0.attn_gate.weight,12,2560,6144,8847360,3,0.16706
blk.0.attn_qkv.weight,23,2560,10240,13926400,3,0.196206
blk.0.ffn_down_shexp.weight,6,640,2560,1126400,3,0.0652146
blk.0.ffn_gate_shexp.weight,23,2560,640,870400,3,0.0187854
blk.0.ffn_up_shexp.weight,11,2560,640,704000,3,0.0272542
blk.0.ssm_out.weight,13,6144,2560,10813440,3,0.139723
blk.1.attn_gate.weight,23,2560,6144,8355840,3,0.121498
blk.1.attn_qkv.weight,23,2560,10240,13926400,3,0.196073
blk.1.ffn_down_shexp.weight,42,640,2560,460800,3,0.0217667
blk.1.ffn_gate_shexp.weight,42,2560,640,460800,3,0.0155479
blk.1.ffn_up_shexp.weight,42,2560,640,460800,3,0.0154104
blk.1.ssm_out.weight,12,6144,2560,8847360,3,0.131502
blk.2.attn_gate.weight,23,2560,6144,8355840,3,0.121279
blk.2.attn_qkv.weight,23,2560,10240,13926400,3,0.196035
blk.2.ffn_down_shexp.weight,2,640,2560,921600,3,0.0582833
blk.2.ffn_gate_shexp.weight,23,2560,640,870400,3,0.0186979
blk.2.ffn_up_shexp.weight,42,2560,640,460800,3,0.0153708
blk.2.ssm_out.weight,23,6144,2560,8355840,3,0.0740896
blk.3.attn_k.weight,11,2560,512,563200,3,0.0261583
blk.3.attn_output.weight,12,6144,2560,8847360,3,0.131458
blk.3.attn_q.weight,42,2560,12288,8847360,3,0.147835
blk.3.attn_v.weight,13,2560,512,901120,3,0.0211479
blk.3.ffn_down_shexp.weight,2,640,2560,921600,3,0.0582333
blk.3.ffn_gate_shexp.weight,42,2560,640,460800,3,0.0153604
blk.3.ffn_up_shexp.weight,42,2560,640,460800,3,0.0153583
blk.4.attn_gate.weight,11,2560,6144,6758400,3,0.161979
blk.4.attn_qkv.weight,23,2560,10240,13926400,3,0.195842
blk.4.ffn_down_shexp.weight,42,640,2560,460800,3,0.0216667
blk.4.ffn_gate_shexp.weight,42,2560,640,460800,3,0.0153604
blk.4.ffn_up_shexp.weight,42,2560,640,460800,3,0.0153708
blk.4.ssm_out.weight,23,6144,2560,8355840,3,0.0740625
blk.5.attn_gate.weight,11,2560,6144,6758400,3,0.161921
blk.5.attn_qkv.weight,11,2560,10240,11264000,3,0.245971
blk.5.ffn_down_shexp.weight,2,640,2560,921600,3,0.0581771
blk.5.ffn_gate_shexp.weight,42,2560,640,460800,3,0.0153729
blk.5.ffn_up_shexp.weight,14,2560,640,1344000,3,0.0364333
blk.5.ssm_out.weight,23,6144,2560,8355840,3,0.0741562
blk.6.attn_gate.weight,11,2560,6144,6758400,3,0.162015
blk.6.attn_qkv.weight,11,2560,10240,11264000,3,0.24599
blk.6.ffn_down_shexp.weight,42,640,2560,460800,3,0.0216896
blk.6.ffn_gate_shexp.weight,42,2560,640,460800,3,0.0153667
blk.6.ffn_up_shexp.weight,12,2560,640,921600,3,0.0268375
blk.6.ssm_out.weight,11,6144,2560,6758400,3,0.179958
blk.7.attn_k.weight,12,2560,512,737280,3,0.0204896
blk.7.attn_output.weight,12,6144,2560,8847360,3,0.131313
blk.7.attn_q.weight,42,2560,12288,8847360,3,0.14781
blk.7.attn_v.weight,11,2560,512,563200,3,0.0261896
blk.7.ffn_down_shexp.weight,42,640,2560,460800,3,0.0217188
blk.7.ffn_gate_shexp.weight,42,2560,640,460800,3,0.0153729
blk.7.ffn_up_shexp.weight,42,2560,640,460800,3,0.0154
blk.8.attn_gate.weight,11,2560,6144,6758400,3,0.161946
blk.8.attn_qkv.weight,11,2560,10240,11264000,3,0.24601
blk.8.ffn_down_shexp.weight,6,640,2560,1126400,3,0.0653646
blk.8.ffn_gate_shexp.weight,42,2560,640,460800,3,0.0154208
blk.8.ffn_up_shexp.weight,42,2560,640,460800,3,0.0153625
blk.8.ssm_out.weight,23,6144,2560,8355840,3,0.0740229
blk.9.attn_gate.weight,42,2560,6144,4423680,3,0.0810229
blk.9.attn_qkv.weight,42,2560,10240,7372800,3,0.12331
blk.9.ffn_down_shexp.weight,42,640,2560,460800,3,0.0217271
blk.9.ffn_gate_shexp.weight,23,2560,640,870400,3,0.0187229
blk.9.ffn_up_shexp.weight,42,2560,640,460800,3,0.0153792
blk.9.ssm_out.weight,11,6144,2560,6758400,3,0.179892
blk.10.attn_gate.weight,42,2560,6144,4423680,3,0.0810333
blk.10.attn_qkv.weight,11,2560,10240,11264000,3,0.246071
blk.10.ffn_down_shexp.weight,20,640,2560,921600,3,0.0601646
blk.10.ffn_gate_shexp.weight,42,2560,640,460800,3,0.0153479
blk.10.ffn_up_shexp.weight,11,2560,640,704000,3,0.0273063
blk.10.ssm_out.weight,23,6144,2560,8355840,3,0.0739708
blk.11.attn_k.weight,23,2560,512,696320,3,0.0167937
blk.11.attn_output.weight,14,6144,2560,12902400,3,0.211004
blk.11.attn_q.weight,11,2560,12288,13516800,3,0.306913
blk.11.attn_v.weight,23,2560,512,696320,3,0.0168771
blk.11.ffn_down_shexp.weight,42,640,2560,460800,3,0.021725
blk.11.ffn_gate_shexp.weight,23,2560,640,870400,3,0.0186708
blk.11.ffn_up_shexp.weight,11,2560,640,704000,3,0.0273333
blk.12.attn_gate.weight,42,2560,6144,4423680,3,0.0809771
blk.12.attn_qkv.weight,11,2560,10240,11264000,3,0.246029
blk.12.ffn_down_shexp.weight,42,640,2560,460800,3,0.0217104
blk.12.ffn_gate_shexp.weight,11,2560,640,704000,3,0.0273396
blk.12.ffn_up_shexp.weight,42,2560,640,460800,3,0.0154062
blk.12.ssm_out.weight,23,6144,2560,8355840,3,0.0740604
blk.13.attn_gate.weight,11,2560,6144,6758400,3,0.161969
blk.13.attn_qkv.weight,11,2560,10240,11264000,3,0.246087
blk.13.ffn_down_shexp.weight,42,640,2560,460800,3,0.0216667
blk.13.ffn_gate_shexp.weight,12,2560,640,921600,3,0.0267479
blk.13.ffn_up_shexp.weight,11,2560,640,704000,3,0.0273146
blk.13.ssm_out.weight,12,6144,2560,8847360,3,0.13149
blk.14.attn_gate.weight,11,2560,6144,6758400,3,0.162025
blk.14.attn_qkv.weight,11,2560,10240,11264000,3,0.246096
blk.14.ffn_down_shexp.weight,8,640,2560,1740800,3,0.0717667
blk.14.ffn_gate_shexp.weight,11,2560,640,704000,3,0.0272979
blk.14.ffn_up_shexp.weight,11,2560,640,704000,3,0.0273438
blk.14.ssm_out.weight,12,6144,2560,8847360,3,0.13131
blk.15.attn_k.weight,13,2560,512,901120,3,0.0212563
blk.15.attn_output.weight,13,6144,2560,10813440,3,0.13974
blk.15.attn_q.weight,23,2560,12288,16711680,3,0.231544
blk.15.attn_v.weight,13,2560,512,901120,3,0.0211146
blk.15.ffn_down_shexp.weight,6,640,2560,1126400,3,0.0651583
blk.15.ffn_gate_shexp.weight,42,2560,640,460800,3,0.0154042
blk.15.ffn_up_shexp.weight,11,2560,640,704000,3,0.0273417
blk.16.attn_gate.weight,42,2560,6144,4423680,3,0.0810042
blk.16.attn_qkv.weight,11,2560,10240,11264000,3,0.246177
blk.16.ffn_down_shexp.weight,2,640,2560,921600,3,0.0582604
blk.16.ffn_gate_shexp.weight,11,2560,640,704000,3,0.0273646
blk.16.ffn_up_shexp.weight,11,2560,640,704000,3,0.0273104
blk.16.ssm_out.weight,12,6144,2560,8847360,3,0.131275
blk.17.attn_gate.weight,11,2560,6144,6758400,3,0.162065
blk.17.attn_qkv.weight,11,2560,10240,11264000,3,0.24611
blk.17.ffn_down_shexp.weight,2,640,2560,921600,3,0.0582667
blk.17.ffn_gate_shexp.weight,42,2560,640,460800,3,0.0154187
blk.17.ffn_up_shexp.weight,42,2560,640,460800,3,0.0153625
blk.17.ssm_out.weight,11,6144,2560,6758400,3,0.180006
blk.18.attn_gate.weight,23,2560,6144,8355840,3,0.121454
blk.18.attn_qkv.weight,11,2560,10240,11264000,3,0.24606
blk.18.ffn_down_shexp.weight,2,640,2560,921600,3,0.0583417
blk.18.ffn_gate_shexp.weight,42,2560,640,460800,3,0.0153708
blk.18.ffn_up_shexp.weight,23,2560,640,870400,3,0.0186375
blk.18.ssm_out.weight,12,6144,2560,8847360,3,0.131102
blk.19.attn_k.weight,11,2560,512,563200,3,0.0261729
blk.19.attn_output.weight,12,6144,2560,8847360,3,0.131342
blk.19.attn_q.weight,11,2560,12288,13516800,3,0.306898
blk.19.attn_v.weight,12,2560,512,737280,3,0.0206083
blk.19.ffn_down_shexp.weight,2,640,2560,921600,3,0.0581354
blk.19.ffn_gate_shexp.weight,42,2560,640,460800,3,0.015375
blk.19.ffn_up_shexp.weight,11,2560,640,704000,3,0.0273438
blk.20.attn_gate.weight,11,2560,6144,6758400,3,0.16199
blk.20.attn_qkv.weight,11,2560,10240,11264000,3,0.246077
blk.20.ffn_down_shexp.weight,42,640,2560,460800,3,0.0217437
blk.20.ffn_gate_shexp.weight,11,2560,640,704000,3,0.0274042
blk.20.ffn_up_shexp.weight,42,2560,640,460800,3,0.0153604
blk.20.ssm_out.weight,23,6144,2560,8355840,3,0.0741
blk.21.attn_gate.weight,11,2560,6144,6758400,3,0.161994
blk.21.attn_qkv.weight,11,2560,10240,11264000,3,0.246158
blk.21.ffn_down_shexp.weight,2,640,2560,921600,3,0.0583458
blk.21.ffn_gate_shexp.weight,42,2560,640,460800,3,0.0153854
blk.21.ffn_up_shexp.weight,12,2560,640,921600,3,0.0268479
blk.21.ssm_out.weight,12,6144,2560,8847360,3,0.131425
blk.22.attn_gate.weight,11,2560,6144,6758400,3,0.162017
blk.22.attn_qkv.weight,11,2560,10240,11264000,3,0.246019
blk.22.ffn_down_shexp.weight,42,640,2560,460800,3,0.0216792
blk.22.ffn_gate_shexp.weight,42,2560,640,460800,3,0.0154021
blk.22.ffn_up_shexp.weight,23,2560,640,870400,3,0.0186792
blk.22.ssm_out.weight,12,6144,2560,8847360,3,0.130773
blk.23.attn_k.weight,23,2560,512,696320,3,0.0168437
blk.23.attn_output.weight,12,6144,2560,8847360,3,0.131344
blk.23.attn_q.weight,11,2560,12288,13516800,3,0.307398
blk.23.attn_v.weight,12,2560,512,737280,3,0.0206354
blk.23.ffn_down_shexp.weight,20,640,2560,921600,3,0.0600333
blk.23.ffn_gate_shexp.weight,12,2560,640,921600,3,0.0266688
blk.23.ffn_up_shexp.weight,12,2560,640,921600,3,0.0267479
blk.24.attn_gate.weight,11,2560,6144,6758400,3,0.16206
blk.24.attn_qkv.weight,23,2560,10240,13926400,3,0.1959
blk.24.ffn_down_shexp.weight,6,640,2560,1126400,3,0.0651646
blk.24.ffn_gate_shexp.weight,11,2560,640,704000,3,0.0273021
blk.24.ffn_up_shexp.weight,13,2560,640,1126400,3,0.0287979
blk.24.ssm_out.weight,23,6144,2560,8355840,3,0.0742104
blk.25.attn_gate.weight,11,2560,6144,6758400,3,0.162006
blk.25.attn_qkv.weight,11,2560,10240,11264000,3,0.246177
blk.25.ffn_down_shexp.weight,42,640,2560,460800,3,0.0217083
blk.25.ffn_gate_shexp.weight,42,2560,640,460800,3,0.0154229
blk.25.ffn_up_shexp.weight,11,2560,640,704000,3,0.0273354
blk.25.ssm_out.weight,23,6144,2560,8355840,3,0.0740729
blk.26.attn_gate.weight,11,2560,6144,6758400,3,0.162021
blk.26.attn_qkv.weight,12,2560,10240,14745600,3,0.290248
blk.26.ffn_down_shexp.weight,20,640,2560,921600,3,0.0598625
blk.26.ffn_gate_shexp.weight,42,2560,640,460800,3,0.0154
blk.26.ffn_up_shexp.weight,11,2560,640,704000,3,0.0274333
blk.26.ssm_out.weight,13,6144,2560,10813440,3,0.140375
blk.27.attn_k.weight,23,2560,512,696320,3,0.0168042
blk.27.attn_output.weight,14,6144,2560,12902400,3,0.211313
blk.27.attn_q.weight,11,2560,12288,13516800,3,0.307146
blk.27.attn_v.weight,23,2560,512,696320,3,0.0168417
blk.27.ffn_down_shexp.weight,42,640,2560,460800,3,0.0217667
blk.27.ffn_gate_shexp.weight,11,2560,640,704000,3,0.0273042
blk.27.ffn_up_shexp.weight,42,2560,640,460800,3,0.0153708
blk.28.attn_gate.weight,11,2560,6144,6758400,3,0.16199
blk.28.attn_qkv.weight,11,2560,10240,11264000,3,0.246106
blk.28.ffn_down_shexp.weight,2,640,2560,921600,3,0.0582667
blk.28.ffn_gate_shexp.weight,14,2560,640,1344000,3,0.0363688
blk.28.ffn_up_shexp.weight,11,2560,640,704000,3,0.0273417
blk.28.ssm_out.weight,23,6144,2560,8355840,3,0.0741
blk.29.attn_gate.weight,11,2560,6144,6758400,3,0.162077
blk.29.attn_qkv.weight,11,2560,10240,11264000,3,0.246183
blk.29.ffn_down_shexp.weight,6,640,2560,1126400,3,0.0652271
blk.29.ffn_gate_shexp.weight,42,2560,640,460800,3,0.0153958
blk.29.ffn_up_shexp.weight,11,2560,640,704000,3,0.0273771
blk.29.ssm_out.weight,23,6144,2560,8355840,3,0.0741083
blk.30.attn_gate.weight,11,2560,6144,6758400,3,0.162031
blk.30.attn_qkv.weight,23,2560,10240,13926400,3,0.196342
blk.30.ffn_down_shexp.weight,42,640,2560,460800,3,0.0216979
blk.30.ffn_gate_shexp.weight,11,2560,640,704000,3,0.0273104
blk.30.ffn_up_shexp.weight,23,2560,640,870400,3,0.0186875
blk.30.ssm_out.weight,23,6144,2560,8355840,3,0.0740896
blk.31.attn_k.weight,12,2560,512,737280,3,0.0206021
blk.31.attn_output.weight,14,6144,2560,12902400,3,0.211296
blk.31.attn_q.weight,23,2560,12288,16711680,3,0.231642
blk.31.attn_v.weight,14,2560,512,1075200,3,0.0293354
blk.31.ffn_down_shexp.weight,2,640,2560,921600,3,0.0581583
blk.31.ffn_gate_shexp.weight,12,2560,640,921600,3,0.0270333
blk.31.ffn_up_shexp.weight,42,2560,640,460800,3,0.0153667
blk.32.attn_gate.weight,11,2560,6144,6758400,3,0.162038
blk.32.attn_qkv.weight,23,2560,10240,13926400,3,0.195842
blk.32.ffn_down_shexp.weight,2,640,2560,921600,3,0.0583646
blk.32.ffn_gate_shexp.weight,42,2560,640,460800,3,0.0153771
blk.32.ffn_up_shexp.weight,12,2560,640,921600,3,0.0268938
blk.32.ssm_out.weight,23,6144,2560,8355840,3,0.074175
blk.33.attn_gate.weight,11,2560,6144,6758400,3,0.162013
blk.33.attn_qkv.weight,11,2560,10240,11264000,3,0.245977
blk.33.ffn_down_shexp.weight,42,640,2560,460800,3,0.0217229
blk.33.ffn_gate_shexp.weight,11,2560,640,704000,3,0.0273125
blk.33.ffn_up_shexp.weight,11,2560,640,704000,3,0.0273083
blk.33.ssm_out.weight,23,6144,2560,8355840,3,0.0741188
blk.34.attn_gate.weight,11,2560,6144,6758400,3,0.162006
blk.34.attn_qkv.weight,23,2560,10240,13926400,3,0.195896
blk.34.ffn_down_shexp.weight,2,640,2560,921600,3,0.0581
blk.34.ffn_gate_shexp.weight,12,2560,640,921600,3,0.0269771
blk.34.ffn_up_shexp.weight,42,2560,640,460800,3,0.0153979
blk.34.ssm_out.weight,13,6144,2560,10813440,3,0.139998
blk.35.attn_k.weight,11,2560,512,563200,3,0.026175
blk.35.attn_output.weight,13,6144,2560,10813440,3,0.139031
blk.35.attn_q.weight,11,2560,12288,13516800,3,0.307296
blk.35.attn_v.weight,23,2560,512,696320,3,0.0168375
blk.35.ffn_down_shexp.weight,42,640,2560,460800,3,0.0217083
blk.35.ffn_gate_shexp.weight,42,2560,640,460800,3,0.0153667
blk.35.ffn_up_shexp.weight,11,2560,640,704000,3,0.0272792
blk.36.attn_gate.weight,11,2560,6144,6758400,3,0.161942
blk.36.attn_qkv.weight,23,2560,10240,13926400,3,0.195952
blk.36.ffn_down_shexp.weight,42,640,2560,460800,3,0.0216854
blk.36.ffn_gate_shexp.weight,12,2560,640,921600,3,0.0267625
blk.36.ffn_up_shexp.weight,12,2560,640,921600,3,0.0268354
blk.36.ssm_out.weight,12,6144,2560,8847360,3,0.131406
blk.37.attn_gate.weight,11,2560,6144,6758400,3,0.162013
blk.37.attn_qkv.weight,12,2560,10240,14745600,3,0.290067
blk.37.ffn_down_shexp.weight,6,640,2560,1126400,3,0.0652063
blk.37.ffn_gate_shexp.weight,23,2560,640,870400,3,0.0186896
blk.37.ffn_up_shexp.weight,12,2560,640,921600,3,0.0268312
blk.37.ssm_out.weight,23,6144,2560,8355840,3,0.0740417
blk.38.attn_gate.weight,11,2560,6144,6758400,3,0.162067
blk.38.attn_qkv.weight,23,2560,10240,13926400,3,0.196004
blk.38.ffn_down_shexp.weight,2,640,2560,921600,3,0.0583875
blk.38.ffn_gate_shexp.weight,23,2560,640,870400,3,0.018675
blk.38.ffn_up_shexp.weight,11,2560,640,704000,3,0.0272292
blk.38.ssm_out.weight,14,6144,2560,12902400,3,0.211329
blk.39.attn_k.weight,13,2560,512,901120,3,0.0210875
blk.39.attn_output.weight,13,6144,2560,10813440,3,0.138158
blk.39.attn_q.weight,11,2560,12288,13516800,3,0.307213
blk.39.attn_v.weight,14,2560,512,1075200,3,0.0293062
blk.39.ffn_down_shexp.weight,20,640,2560,921600,3,0.0599458
blk.39.ffn_gate_shexp.weight,11,2560,640,704000,3,0.0273396
blk.39.ffn_up_shexp.weight,23,2560,640,870400,3,0.0186854
blk.40.attn_gate.weight,23,2560,6144,8355840,3,0.121358
blk.40.attn_qkv.weight,11,2560,10240,11264000,3,0.246117
blk.40.ffn_down_shexp.weight,20,640,2560,921600,3,0.0601146
blk.40.ffn_gate_shexp.weight,12,2560,640,921600,3,0.0268333
blk.40.ffn_up_shexp.weight,11,2560,640,704000,3,0.0273083
blk.40.ssm_out.weight,12,6144,2560,8847360,3,0.131288
blk.41.attn_gate.weight,11,2560,6144,6758400,3,0.162038
blk.41.attn_qkv.weight,12,2560,10240,14745600,3,0.290452
blk.41.ffn_down_shexp.weight,2,640,2560,921600,3,0.0583938
blk.41.ffn_gate_shexp.weight,11,2560,640,704000,3,0.0273625
blk.41.ffn_up_shexp.weight,11,2560,640,704000,3,0.0273271
blk.41.ssm_out.weight,12,6144,2560,8847360,3,0.13141
blk.42.attn_gate.weight,11,2560,6144,6758400,3,0.162081
blk.42.attn_qkv.weight,12,2560,10240,14745600,3,0.290131
blk.42.ffn_down_shexp.weight,2,640,2560,921600,3,0.0583396
blk.42.ffn_gate_shexp.weight,42,2560,640,460800,3,0.0153792
blk.42.ffn_up_shexp.weight,11,2560,640,704000,3,0.0273354
blk.42.ssm_out.weight,23,6144,2560,8355840,3,0.0740083
blk.43.attn_k.weight,23,2560,512,696320,3,0.0167729
blk.43.attn_output.weight,14,6144,2560,12902400,3,0.211454
blk.43.attn_q.weight,23,2560,12288,16711680,3,0.231342
blk.43.attn_v.weight,14,2560,512,1075200,3,0.0292896
blk.43.ffn_down_shexp.weight,20,640,2560,921600,3,0.0598042
blk.43.ffn_gate_shexp.weight,42,2560,640,460800,3,0.0153646
blk.43.ffn_up_shexp.weight,23,2560,640,870400,3,0.0186667
blk.44.attn_gate.weight,11,2560,6144,6758400,3,0.162042
blk.44.attn_qkv.weight,23,2560,10240,13926400,3,0.19611
blk.44.ffn_down_shexp.weight,20,640,2560,921600,3,0.0600083
blk.44.ffn_gate_shexp.weight,11,2560,640,704000,3,0.0273333
blk.44.ffn_up_shexp.weight,11,2560,640,704000,3,0.0273146
blk.44.ssm_out.weight,14,6144,2560,12902400,3,0.211248
blk.45.attn_gate.weight,12,2560,6144,8847360,3,0.166625
blk.45.attn_qkv.weight,23,2560,10240,13926400,3,0.196146
blk.45.ffn_down_shexp.weight,6,640,2560,1126400,3,0.0652562
blk.45.ffn_gate_shexp.weight,11,2560,640,704000,3,0.0274333
blk.45.ffn_up_shexp.weight,11,2560,640,704000,3,0.0273146
blk.45.ssm_out.weight,23,6144,2560,8355840,3,0.0740333
blk.46.attn_gate.weight,12,2560,6144,8847360,3,0.166929
blk.46.attn_qkv.weight,23,2560,10240,13926400,3,0.195758
blk.46.ffn_down_shexp.weight,2,640,2560,921600,3,0.0582188
blk.46.ffn_gate_shexp.weight,13,2560,640,1126400,3,0.0281125
blk.46.ffn_up_shexp.weight,11,2560,640,704000,3,0.0272896
blk.46.ssm_out.weight,12,6144,2560,8847360,3,0.130973
blk.47.attn_k.weight,14,2560,512,1075200,3,0.0294187
blk.47.attn_output.weight,13,6144,2560,10813440,3,0.138504
blk.47.attn_q.weight,23,2560,12288,16711680,3,0.231429
blk.47.attn_v.weight,13,2560,512,901120,3,0.0213229
blk.47.ffn_down_shexp.weight,8,640,2560,1740800,3,0.0715625
blk.47.ffn_gate_shexp.weight,11,2560,640,704000,3,0.0273458
blk.47.ffn_up_shexp.weight,13,2560,640,1126400,3,0.0285167
