blk.0.attn_qkv.weight,unequal=0,rows=10240,max_abs=0,max_value=4.43419
blk.0.ffn_gate_shexp.weight,unequal=0,rows=640,max_abs=0,max_value=1.85386
blk.1.attn_gate.weight,unequal=0,rows=6144,max_abs=0,max_value=2.80596
blk.1.attn_qkv.weight,unequal=0,rows=10240,max_abs=0,max_value=2.79889
blk.2.attn_gate.weight,unequal=0,rows=6144,max_abs=0,max_value=3.54855
blk.2.attn_qkv.weight,unequal=0,rows=10240,max_abs=0,max_value=3.55708
blk.2.ffn_gate_shexp.weight,unequal=0,rows=640,max_abs=0,max_value=1.32151
blk.2.ssm_out.weight,unequal=0,rows=2560,max_abs=0,max_value=5.74455
blk.4.attn_qkv.weight,unequal=0,rows=10240,max_abs=0,max_value=2.93755
blk.4.ssm_out.weight,unequal=0,rows=2560,max_abs=0,max_value=4.37718
blk.5.ssm_out.weight,unequal=0,rows=2560,max_abs=0,max_value=3.9873
blk.8.ssm_out.weight,unequal=0,rows=2560,max_abs=0,max_value=3.98968
blk.9.ffn_gate_shexp.weight,unequal=0,rows=640,max_abs=0,max_value=1.48176
blk.10.ssm_out.weight,unequal=0,rows=2560,max_abs=0,max_value=4.39855
blk.11.attn_k.weight,unequal=0,rows=512,max_abs=0,max_value=1.90798
blk.11.attn_v.weight,unequal=0,rows=512,max_abs=0,max_value=3.26391
blk.11.ffn_gate_shexp.weight,unequal=0,rows=640,max_abs=0,max_value=1.43243
blk.12.ssm_out.weight,unequal=0,rows=2560,max_abs=0,max_value=3.85066
blk.15.attn_q.weight,unequal=0,rows=12288,max_abs=0,max_value=3.34175
blk.18.attn_gate.weight,unequal=0,rows=6144,max_abs=0,max_value=2.94551
blk.18.ffn_up_shexp.weight,unequal=0,rows=640,max_abs=0,max_value=1.27864
blk.20.ssm_out.weight,unequal=0,rows=2560,max_abs=0,max_value=3.71113
blk.22.ffn_up_shexp.weight,unequal=0,rows=640,max_abs=0,max_value=1.33544
blk.23.attn_k.weight,unequal=0,rows=512,max_abs=0,max_value=2.25061
blk.24.attn_qkv.weight,unequal=0,rows=10240,max_abs=0,max_value=3.09498
blk.24.ssm_out.weight,unequal=0,rows=2560,max_abs=0,max_value=3.73194
blk.25.ssm_out.weight,unequal=0,rows=2560,max_abs=0,max_value=3.74429
blk.27.attn_k.weight,unequal=0,rows=512,max_abs=0,max_value=2.28348
blk.27.attn_v.weight,unequal=0,rows=512,max_abs=0,max_value=2.95678
blk.28.ssm_out.weight,unequal=0,rows=2560,max_abs=0,max_value=3.5816
blk.29.ssm_out.weight,unequal=0,rows=2560,max_abs=0,max_value=3.98271
blk.30.attn_qkv.weight,unequal=0,rows=10240,max_abs=0,max_value=3.56571
blk.30.ffn_up_shexp.weight,unequal=0,rows=640,max_abs=0,max_value=1.26101
blk.30.ssm_out.weight,unequal=0,rows=2560,max_abs=0,max_value=3.85193
blk.31.attn_q.weight,unequal=0,rows=12288,max_abs=0,max_value=4.25587
blk.32.attn_qkv.weight,unequal=0,rows=10240,max_abs=0,max_value=4.83968
blk.32.ssm_out.weight,unequal=0,rows=2560,max_abs=0,max_value=3.50421
blk.33.ssm_out.weight,unequal=0,rows=2560,max_abs=0,max_value=4.21238
blk.34.attn_qkv.weight,unequal=0,rows=10240,max_abs=0,max_value=5.18537
blk.35.attn_v.weight,unequal=0,rows=512,max_abs=0,max_value=2.09198
blk.36.attn_qkv.weight,unequal=0,rows=10240,max_abs=0,max_value=4.16915
blk.37.ffn_gate_shexp.weight,unequal=0,rows=640,max_abs=0,max_value=1.51854
blk.37.ssm_out.weight,unequal=0,rows=2560,max_abs=0,max_value=3.58837
blk.38.attn_qkv.weight,unequal=0,rows=10240,max_abs=0,max_value=5.29577
blk.38.ffn_gate_shexp.weight,unequal=0,rows=640,max_abs=0,max_value=1.29734
blk.39.ffn_up_shexp.weight,unequal=0,rows=640,max_abs=0,max_value=1.80797
blk.40.attn_gate.weight,unequal=0,rows=6144,max_abs=0,max_value=2.96179
blk.42.ssm_out.weight,unequal=0,rows=2560,max_abs=0,max_value=4.01119
blk.43.attn_k.weight,unequal=0,rows=512,max_abs=0,max_value=2.00069
blk.43.attn_q.weight,unequal=0,rows=12288,max_abs=0,max_value=4.42055
blk.43.ffn_up_shexp.weight,unequal=0,rows=640,max_abs=0,max_value=1.60872
blk.44.attn_qkv.weight,unequal=0,rows=10240,max_abs=0,max_value=12.079
blk.45.attn_qkv.weight,unequal=0,rows=10240,max_abs=0,max_value=3.69869
blk.45.ssm_out.weight,unequal=0,rows=2560,max_abs=0,max_value=6.02929
blk.46.attn_qkv.weight,unequal=0,rows=10240,max_abs=0,max_value=4.11788
blk.47.attn_q.weight,unequal=0,rows=12288,max_abs=0,max_value=3.74832
