2026/10/01 21:13:41.916, 11039 MiB, 35.28 W
2026/10/01 21:13:42.955, 11069 MiB, 31.03 W
2026/10/01 21:13:43.996, 11087 MiB, 35.51 W
2026/10/01 21:13:45.037, 11087 MiB, 56.18 W
2026/10/01 21:13:46.074, 11087 MiB, 56.24 W
2026/10/01 21:13:47.113, 11087 MiB, 55.46 W
2026/10/01 21:13:48.148, 11087 MiB, 56.30 W
2026/10/01 21:13:49.186, 11087 MiB, 60.85 W
2026/10/01 21:13:50.222, 11087 MiB, 56.43 W
2026/10/01 21:13:51.259, 11087 MiB, 59.66 W
2026/10/01 21:13:52.297, 11087 MiB, 62.10 W
2026/10/01 21:13:53.336, 11087 MiB, 68.63 W
2026/10/01 21:13:54.375, 11087 MiB, 70.83 W
2026/10/01 21:13:55.413, 11087 MiB, 71.97 W
2026/10/01 21:13:56.451, 11087 MiB, 70.27 W
2026/10/01 21:13:57.489, 11087 MiB, 69.26 W
2026/10/01 21:13:58.527, 11087 MiB, 69.93 W
2026/10/01 21:13:59.563, 11087 MiB, 71.82 W
2026/10/01 21:14:00.599, 11091 MiB, 62.92 W
2026/10/01 21:14:01.636, 11091 MiB, 70.51 W
2026/10/01 21:14:02.673, 11091 MiB, 69.84 W
2026/10/01 21:14:03.711, 11091 MiB, 63.70 W
2026/10/01 21:14:04.749, 11091 MiB, 54.26 W
2026/10/01 21:14:05.788, 11091 MiB, 40.44 W
2026/10/01 21:14:06.826, 11091 MiB, 53.78 W
2026/10/01 21:14:07.865, 11091 MiB, 57.05 W
2026/10/01 21:14:08.901, 11091 MiB, 56.35 W
2026/10/01 21:14:09.937, 11091 MiB, 57.76 W
2026/10/01 21:14:10.974, 11091 MiB, 57.00 W
2026/10/01 21:14:12.012, 11091 MiB, 55.28 W
2026/10/01 21:14:13.048, 11091 MiB, 63.45 W
2026/10/01 21:14:14.085, 11091 MiB, 73.03 W
2026/10/01 21:14:15.122, 11091 MiB, 73.33 W
2026/10/01 21:14:16.159, 11091 MiB, 69.18 W
2026/10/01 21:14:17.201, 11091 MiB, 70.79 W
2026/10/01 21:14:18.238, 11091 MiB, 73.57 W
2026/10/01 21:14:19.273, 11091 MiB, 73.63 W
2026/10/01 21:14:20.309, 11091 MiB, 67.78 W
2026/10/01 21:14:21.345, 11091 MiB, 63.57 W
2026/10/01 21:14:22.381, 11091 MiB, 66.86 W
2026/10/01 21:14:23.418, 11091 MiB, 71.64 W
2026/10/01 21:14:24.455, 11091 MiB, 67.67 W
2026/10/01 21:14:25.492, 11091 MiB, 57.70 W
2026/10/01 21:14:26.530, 11091 MiB, 40.36 W
2026/10/01 21:14:27.565, 11091 MiB, 51.04 W
2026/10/01 21:14:28.602, 11091 MiB, 56.51 W
2026/10/01 21:14:29.640, 11091 MiB, 57.68 W
2026/10/01 21:14:30.678, 11091 MiB, 57.68 W
2026/10/01 21:14:31.719, 11091 MiB, 57.23 W
2026/10/01 21:14:32.756, 11091 MiB, 56.52 W
2026/10/01 21:14:33.792, 11091 MiB, 56.92 W
2026/10/01 21:14:34.830, 11091 MiB, 71.76 W
2026/10/01 21:14:35.866, 11091 MiB, 68.99 W
2026/10/01 21:14:36.901, 11091 MiB, 71.36 W
2026/10/01 21:14:37.937, 11091 MiB, 73.54 W
2026/10/01 21:14:38.975, 11091 MiB, 71.43 W
2026/10/01 21:14:40.012, 11091 MiB, 74.18 W
2026/10/01 21:14:41.050, 11091 MiB, 69.86 W
2026/10/01 21:14:42.087, 11091 MiB, 72.16 W
2026/10/01 21:14:43.124, 11091 MiB, 71.64 W
2026/10/01 21:14:44.160, 11091 MiB, 74.61 W
2026/10/01 21:14:45.198, 11091 MiB, 71.22 W
2026/10/01 21:14:46.236, 11091 MiB, 67.12 W
