2026/10/01 20:55:09.663, 30982 MiB, 25.75 W
2026/10/01 20:55:10.701, 31016 MiB, 25.62 W
2026/10/01 20:55:11.737, 31018 MiB, 84.37 W
2026/10/01 20:55:12.774, 31038 MiB, 72.97 W
2026/10/01 20:55:13.817, 31038 MiB, 90.09 W
2026/10/01 20:55:14.856, 31038 MiB, 89.03 W
2026/10/01 20:55:15.898, 31038 MiB, 84.07 W
2026/10/01 20:55:16.938, 31038 MiB, 87.15 W
2026/10/01 20:55:17.975, 31038 MiB, 73.04 W
2026/10/01 20:55:19.015, 31038 MiB, 85.46 W
2026/10/01 20:55:20.051, 31038 MiB, 94.38 W
2026/10/01 20:55:21.092, 31038 MiB, 92.81 W
2026/10/01 20:55:22.131, 31038 MiB, 88.62 W
2026/10/01 20:55:23.170, 31038 MiB, 87.57 W
2026/10/01 20:55:24.208, 31038 MiB, 66.69 W
2026/10/01 20:55:25.249, 31038 MiB, 111.11 W
2026/10/01 20:55:26.287, 31038 MiB, 90.65 W
2026/10/01 20:55:27.323, 31038 MiB, 93.12 W
2026/10/01 20:55:28.361, 31038 MiB, 90.68 W
2026/10/01 20:55:29.398, 31038 MiB, 89.41 W
2026/10/01 20:55:30.439, 31038 MiB, 67.85 W
2026/10/01 20:55:31.481, 31038 MiB, 117.56 W
2026/10/01 20:55:32.520, 31038 MiB, 95.84 W
2026/10/01 20:55:33.560, 31038 MiB, 91.28 W
2026/10/01 20:55:34.600, 31038 MiB, 89.58 W
2026/10/01 20:55:35.641, 31038 MiB, 90.70 W
2026/10/01 20:55:36.679, 31038 MiB, 90.28 W
2026/10/01 20:55:37.717, 31038 MiB, 95.21 W
2026/10/01 20:55:38.756, 31038 MiB, 96.06 W
2026/10/01 20:55:39.793, 31038 MiB, 90.56 W
2026/10/01 20:55:40.830, 31038 MiB, 90.52 W
2026/10/01 20:55:41.868, 31038 MiB, 90.55 W
2026/10/01 20:55:42.905, 31038 MiB, 89.44 W
2026/10/01 20:55:43.946, 31038 MiB, 89.50 W
2026/10/01 20:55:44.983, 31038 MiB, 88.89 W
2026/10/01 20:55:46.022, 31038 MiB, 98.11 W
2026/10/01 20:55:47.062, 31038 MiB, 96.89 W
2026/10/01 20:55:48.099, 31038 MiB, 91.18 W
2026/10/01 20:55:49.139, 31038 MiB, 90.57 W
2026/10/01 20:55:50.177, 31038 MiB, 92.51 W
2026/10/01 20:55:51.214, 31038 MiB, 90.61 W
2026/10/01 20:55:52.255, 31038 MiB, 90.53 W
2026/10/01 20:55:53.292, 31038 MiB, 92.93 W
2026/10/01 20:55:54.332, 31038 MiB, 99.15 W
2026/10/01 20:55:55.369, 31038 MiB, 100.10 W
2026/10/01 20:55:56.407, 31038 MiB, 94.74 W
2026/10/01 20:55:57.444, 31038 MiB, 91.93 W
2026/10/01 20:55:58.482, 31038 MiB, 92.11 W
2026/10/01 20:55:59.522, 31038 MiB, 90.28 W
2026/10/01 20:56:00.559, 31038 MiB, 85.01 W
2026/10/01 20:56:01.596, 31038 MiB, 96.51 W
2026/10/01 20:56:02.634, 31038 MiB, 100.69 W
2026/10/01 20:56:03.673, 31038 MiB, 97.05 W
2026/10/01 20:56:04.711, 31038 MiB, 93.29 W
2026/10/01 20:56:05.749, 31038 MiB, 90.34 W
2026/10/01 20:56:06.788, 31038 MiB, 92.70 W
2026/10/01 20:56:07.827, 31038 MiB, 93.01 W
