2026/10/01 21:07:28.734, 8559 MiB, 34.68 W
2026/10/01 21:07:29.773, 8573 MiB, 30.64 W
2026/10/01 21:07:30.812, 8611 MiB, 35.29 W
2026/10/01 21:07:31.853, 8611 MiB, 39.34 W
2026/10/01 21:07:32.896, 8611 MiB, 39.74 W
2026/10/01 21:07:33.938, 8611 MiB, 39.58 W
2026/10/01 21:07:34.978, 8611 MiB, 39.30 W
2026/10/01 21:07:36.020, 8611 MiB, 39.86 W
2026/10/01 21:07:37.060, 8611 MiB, 39.68 W
2026/10/01 21:07:38.100, 8611 MiB, 40.17 W
2026/10/01 21:07:39.142, 8611 MiB, 40.43 W
2026/10/01 21:07:40.181, 8611 MiB, 38.50 W
2026/10/01 21:07:41.220, 8611 MiB, 38.82 W
2026/10/01 21:07:42.267, 8611 MiB, 39.81 W
2026/10/01 21:07:43.310, 8611 MiB, 39.10 W
2026/10/01 21:07:44.352, 8611 MiB, 38.71 W
2026/10/01 21:07:45.395, 8611 MiB, 38.99 W
2026/10/01 21:07:46.433, 8611 MiB, 39.98 W
2026/10/01 21:07:47.470, 8611 MiB, 38.46 W
2026/10/01 21:07:48.510, 8611 MiB, 39.82 W
2026/10/01 21:07:49.548, 8611 MiB, 39.59 W
2026/10/01 21:07:50.587, 8611 MiB, 39.45 W
2026/10/01 21:07:51.627, 8611 MiB, 40.31 W
2026/10/01 21:07:52.671, 8611 MiB, 40.44 W
2026/10/01 21:07:53.710, 8611 MiB, 40.03 W
2026/10/01 21:07:54.749, 8611 MiB, 40.75 W
2026/10/01 21:07:55.788, 8611 MiB, 40.56 W
2026/10/01 21:07:56.826, 8611 MiB, 39.54 W
2026/10/01 21:07:57.863, 8611 MiB, 39.65 W
2026/10/01 21:07:58.901, 8611 MiB, 38.84 W
2026/10/01 21:07:59.939, 8611 MiB, 39.94 W
2026/10/01 21:08:00.979, 8611 MiB, 40.74 W
2026/10/01 21:08:02.016, 8611 MiB, 39.93 W
2026/10/01 21:08:03.055, 8611 MiB, 40.04 W
2026/10/01 21:08:04.094, 8611 MiB, 39.20 W
2026/10/01 21:08:05.133, 8611 MiB, 40.14 W
2026/10/01 21:08:06.170, 8611 MiB, 40.20 W
2026/10/01 21:08:07.212, 8611 MiB, 40.94 W
2026/10/01 21:08:08.251, 8611 MiB, 40.07 W
2026/10/01 21:08:09.289, 8611 MiB, 40.38 W
2026/10/01 21:08:10.326, 8611 MiB, 41.42 W
2026/10/01 21:08:11.364, 8611 MiB, 50.57 W
2026/10/01 21:08:12.400, 8611 MiB, 46.56 W
2026/10/01 21:08:13.438, 8611 MiB, 48.73 W
2026/10/01 21:08:14.476, 8611 MiB, 45.37 W
2026/10/01 21:08:15.514, 8611 MiB, 46.76 W
2026/10/01 21:08:16.552, 8611 MiB, 50.36 W
2026/10/01 21:08:17.589, 8611 MiB, 49.06 W
2026/10/01 21:08:18.626, 8611 MiB, 49.13 W
2026/10/01 21:08:19.666, 8611 MiB, 47.22 W
2026/10/01 21:08:20.704, 8611 MiB, 47.06 W
2026/10/01 21:08:21.740, 8611 MiB, 47.44 W
2026/10/01 21:08:22.777, 8611 MiB, 50.50 W
2026/10/01 21:08:23.814, 8611 MiB, 49.54 W
2026/10/01 21:08:24.850, 8611 MiB, 47.78 W
2026/10/01 21:08:25.887, 8613 MiB, 52.34 W
2026/10/01 21:08:26.922, 8615 MiB, 60.60 W
2026/10/01 21:08:27.958, 8615 MiB, 60.75 W
2026/10/01 21:08:28.997, 8615 MiB, 62.97 W
2026/10/01 21:08:30.040, 8615 MiB, 41.13 W
2026/10/01 21:08:31.085, 8615 MiB, 41.13 W
2026/10/01 21:08:32.124, 8615 MiB, 39.30 W
2026/10/01 21:08:33.160, 8615 MiB, 39.52 W
2026/10/01 21:08:34.200, 8615 MiB, 40.28 W
2026/10/01 21:08:35.237, 8615 MiB, 39.64 W
2026/10/01 21:08:36.274, 8615 MiB, 40.22 W
2026/10/01 21:08:37.316, 8615 MiB, 40.78 W
2026/10/01 21:08:38.355, 8615 MiB, 40.87 W
2026/10/01 21:08:39.398, 8615 MiB, 40.28 W
2026/10/01 21:08:40.437, 8615 MiB, 39.30 W
2026/10/01 21:08:41.478, 8615 MiB, 40.49 W
2026/10/01 21:08:42.520, 8615 MiB, 39.87 W
2026/10/01 21:08:43.563, 8615 MiB, 40.16 W
2026/10/01 21:08:44.604, 8615 MiB, 40.40 W
2026/10/01 21:08:45.643, 8615 MiB, 39.65 W
2026/10/01 21:08:46.683, 8615 MiB, 40.78 W
2026/10/01 21:08:47.728, 8615 MiB, 40.37 W
2026/10/01 21:08:48.766, 8615 MiB, 39.25 W
2026/10/01 21:08:49.802, 8615 MiB, 39.05 W
2026/10/01 21:08:50.838, 8615 MiB, 40.18 W
2026/10/01 21:08:51.878, 8615 MiB, 41.21 W
2026/10/01 21:08:52.918, 8615 MiB, 40.66 W
2026/10/01 21:08:53.956, 8615 MiB, 41.41 W
2026/10/01 21:08:54.995, 8615 MiB, 40.43 W
2026/10/01 21:08:56.034, 8615 MiB, 41.12 W
2026/10/01 21:08:57.073, 8615 MiB, 39.45 W
2026/10/01 21:08:58.114, 8615 MiB, 40.21 W
2026/10/01 21:08:59.152, 8615 MiB, 41.30 W
2026/10/01 21:09:00.189, 8615 MiB, 40.52 W
2026/10/01 21:09:01.228, 8615 MiB, 40.57 W
2026/10/01 21:09:02.274, 8615 MiB, 41.29 W
2026/10/01 21:09:03.314, 8615 MiB, 39.53 W
2026/10/01 21:09:04.352, 8615 MiB, 40.62 W
2026/10/01 21:09:05.391, 8615 MiB, 40.91 W
2026/10/01 21:09:06.430, 8615 MiB, 41.53 W
2026/10/01 21:09:07.468, 8615 MiB, 40.79 W
2026/10/01 21:09:08.507, 8615 MiB, 41.77 W
2026/10/01 21:09:09.542, 8615 MiB, 40.91 W
2026/10/01 21:09:10.584, 8615 MiB, 45.70 W
2026/10/01 21:09:11.621, 8615 MiB, 47.92 W
2026/10/01 21:09:12.657, 8615 MiB, 50.20 W
2026/10/01 21:09:13.697, 8615 MiB, 49.42 W
2026/10/01 21:09:14.733, 8615 MiB, 47.49 W
2026/10/01 21:09:15.770, 8615 MiB, 45.81 W
2026/10/01 21:09:16.813, 8615 MiB, 51.13 W
2026/10/01 21:09:17.850, 8615 MiB, 49.50 W
2026/10/01 21:09:18.889, 8615 MiB, 47.58 W
2026/10/01 21:09:19.927, 8615 MiB, 47.92 W
2026/10/01 21:09:20.966, 8615 MiB, 46.32 W
2026/10/01 21:09:22.004, 8615 MiB, 46.24 W
2026/10/01 21:09:23.042, 8615 MiB, 51.57 W
2026/10/01 21:09:24.078, 8615 MiB, 50.14 W
2026/10/01 21:09:25.114, 8615 MiB, 49.93 W
2026/10/01 21:09:26.152, 8615 MiB, 61.79 W
2026/10/01 21:09:27.195, 8615 MiB, 60.32 W
2026/10/01 21:09:28.233, 8615 MiB, 63.09 W
2026/10/01 21:09:29.273, 8615 MiB, 38.37 W
2026/10/01 21:09:30.311, 8615 MiB, 39.89 W
2026/10/01 21:09:31.347, 8615 MiB, 40.45 W
2026/10/01 21:09:32.385, 8615 MiB, 39.83 W
2026/10/01 21:09:33.421, 8615 MiB, 40.83 W
2026/10/01 21:09:34.459, 8615 MiB, 40.83 W
2026/10/01 21:09:35.496, 8615 MiB, 39.90 W
2026/10/01 21:09:36.535, 8615 MiB, 40.76 W
2026/10/01 21:09:37.573, 8615 MiB, 40.13 W
2026/10/01 21:09:38.609, 8615 MiB, 40.81 W
2026/10/01 21:09:39.649, 8615 MiB, 40.47 W
2026/10/01 21:09:40.687, 8615 MiB, 39.78 W
2026/10/01 21:09:41.723, 8615 MiB, 40.87 W
2026/10/01 21:09:42.759, 8615 MiB, 40.49 W
2026/10/01 21:09:43.797, 8615 MiB, 39.99 W
2026/10/01 21:09:44.836, 8615 MiB, 40.29 W
2026/10/01 21:09:45.873, 8615 MiB, 41.08 W
2026/10/01 21:09:46.911, 8615 MiB, 40.22 W
2026/10/01 21:09:47.947, 8615 MiB, 40.50 W
2026/10/01 21:09:48.983, 8615 MiB, 40.97 W
2026/10/01 21:09:50.021, 8615 MiB, 40.14 W
2026/10/01 21:09:51.057, 8615 MiB, 40.53 W
2026/10/01 21:09:52.094, 8615 MiB, 41.05 W
2026/10/01 21:09:53.133, 8615 MiB, 40.93 W
2026/10/01 21:09:54.173, 8615 MiB, 41.56 W
2026/10/01 21:09:55.211, 8615 MiB, 40.55 W
2026/10/01 21:09:56.249, 8615 MiB, 40.16 W
2026/10/01 21:09:57.287, 8615 MiB, 40.97 W
2026/10/01 21:09:58.323, 8615 MiB, 40.59 W
2026/10/01 21:09:59.360, 8615 MiB, 41.52 W
2026/10/01 21:10:00.397, 8615 MiB, 40.60 W
2026/10/01 21:10:01.433, 8615 MiB, 40.59 W
2026/10/01 21:10:02.471, 8615 MiB, 41.49 W
2026/10/01 21:10:03.507, 8615 MiB, 40.66 W
2026/10/01 21:10:04.544, 8615 MiB, 41.66 W
2026/10/01 21:10:05.581, 8615 MiB, 40.86 W
2026/10/01 21:10:06.619, 8615 MiB, 41.03 W
2026/10/01 21:10:07.655, 8615 MiB, 40.65 W
2026/10/01 21:10:08.691, 8615 MiB, 39.59 W
2026/10/01 21:10:09.728, 8615 MiB, 44.59 W
2026/10/01 21:10:10.765, 8615 MiB, 47.38 W
2026/10/01 21:10:11.800, 8615 MiB, 45.82 W
2026/10/01 21:10:12.837, 8615 MiB, 46.03 W
2026/10/01 21:10:13.873, 8615 MiB, 51.14 W
2026/10/01 21:10:14.911, 8615 MiB, 49.38 W
2026/10/01 21:10:15.948, 8615 MiB, 48.62 W
2026/10/01 21:10:16.985, 8615 MiB, 46.40 W
2026/10/01 21:10:18.022, 8615 MiB, 47.86 W
2026/10/01 21:10:19.060, 8615 MiB, 51.61 W
2026/10/01 21:10:20.096, 8615 MiB, 50.08 W
2026/10/01 21:10:21.135, 8615 MiB, 50.11 W
2026/10/01 21:10:22.178, 8615 MiB, 47.34 W
2026/10/01 21:10:23.219, 8615 MiB, 47.93 W
2026/10/01 21:10:24.256, 8615 MiB, 51.95 W
2026/10/01 21:10:25.292, 8615 MiB, 61.74 W
2026/10/01 21:10:26.329, 8615 MiB, 61.30 W
2026/10/01 21:10:27.365, 8615 MiB, 63.26 W
