2026/10/01 20:57:31.321, 30982 MiB, 26.85 W
2026/10/01 20:57:32.359, 30982 MiB, 26.72 W
2026/10/01 20:57:33.399, 31018 MiB, 27.55 W
2026/10/01 20:57:34.439, 31018 MiB, 28.72 W
2026/10/01 20:57:35.483, 31018 MiB, 190.39 W
2026/10/01 20:57:36.520, 31018 MiB, 123.06 W
2026/10/01 20:57:37.567, 31018 MiB, 128.83 W
2026/10/01 20:57:38.618, 31018 MiB, 186.31 W
2026/10/01 20:57:39.665, 31018 MiB, 133.27 W
2026/10/01 20:57:40.711, 31018 MiB, 125.41 W
2026/10/01 20:57:41.758, 31018 MiB, 185.56 W
2026/10/01 20:57:42.803, 31018 MiB, 91.64 W
2026/10/01 20:57:43.854, 31018 MiB, 197.76 W
2026/10/01 20:57:44.899, 31018 MiB, 83.66 W
2026/10/01 20:57:45.946, 31018 MiB, 197.68 W
2026/10/01 20:57:46.982, 31018 MiB, 95.57 W
2026/10/01 20:57:48.017, 31018 MiB, 144.79 W
2026/10/01 20:57:49.055, 31030 MiB, 76.53 W
2026/10/01 20:57:50.096, 31030 MiB, 92.76 W
2026/10/01 20:57:51.136, 31038 MiB, 88.97 W
2026/10/01 20:57:52.179, 31038 MiB, 89.25 W
2026/10/01 20:57:53.227, 31038 MiB, 68.96 W
2026/10/01 20:57:54.267, 31038 MiB, 40.99 W
2026/10/01 20:57:55.306, 31038 MiB, 197.92 W
2026/10/01 20:57:56.342, 31038 MiB, 138.41 W
2026/10/01 20:57:57.380, 31038 MiB, 124.93 W
2026/10/01 20:57:58.416, 31038 MiB, 195.50 W
2026/10/01 20:57:59.452, 31038 MiB, 130.91 W
2026/10/01 20:58:00.490, 31038 MiB, 133.27 W
2026/10/01 20:58:01.528, 31038 MiB, 175.03 W
2026/10/01 20:58:02.566, 31038 MiB, 143.75 W
2026/10/01 20:58:03.604, 31038 MiB, 126.46 W
2026/10/01 20:58:04.639, 31038 MiB, 173.44 W
2026/10/01 20:58:05.676, 31038 MiB, 93.46 W
2026/10/01 20:58:06.712, 31038 MiB, 177.99 W
2026/10/01 20:58:07.747, 31038 MiB, 47.86 W
2026/10/01 20:58:08.786, 31038 MiB, 97.10 W
2026/10/01 20:58:09.826, 31038 MiB, 100.36 W
2026/10/01 20:58:10.866, 31038 MiB, 95.01 W
2026/10/01 20:58:11.904, 31038 MiB, 86.50 W
2026/10/01 20:58:12.941, 31038 MiB, 31.50 W
2026/10/01 20:58:13.978, 31038 MiB, 169.70 W
2026/10/01 20:58:15.016, 31038 MiB, 133.00 W
2026/10/01 20:58:16.053, 31038 MiB, 127.93 W
2026/10/01 20:58:17.091, 31038 MiB, 172.71 W
2026/10/01 20:58:18.128, 31038 MiB, 151.85 W
2026/10/01 20:58:19.168, 31038 MiB, 119.42 W
2026/10/01 20:58:20.209, 31038 MiB, 196.37 W
2026/10/01 20:58:21.247, 31038 MiB, 105.11 W
2026/10/01 20:58:22.283, 31038 MiB, 163.45 W
2026/10/01 20:58:23.321, 31038 MiB, 122.30 W
2026/10/01 20:58:24.358, 31038 MiB, 135.21 W
2026/10/01 20:58:25.395, 31038 MiB, 162.07 W
2026/10/01 20:58:26.439, 31038 MiB, 88.08 W
2026/10/01 20:58:27.477, 31038 MiB, 80.72 W
2026/10/01 20:58:28.516, 31038 MiB, 104.16 W
2026/10/01 20:58:29.553, 31038 MiB, 93.89 W
