record,layer,experts,gpu_projection_scaled_error,cpu_gpu_max_absolute,cpu_gpu_rmse,cpu_order_max_absolute,cpu_order_rmse,cpu_order_up_mismatches,cpu_order_hidden_max_absolute,cpu_order_hidden_codes_differ,cpu_order_down_mismatches,spmd_device_ms,esimd_device_ms
0,0,10,7.61422e-08,0.000339691,4.21994e-05,8.9407e-08,5.98172e-09,0,2.98023e-08,0,0,0.443815,0.1559
1,1,10,7.67895e-08,0.000172682,2.28585e-05,4.47035e-08,2.97994e-09,0,2.98023e-08,0,0,0.44364,0.155881
2,2,10,1.0241e-07,0.000472784,6.25439e-05,4.76837e-07,2.09809e-08,0,5.96046e-08,0,0,0.443577,0.155825
3,3,10,1.08602e-07,0.000365738,6.08497e-05,7.45058e-08,6.20503e-09,0,2.98023e-08,0,0,0.444044,0.155819
4,4,10,1.33314e-07,0.00197029,0.000149077,9.53674e-07,7.58125e-08,0,1.19209e-07,0,0,0.443735,0.1559
5,5,10,1.11959e-07,0.000381351,6.26559e-05,1.19209e-07,6.54128e-09,0,5.96046e-08,0,0,0.443442,0.155779
6,6,10,1.10838e-07,0.000661492,7.15246e-05,4.76837e-07,1.72414e-08,0,1.19209e-07,0,0,0.4435,0.155835
7,7,10,1.12557e-07,0.000189665,3.56223e-05,2.98023e-08,3.31143e-09,0,2.98023e-08,0,0,0.443475,0.155708
8,8,10,9.73905e-08,0.000221282,4.62718e-05,1.19209e-07,6.33857e-09,0,2.98023e-08,0,0,0.443575,0.155779
9,9,10,1.10334e-07,0.000434637,6.9337e-05,4.76837e-07,2.05717e-08,0,5.96046e-08,0,0,0.443563,0.155723
10,10,10,7.82972e-08,0.000247347,3.96587e-05,2.23517e-08,3.26634e-09,0,2.98023e-08,0,0,0.443471,0.155773
11,11,10,9.456e-08,0.000301015,5.10204e-05,2.23517e-08,3.53831e-09,0,2.98023e-08,0,0,0.44336,0.155831
