type,nt,gather,trial,microseconds,fnv1a64,unequal
18,1,0,0,2008.19,7301800336166730776,0
18,1,1,0,2010.97,7301800336166730776,0
18,1,1,1,2177.65,7301800336166730776,0
18,1,0,1,2651.89,7301800336166730776,0
18,1,0,2,2706.48,7301800336166730776,0
18,1,1,2,2098.04,7301800336166730776,0
18,1,1,3,2062.64,7301800336166730776,0
18,1,0,3,2131.9,7301800336166730776,0
18,1,0,4,2119.11,7301800336166730776,0
18,1,1,4,2023.03,7301800336166730776,0
18,2,0,0,2252.7,8152907138295742209,0
18,2,1,0,2190.17,8152907138295742209,0
18,2,1,1,2220.34,8152907138295742209,0
18,2,0,1,2315.22,8152907138295742209,0
18,2,0,2,2295.36,8152907138295742209,0
18,2,1,2,2221.19,8152907138295742209,0
18,2,1,3,2237.82,8152907138295742209,0
18,2,0,3,2231.76,8152907138295742209,0
18,2,0,4,3025.22,8152907138295742209,0
18,2,1,4,2217.47,8152907138295742209,0
18,3,0,0,2531.93,15510052645243943449,0
18,3,1,0,2705.71,15510052645243943449,0
18,3,1,1,2616.99,15510052645243943449,0
18,3,0,1,2524.28,15510052645243943449,0
18,3,0,2,2554.44,15510052645243943449,0
18,3,1,2,2617.67,15510052645243943449,0
18,3,1,3,2632.71,15510052645243943449,0
18,3,0,3,2538.37,15510052645243943449,0
18,3,0,4,2554.5,15510052645243943449,0
18,3,1,4,2621.36,15510052645243943449,0
18,4,0,0,3057.69,6702276821795605424,0
18,4,1,0,3098.06,6702276821795605424,0
18,4,1,1,3130.52,6702276821795605424,0
18,4,0,1,3271.28,6702276821795605424,0
18,4,0,2,3128.26,6702276821795605424,0
18,4,1,2,3113.52,6702276821795605424,0
18,4,1,3,3106.1,6702276821795605424,0
18,4,0,3,3083.69,6702276821795605424,0
18,4,0,4,3065.03,6702276821795605424,0
18,4,1,4,3117.26,6702276821795605424,0
18,8,0,0,4653.04,5637020042198328517,0
18,8,1,0,4546.27,5637020042198328517,0
18,8,1,1,4541,5637020042198328517,0
18,8,0,1,4922.53,5637020042198328517,0
18,8,0,2,4718.61,5637020042198328517,0
18,8,1,2,4865.24,5637020042198328517,0
18,8,1,3,4531.88,5637020042198328517,0
18,8,0,3,4482.14,5637020042198328517,0
18,8,0,4,4500.75,5637020042198328517,0
18,8,1,4,4503.59,5637020042198328517,0
21,1,0,0,2664.28,12000699911569435175,0
21,1,1,0,2792.92,12000699911569435175,0
21,1,1,1,3158.55,12000699911569435175,0
21,1,0,1,3000.54,12000699911569435175,0
21,1,0,2,2682.02,12000699911569435175,0
21,1,1,2,2942.25,12000699911569435175,0
21,1,1,3,2842.16,12000699911569435175,0
21,1,0,3,2810.09,12000699911569435175,0
21,1,0,4,2828.87,12000699911569435175,0
21,1,1,4,2775.52,12000699911569435175,0
21,2,0,0,2933.17,12952754717975986168,0
21,2,1,0,2797.71,12952754717975986168,0
21,2,1,1,2799.04,12952754717975986168,0
21,2,0,1,2920.28,12952754717975986168,0
21,2,0,2,2923.06,12952754717975986168,0
21,2,1,2,2796.07,12952754717975986168,0
21,2,1,3,2805.83,12952754717975986168,0
21,2,0,3,2929.6,12952754717975986168,0
21,2,0,4,3049.44,12952754717975986168,0
21,2,1,4,2961.32,12952754717975986168,0
21,3,0,0,3599.18,2241477648289754333,0
21,3,1,0,3134.87,2241477648289754333,0
21,3,1,1,2952.3,2241477648289754333,0
21,3,0,1,3501.64,2241477648289754333,0
21,3,0,2,3489.1,2241477648289754333,0
21,3,1,2,3006.41,2241477648289754333,0
21,3,1,3,3087.46,2241477648289754333,0
21,3,0,3,3464.06,2241477648289754333,0
21,3,0,4,3552.18,2241477648289754333,0
21,3,1,4,3020.45,2241477648289754333,0
21,4,0,0,4077.14,6554739706297378420,0
21,4,1,0,3450.24,6554739706297378420,0
21,4,1,1,3400.66,6554739706297378420,0
21,4,0,1,3803.01,6554739706297378420,0
21,4,0,2,3744.6,6554739706297378420,0
21,4,1,2,3211.16,6554739706297378420,0
21,4,1,3,3210.03,6554739706297378420,0
21,4,0,3,3904.15,6554739706297378420,0
21,4,0,4,3780.41,6554739706297378420,0
21,4,1,4,3279.46,6554739706297378420,0
21,8,0,0,6287.23,10474518950633203534,0
21,8,1,0,4840.98,10474518950633203534,0
21,8,1,1,4772.47,10474518950633203534,0
21,8,0,1,6327.92,10474518950633203534,0
21,8,0,2,6380.98,10474518950633203534,0
21,8,1,2,4828.22,10474518950633203534,0
21,8,1,3,4900.87,10474518950633203534,0
21,8,0,3,6469.57,10474518950633203534,0
21,8,0,4,6516.03,10474518950633203534,0
21,8,1,4,4825.48,10474518950633203534,0
