include_root	relative_path	sha256
/opt/intel/oneapi/compiler/2026.1/include/sycl	__spirv/spirv_ops.hpp	9b6b95aad06ec394c772adc628bdb6c812dc2d71ea7d5da65c23eb1b81bd8ce3
/opt/intel/oneapi/compiler/2026.1/include/sycl	__spirv/spirv_types.hpp	b41a5f15ea10cd50f8a85ab9b29dd35d474a08dee30fa4bc272271b878b583a9
/opt/intel/oneapi/compiler/2026.1/include/sycl	__spirv/spirv_vars.hpp	b6b10a40f11e241fd62c9b90c8aaac8847b885298b581bab3b02b534b140da7a
/opt/intel/oneapi/compiler/2026.1/include/sycl	access/access.hpp	bcb6cc020254a505c2a5ec5481bbbae44be9964bf42e150b663ad215c310cf0f
/opt/intel/oneapi/compiler/2026.1/include/sycl	accessor.hpp	62e4eb71c18c87ac9ccee7e8d4d8c05276edb313bc3a2c4b45969f30b8977a74
/opt/intel/oneapi/compiler/2026.1/include/sycl	accessor_image.hpp	54b6aa75995347a20f7c8f57ce1428591969a7606aa1f9860b7607aa4ca78270
/opt/intel/oneapi/compiler/2026.1/include/sycl	aliases.hpp	b7339db39e3234ca06be4610c31ad620e09e2f1122784a9c63b0dab6cb8a9d8f
/opt/intel/oneapi/compiler/2026.1/include/sycl	aspects.hpp	79f5eea217d18f7186f811bd2bd6a4729bc7877923e3cc69c1d191dab3c44278
/opt/intel/oneapi/compiler/2026.1/include/sycl	async_handler.hpp	7ef62535ddaef52da11f5ad5b5d3a72d5261bcf452f869e2baeaf753b7fdd249
/opt/intel/oneapi/compiler/2026.1/include/sycl	atomic.hpp	7b15b599478b3feb76b41be96d7f3266d3e1f4ef81b508521a5f99d671fdc074
/opt/intel/oneapi/compiler/2026.1/include/sycl	atomic_fence.hpp	ca51c358ffc12f4dbdbd5188f7f72cccf724a34edbdec01c91e9e6796baf934c
/opt/intel/oneapi/compiler/2026.1/include/sycl	atomic_ref.hpp	fe72d27b47d1c95fdeade0ae867362ae69c3c0a92509f1ee07b399071c20b54c
/opt/intel/oneapi/compiler/2026.1/include/sycl	backend/cuda.hpp	6f59e49a4a13bde4d5451cdf35842ce8678bad9e51fc5ef27a22828e9cf929ac
/opt/intel/oneapi/compiler/2026.1/include/sycl	backend/level_zero.hpp	615d9949ff6c83759bccaa9bf5ffd5bbbed72b6dc6ed3ac7adbc64f383a7ddc5
/opt/intel/oneapi/compiler/2026.1/include/sycl	backend/opencl.hpp	b7617d410f071f42511326cc1f1d5fb2d594e82f10d61e409c887fc2b373c3eb
/opt/intel/oneapi/compiler/2026.1/include/sycl	backend.hpp	9cd1f90ee9e8847cad017c821a53a7ebf0b28590d0add44141b5e0234ce9b748
/opt/intel/oneapi/compiler/2026.1/include/sycl	backend_types.hpp	57c5ecc8108b0a64099225c5536c78a7af6d93b8a3bb6b253052f96aaae87bbf
/opt/intel/oneapi/compiler/2026.1/include/sycl	bit_cast.hpp	aebc72243de220cae034f929564591eae7319c211d8313a977648a44e8e03fb0
/opt/intel/oneapi/compiler/2026.1/include/sycl	buffer.hpp	348b24647bbabfeb81dd24925e7db07a05541b2d84028d34d6a7f2732afdb96e
/opt/intel/oneapi/compiler/2026.1/include/sycl	builtins.hpp	c70ff2cfd7a2998f35cc91a793119dee89a93523bc2e7312aeb2d27cf203fcbc
/opt/intel/oneapi/compiler/2026.1/include/sycl	builtins_esimd.hpp	718c898e58bfcf77f80639e5f609b773504178b6b1da272de946adfc6a1cd361
/opt/intel/oneapi/compiler/2026.1/include/sycl	context.hpp	d459d8db092beea09411a32f25b46c745a4d4a59dd60e21265df28dc15dae1a4
/opt/intel/oneapi/compiler/2026.1/include/sycl	define_vendors.hpp	5bf78332abd3f97562667167f7afc1a8dace1f547c1ca56fef54b42ee1c5dd61
/opt/intel/oneapi/compiler/2026.1/include/sycl	detail/accessor_iterator.hpp	339d8861c844c19f04557ce6e1f827461801e6176abb99c3f86f40e61fe0356e
/opt/intel/oneapi/compiler/2026.1/include/sycl	detail/address_space_cast.hpp	63870635394e2f53643b16f192a42f3aca9bd0b478315b00b9fd0f5699deba84
/opt/intel/oneapi/compiler/2026.1/include/sycl	detail/aligned_allocator.hpp	e66337393813f201de56959d7b9804c45b4e4f10a32cc32a053914d0fc990ec1
/opt/intel/oneapi/compiler/2026.1/include/sycl	detail/array.hpp	161df5066bffa758ecece535e89434bda2b4cdea3f8236b843895a2608ce9a8e
/opt/intel/oneapi/compiler/2026.1/include/sycl	detail/backend_traits.hpp	248c8d663ff1372dbb72f1d219ad9b8600a52dbf325dd520d117835adc3378f2
/opt/intel/oneapi/compiler/2026.1/include/sycl	detail/backend_traits_cuda.hpp	5054ae09b7c23d523e5885f327055e87bacb4ff70f4e50f8c06392c48b72d6ad
/opt/intel/oneapi/compiler/2026.1/include/sycl	detail/backend_traits_hip.hpp	6c03ee8af41ac3d380f05050cd6edf999aef0c8bec2ca864924165a387175ab3
/opt/intel/oneapi/compiler/2026.1/include/sycl	detail/backend_traits_level_zero.hpp	3307be81e73cdc1dd6149bac1a4b9e351f74641130aa6a4d720330f65c496711
/opt/intel/oneapi/compiler/2026.1/include/sycl	detail/backend_traits_opencl.hpp	2315bf32bb8a7d3051d0d5851b140512ec4c5e4d50bc4fa80df936b2ae718df0
/opt/intel/oneapi/compiler/2026.1/include/sycl	detail/builtins/builtins.hpp	3bec5edf9fa43cd5486c4e1cc532888d93ed9c790a52a80c73f2e0b517d5ab74
/opt/intel/oneapi/compiler/2026.1/include/sycl	detail/builtins/common_functions.inc	0db142a31fd34c5852909281f395a453a4ba6efb5bc8c76931372e52e0fc3d4d
/opt/intel/oneapi/compiler/2026.1/include/sycl	detail/builtins/geometric_functions.inc	dc87a9983a60a625d1c681241695371401b70c2c2fdb213cfd7b81b33ae4b961
/opt/intel/oneapi/compiler/2026.1/include/sycl	detail/builtins/half_precision_math_functions.inc	af1e6e02ca5a65595f4d91364a762bce726a06c9f46c35d49e02ef54172034e3
/opt/intel/oneapi/compiler/2026.1/include/sycl	detail/builtins/helper_macros.hpp	af2e90287018c12b144da5bf458fd947871d44931671282746dbdb77dae153da
/opt/intel/oneapi/compiler/2026.1/include/sycl	detail/builtins/integer_functions.inc	c66ddbb9d433b6436ca8384bb779d445d9a5929298cb22a40684e475c13e5893
/opt/intel/oneapi/compiler/2026.1/include/sycl	detail/builtins/math_functions.inc	e00f143ef369ea2071426ba995e790f65c28fd15e4cdf6433ca108f5ef2af5d4
/opt/intel/oneapi/compiler/2026.1/include/sycl	detail/builtins/native_math_functions.inc	707ce2ffbce2fa271548534fc4ec13483a6b980de1352fb76c62f6b45988675c
/opt/intel/oneapi/compiler/2026.1/include/sycl	detail/builtins/relational_functions.inc	c95b4a0cd042a850e749afd5a3bb32e78c8f8fa394ed1474fcf32e81d86f9355
/opt/intel/oneapi/compiler/2026.1/include/sycl	detail/cg_types.hpp	6b7c51a86cbbf62eec87033c9e295c269830b6f86576733c3063169f60f42af9
/opt/intel/oneapi/compiler/2026.1/include/sycl	detail/cl.h	e7846f83f64f95df8b48f829577eb0189597e9f19378ef45215c12ebe9b485a3
/opt/intel/oneapi/compiler/2026.1/include/sycl	detail/common.hpp	33675fded790466d75a600f7027d19a1736561e95f2f2c17257b9c82f7a1e1a3
/opt/intel/oneapi/compiler/2026.1/include/sycl	detail/compile_time_kernel_info.hpp	7eb86890e00a63c4be8300952fd6ecef8f6982e9bc6f95b965e4df2e9cb7c588
/opt/intel/oneapi/compiler/2026.1/include/sycl	detail/core.hpp	2384f07f1af93928fdbd209f159fb63c4c5ad578c6c0fec5a360e8f6ff801ce8
/opt/intel/oneapi/compiler/2026.1/include/sycl	detail/defines.hpp	03eeceb0b7de545e6e5fd266e2c3a4743c6cf81119679ee6325abe65838cb41a
/opt/intel/oneapi/compiler/2026.1/include/sycl	detail/defines_elementary.hpp	721119566d07d119d2c3dea639b870d456af331118671fcc901c97cb54e03d61
/opt/intel/oneapi/compiler/2026.1/include/sycl	detail/device_filter.hpp	186471b86430e6964e4a264c828009054d88a51a205ccfb0b7527a62c0ce7f03
/opt/intel/oneapi/compiler/2026.1/include/sycl	detail/device_global_map.hpp	9e277bfa05a61b776777965e03610cb7b748ba96129e9bc1588a0751e184aba9
/opt/intel/oneapi/compiler/2026.1/include/sycl	detail/export.hpp	f1a18f6723b9666e42aa6a1d1fcb7ef418fb72b356e3f5e51658d1b72345d37a
/opt/intel/oneapi/compiler/2026.1/include/sycl	detail/fwd/accessor.hpp	af61f2d3541cf5c8360f48a86fb70dacdb2f015a4fac567be0cb29d3489b5f49
/opt/intel/oneapi/compiler/2026.1/include/sycl	detail/fwd/half.hpp	af96671ff37165d404abba62f4ed4a578fc69ad39ef976aa29ce1622d17d3956
/opt/intel/oneapi/compiler/2026.1/include/sycl	detail/fwd/multi_ptr.hpp	5a561663ea9264457adfcb1509c8f86b54cfc1b1ceb9e3edc85e3d004bdd0e04
/opt/intel/oneapi/compiler/2026.1/include/sycl	detail/generic_type_traits.hpp	4238226a7dd1f6e5cd96f0869db73e056f739bd86e74859dcbadc5c7c02e3912
/opt/intel/oneapi/compiler/2026.1/include/sycl	detail/get_device_kernel_info.hpp	78ab4ff0ea0bf89d68cab40ad849b8f51a035945830d819aa3a91adb57b8ea8e
/opt/intel/oneapi/compiler/2026.1/include/sycl	detail/get_kernel_info_impl.hpp	3cf52b84b527ccc8965e147c9e0ed6082d618e5e6ec9d544f222fd0c4f50e3db
/opt/intel/oneapi/compiler/2026.1/include/sycl	detail/group_sort_impl.hpp	439f7ade46f4b439bede26d8ca5a749fe6de111f228d994df0ffc247034a5757
/opt/intel/oneapi/compiler/2026.1/include/sycl	detail/handler_proxy.hpp	131c98562514376cda398c94eec46a82e58fa499be5c157400d524e1fde57588
/opt/intel/oneapi/compiler/2026.1/include/sycl	detail/helpers.hpp	492d671f0be1697649be080325007ad0b5b5e815246cc9e27a6a23163d16d3c2
/opt/intel/oneapi/compiler/2026.1/include/sycl	detail/host_profiling_info.hpp	424dbd9f5a715446047bca06083b143ed0f9133b008c1faf08a1b8b1e606abe7
/opt/intel/oneapi/compiler/2026.1/include/sycl	detail/id_queries_fit_in_int.hpp	be8044482ef675589bbb920bbb3df4b64501ba6a655f8b9aa4f8638e8714a441
/opt/intel/oneapi/compiler/2026.1/include/sycl	detail/image_accessor_util.hpp	baf18affa2081ce9bfce51812ca9f9e9497da22955ab7037099da1ed0130bd32
/opt/intel/oneapi/compiler/2026.1/include/sycl	detail/image_ocl_types.hpp	e98f86d24c09c0385f4c37563f9055dda13db74913bf8222b37c637d3fec2cab
/opt/intel/oneapi/compiler/2026.1/include/sycl	detail/impl_utils.hpp	76617802f9e901c8d330666a934f5948805f42824fb3d0b19d834bfd6b2acedf
/opt/intel/oneapi/compiler/2026.1/include/sycl	detail/info_desc_helpers.hpp	476fb1f96baec3a2e4f8599743a753e1edbf34a3b5120ec7d030aecc3e4e4c60
/opt/intel/oneapi/compiler/2026.1/include/sycl	detail/iostream_proxy.hpp	5ea273c180bb5534b4ad963411045dc85701a731c43208bda7caa3cba197b854
/opt/intel/oneapi/compiler/2026.1/include/sycl	detail/is_device_copyable.hpp	b1ddc69fa387ce017277a063a40e06a340b95baa6d23e9eb12b4e0b24fe5af64
/opt/intel/oneapi/compiler/2026.1/include/sycl	detail/item_base.hpp	d606768792a7d9f1580f80e3ce30a87518318d4c51895ab070919fdea55cb807
/opt/intel/oneapi/compiler/2026.1/include/sycl	detail/kernel_desc.hpp	3048bdb889ee124c48ba9224af668d253120485080c084092bbf372ac14315c0
/opt/intel/oneapi/compiler/2026.1/include/sycl	detail/kernel_global_info.hpp	9c8d58068dd34fac338df3042b0d7dde49a68f3076f83abde6fd8ca2e1541135
/opt/intel/oneapi/compiler/2026.1/include/sycl	detail/kernel_launch_helper.hpp	5b88a138ac82687c66073e460018b102ff1c40d17d3d53205f7acd53de6246d2
/opt/intel/oneapi/compiler/2026.1/include/sycl	detail/key_value_iterator.hpp	f00494103db0e8e7a1cf6159296869ba218372711c52bb738c9d11a853d7a5e8
/opt/intel/oneapi/compiler/2026.1/include/sycl	detail/locked.hpp	39b9a4b44d0226aead1ccd2322e379e344efdaa25a03e9601276ce11b59d874e
/opt/intel/oneapi/compiler/2026.1/include/sycl	detail/memcpy.hpp	79d98688c76a4687955c08f77100cc8932a3c5149502c79da5ce3e6f38c03659
/opt/intel/oneapi/compiler/2026.1/include/sycl	detail/named_swizzles_mixin.hpp	a40d1de3b55ab6f18084891529b703fcfba569d1d88e9d01748096915c234373
/opt/intel/oneapi/compiler/2026.1/include/sycl	detail/nd_range_view.hpp	86719220e768baf2c7ef720ca4c329ede43e498ad8a110a2d7329a4cb10a6ebe
/opt/intel/oneapi/compiler/2026.1/include/sycl	detail/optional.hpp	8107f90bd1fd86ba97baaab21e849a0ac93b3d0b858e500ea126d10f732c6433
/opt/intel/oneapi/compiler/2026.1/include/sycl	detail/os_util.hpp	123fd6a51d2ae2d0fe034f35bc4c6b0e2103b7443ac7ff36b9c497b3a6c18ce1
/opt/intel/oneapi/compiler/2026.1/include/sycl	detail/owner_less_base.hpp	828442427b52f1701bd36f226def4c008b8ad654570e441e8463fd35cda04b5e
/opt/intel/oneapi/compiler/2026.1/include/sycl	detail/property_helper.hpp	c468f0907470fde25512e9dcdf8db3b53c8dea1a9711f017f10d1f7213544a39
/opt/intel/oneapi/compiler/2026.1/include/sycl	detail/property_list_base.hpp	efb196ba128e5aa42c09f16d87bae1005725021462dff131fc181bc0f32198ac
/opt/intel/oneapi/compiler/2026.1/include/sycl	detail/range_rounding.hpp	d3d910f472676c052b1fb7614df0e7d466a130d166be702b914d2bbb94eafec1
/opt/intel/oneapi/compiler/2026.1/include/sycl	detail/reduction_forward.hpp	92e0c9c852314c3c04b49b7ea495d0a96816c861feb0f5efe27433e0dfcc8957
/opt/intel/oneapi/compiler/2026.1/include/sycl	detail/spec_const_integration.hpp	e3c28e5e6394392d9c49f77e8553755b5df5f275cdcad90e75084347fca29df4
/opt/intel/oneapi/compiler/2026.1/include/sycl	detail/spinlock.hpp	039cb3cf474900cea69c3631c52f610527eac08172f19576cb7da5d2c8d352d3
/opt/intel/oneapi/compiler/2026.1/include/sycl	detail/spirv.hpp	b0eb9a8249d700768ebc66fee692eae8eea66c5293280f8fdafb25d9f0e188fc
/opt/intel/oneapi/compiler/2026.1/include/sycl	detail/stl_type_traits.hpp	90bbcfcf6c99b440580ffe4cec83948f705cd32b7a36733dfae13301c16da4ad
/opt/intel/oneapi/compiler/2026.1/include/sycl	detail/string.hpp	8680e912cc30a8c50a772e366d31ee5bbfe4b6c03203227dcdff86368b1d1012
/opt/intel/oneapi/compiler/2026.1/include/sycl	detail/string_view.hpp	fe0fbb4d0d0f18dfd1143f768244ba7c76c0e48faffbf822da0b83e698e5941f
/opt/intel/oneapi/compiler/2026.1/include/sycl	detail/sycl_local_mem_builtins.hpp	18c81059be75edd3d62719f6c08cdb450f1f1e430447eeef063c58623b99f6b0
/opt/intel/oneapi/compiler/2026.1/include/sycl	detail/sycl_mem_obj_allocator.hpp	07e7b0f587b4144deb03275aa72de60a9b595e2fec474ad1a108a0393e4b15f4
/opt/intel/oneapi/compiler/2026.1/include/sycl	detail/tuple.hpp	d188c8fec82bb6948b80334ae12bcf6ce7b0596262fb3e551ac992178ad483e9
/opt/intel/oneapi/compiler/2026.1/include/sycl	detail/type_traits/vec_marray_traits.hpp	8621d317abb628028f8f0b6929679965519cc4ea979a81f8c5ea732041982376
/opt/intel/oneapi/compiler/2026.1/include/sycl	detail/type_traits.hpp	38286408a20a44c20462508630a1abff993100e437e9c329eb4336b2846083e8
/opt/intel/oneapi/compiler/2026.1/include/sycl	detail/ur.hpp	b792856048dbd400a49c426160c94f4b9823a2d356deaed78dc8f4223aa8beef
/opt/intel/oneapi/compiler/2026.1/include/sycl	detail/usm_impl.hpp	b0b36c69e393ee4c06d3d69a9578e6a0e4b2db51d33f104d9a39e96ff73768d3
/opt/intel/oneapi/compiler/2026.1/include/sycl	detail/util.hpp	44d28e69973ebce48b493011928b5b52131676c53f74f553e913c969eae4796c
/opt/intel/oneapi/compiler/2026.1/include/sycl	detail/vector_arith.hpp	87387c1a46d3ad93038403b4a72fe7d91a73f1342f63f017d14aae0e7bd9c2ec
/opt/intel/oneapi/compiler/2026.1/include/sycl	detail/vector_convert.hpp	6654a09c23ce01f3972b667ddda199d8a1e943e80a010f7aa61872b4eba0dc9b
/opt/intel/oneapi/compiler/2026.1/include/sycl	device.hpp	b71c35b2e557a11630e404dd890d2970b86ea74e19d34e96889e46c927bc2e76
/opt/intel/oneapi/compiler/2026.1/include/sycl	device_aspect_macros.hpp	a22deaddd1c9aced87419a676823d334693b296da1f46d2bc13310037de8dfac
/opt/intel/oneapi/compiler/2026.1/include/sycl	device_aspect_traits.hpp	9e39bda56a7c269746e50c6787fa52bb8a95bd51bdc824ad9097c05eec703c30
/opt/intel/oneapi/compiler/2026.1/include/sycl	device_event.hpp	df69955f206380e2ee40a3640f98517d1a480a55c761fd0ea39d4f133c1bacc4
/opt/intel/oneapi/compiler/2026.1/include/sycl	device_selector.hpp	2d81041ad396c0bbd5215ba4cb3685039468f72b5bef02bb4554d82df09b7c49
/opt/intel/oneapi/compiler/2026.1/include/sycl	event.hpp	0ead90840a20664f68b860ab1b1543d2fc74f6afbfc1acd15d4d6d092968cb31
/opt/intel/oneapi/compiler/2026.1/include/sycl	exception.hpp	d8a9c362c09c4757a765bf09377120aed6f56b4ae75828d689f9e5248975ce65
/opt/intel/oneapi/compiler/2026.1/include/sycl	exception_list.hpp	b257bc10c38690e68013c0d6a1c3f47f1517d74d6ebde09ec34509d3a90c2db8
/opt/intel/oneapi/compiler/2026.1/include/sycl	ext/intel/esimd/alt_ui.hpp	fa13273a3866b441c73db95f721a3bbb4f305a0de0c1ed3ab75ea39dd405fc0f
/opt/intel/oneapi/compiler/2026.1/include/sycl	ext/intel/esimd/common.hpp	68a2e3ca70eb549218f383530a76b163839efab22ac23cc423e303e5b8e632a5
/opt/intel/oneapi/compiler/2026.1/include/sycl	ext/intel/esimd/detail/bfloat16_type_traits.hpp	a1bc99d1d91c7d192e37d7b158999cccd90801680dd74f8024cd5baf23518ec6
/opt/intel/oneapi/compiler/2026.1/include/sycl	ext/intel/esimd/detail/defines_elementary.hpp	50badac071a49749eac155784387809d69672bd3431dcaa58b400ed7d5289656
/opt/intel/oneapi/compiler/2026.1/include/sycl	ext/intel/esimd/detail/elem_type_traits.hpp	ed3233442fdc233ed039a3d5e61bdcdf08b4ad4719d70694373632e600e30838
/opt/intel/oneapi/compiler/2026.1/include/sycl	ext/intel/esimd/detail/half_type_traits.hpp	b3a27ed1c86764a84c58b84b69c231b0c668a13050069a422358a39ba9efbc86
/opt/intel/oneapi/compiler/2026.1/include/sycl	ext/intel/esimd/detail/intrin.hpp	312d77e0c5c78d587ac235e27e146d885d14e65a588a19e4b60a6ae44605face
/opt/intel/oneapi/compiler/2026.1/include/sycl	ext/intel/esimd/detail/math_intrin.hpp	6cfff600ae656b3b02fb3d0f581e80be702e74b390000eb094a1bf5e83364810
/opt/intel/oneapi/compiler/2026.1/include/sycl	ext/intel/esimd/detail/memory_intrin.hpp	82c6dd5fee6d7567abd16fce0810d8d01388401b5019e0b5e59155bc4882d69d
/opt/intel/oneapi/compiler/2026.1/include/sycl	ext/intel/esimd/detail/operators.hpp	23c547906f18f55a56b079f9ac85a70250033b70fdb1ed00a65014aa15e09b75
/opt/intel/oneapi/compiler/2026.1/include/sycl	ext/intel/esimd/detail/region.hpp	9ca0b14b10b5efea01016196f0dfeb5532c6d6dcbe307857a22784320dfd0bb3
/opt/intel/oneapi/compiler/2026.1/include/sycl	ext/intel/esimd/detail/simd_mask_impl.hpp	0e064899d118f7729066c0637d60814984586246b8933c5567a32258ccfdb373
/opt/intel/oneapi/compiler/2026.1/include/sycl	ext/intel/esimd/detail/simd_obj_impl.hpp	1f954a6d2ee98cdc42f8adb086b12aaaee968b22a1f4b53d97391aefd2851df5
/opt/intel/oneapi/compiler/2026.1/include/sycl	ext/intel/esimd/detail/simd_view_impl.hpp	a95a18a0cb33480ccad592139b626f47622d46d899b6e6113e38104abbbe2c0d
/opt/intel/oneapi/compiler/2026.1/include/sycl	ext/intel/esimd/detail/sycl_util.hpp	f1140ddf1b5f0dcb021c0536ec1b57157d8ab888985cb32c3c2d961b1b4aea86
/opt/intel/oneapi/compiler/2026.1/include/sycl	ext/intel/esimd/detail/tfloat32_type_traits.hpp	e7b9d65f485f621a45bf0b56380013c9a2d261ef5d246189492178d13159de17
/opt/intel/oneapi/compiler/2026.1/include/sycl	ext/intel/esimd/detail/type_format.hpp	101c12371e4ce14acf8c290da771eed356c00849701248427131eff84f85c043
/opt/intel/oneapi/compiler/2026.1/include/sycl	ext/intel/esimd/detail/types.hpp	7759a60deafe9142d1ae4d26e136eceb2efb07d2f23e418836220d8a15588826
/opt/intel/oneapi/compiler/2026.1/include/sycl	ext/intel/esimd/detail/types_elementary.hpp	595f2b92b7d2bd38a43bb453bd32ca3440acf42df74a63071c1032fd6a80c557
/opt/intel/oneapi/compiler/2026.1/include/sycl	ext/intel/esimd/detail/util.hpp	ddaf5d4119ef6d218605a83a8f093ca627ee77c7e6b7858e015c371d151cb5cd
/opt/intel/oneapi/compiler/2026.1/include/sycl	ext/intel/esimd/math.hpp	23833952532c32e1e55e15c73ea3b276cd41394c56b8dd41e22585c696743067
/opt/intel/oneapi/compiler/2026.1/include/sycl	ext/intel/esimd/memory.hpp	51a46326063e0a22fb09aff143a79135cd63111aefab42d74894971c5bef5c4f
/opt/intel/oneapi/compiler/2026.1/include/sycl	ext/intel/esimd/memory_properties.hpp	3d179fe45202c08851847d30602dbbe2931c748283212c53ecbf0a22bce69f32
/opt/intel/oneapi/compiler/2026.1/include/sycl	ext/intel/esimd/native/common.hpp	71b73605b52099f31da58d70e8e37a7e30807831f6e01ec11a34a6c7fbba6ab8
/opt/intel/oneapi/compiler/2026.1/include/sycl	ext/intel/esimd/simd.hpp	cb67ffc456e3f42ba5164831b279fa54b4d84f9bd3d98bb2af5145612b91f462
/opt/intel/oneapi/compiler/2026.1/include/sycl	ext/intel/esimd/simd_view.hpp	d14a84a7c802a96a29c4e70f2badb0ae3ab02274efd475439f3376b8e652e2c1
/opt/intel/oneapi/compiler/2026.1/include/sycl	ext/intel/esimd/xmx/common.hpp	1d9b4a11ba072ee9fc4aa5b847f916f02d696c193d1fc3e950124f2689d337c2
/opt/intel/oneapi/compiler/2026.1/include/sycl	ext/intel/esimd/xmx/dpas.hpp	624af78f61deb6b9591904b908e05cb13bbf6e8a8b64e380df09b29c83054c5a
/opt/intel/oneapi/compiler/2026.1/include/sycl	ext/intel/esimd.hpp	d790d8214dd2930010334871c6b206ab040c4d1907b7fdfbbe7c54530b9a51e2
/opt/intel/oneapi/compiler/2026.1/include/sycl	ext/intel/experimental/cache_control_properties.hpp	e77df8f38e41f5793b15edb31fa6c185dfa03e88da17da2788ec6c470b586e27
/opt/intel/oneapi/compiler/2026.1/include/sycl	ext/intel/experimental/detail/misc_intrin.hpp	b44cd7fff0417e493a35a73843b6e516bc74e42c950638b901c2d8258addbfc1
/opt/intel/oneapi/compiler/2026.1/include/sycl	ext/intel/experimental/esimd/common.hpp	d5956973abfe8fc370fc1c70cdd9a3d1efd46f2476463916d1873a64537cb9f6
/opt/intel/oneapi/compiler/2026.1/include/sycl	ext/intel/experimental/esimd/detail/math_intrin.hpp	862bdfa14bcd2ea339cb6e69841683c2289da61e8ecc7d2fdb909e93edc05590
/opt/intel/oneapi/compiler/2026.1/include/sycl	ext/intel/experimental/esimd/detail/memory_intrin.hpp	cca5506fd1056344a6c49a696c005083c7a81d19fb09e296ae11db9f42d7d013
/opt/intel/oneapi/compiler/2026.1/include/sycl	ext/intel/experimental/esimd/detail/util.hpp	3bdd4c443763e186e6484b504b5c2b584afa100bd9da173ef5bd171ad91605a2
/opt/intel/oneapi/compiler/2026.1/include/sycl	ext/intel/experimental/esimd/math.hpp	44b302f26eaafc0946570ffb6f839b43c71e7ddbb0dba0370c4b69c380899394
/opt/intel/oneapi/compiler/2026.1/include/sycl	ext/intel/experimental/esimd/memory.hpp	d4303020df2e134a389146300a1fbf5382ba90c0c2cf6aca093d123a95290b38
/opt/intel/oneapi/compiler/2026.1/include/sycl	ext/intel/experimental/esimd/tfloat32.hpp	f029a6e52f8d7c11e787bbbce16cb80214921b3981f0ae0ad473412495def0be
/opt/intel/oneapi/compiler/2026.1/include/sycl	ext/intel/experimental/fp_control_kernel_properties.hpp	10a5af3012fa0e628d4cca34b0698b2df4a3d6d4a360f5d50c05061213288119
/opt/intel/oneapi/compiler/2026.1/include/sycl	ext/intel/experimental/grf_size_properties.hpp	99f3deaeb889a5757ae36785d4394b946b9f73ab522e93042c84fc7ba6021a57
/opt/intel/oneapi/compiler/2026.1/include/sycl	ext/intel/experimental/kernel_execution_properties.hpp	a6bef97a6d0abf3e545a1c71c2eb5200fc26f0af5ecb0d0db32f3133e3a450dd
/opt/intel/oneapi/compiler/2026.1/include/sycl	ext/intel/experimental/usm_properties.hpp	77813a4bdd360b0a4e8de77243287715fb5cf012bdfe4871930beed1a817dee3
/opt/intel/oneapi/compiler/2026.1/include/sycl	ext/intel/math/imf_fp_conversions.hpp	6d14d9c87e982b30c6b41bc51fc70509cfab9118b088cb5f41713ce82c82d818
/opt/intel/oneapi/compiler/2026.1/include/sycl	ext/intel/math/imf_half_trivial.hpp	947c2bbba5a795b7a30a5def56c65f679ae97c0bb951b5875d49150c067906ab
/opt/intel/oneapi/compiler/2026.1/include/sycl	ext/intel/math/imf_integer_utils.hpp	b65fef779b3f4fb619903c8ec1353a72b01344dae183632e6aee540610b6009d
/opt/intel/oneapi/compiler/2026.1/include/sycl	ext/intel/math/imf_rounding_math.hpp	426272a71d61c2032aef48887f145fc3cab0b3cc9140debf34e344f89372a14c
/opt/intel/oneapi/compiler/2026.1/include/sycl	ext/intel/math/imf_simd.hpp	38ebc4e0fe17a93107dc0d9df0d4bb1a0f3bf3dd65b9cb44820b475caa936807
/opt/intel/oneapi/compiler/2026.1/include/sycl	ext/intel/math.hpp	40d4ea16c9956fa2214a722af5c2b35dee7f9a76db63540fca7ab40c8a6a7153
/opt/intel/oneapi/compiler/2026.1/include/sycl	ext/oneapi/accessor_property_list.hpp	371f315ac95a1401a5f031b4f3b5cb0be2acac3afca3cc6650b30a7b7a3d6c11
/opt/intel/oneapi/compiler/2026.1/include/sycl	ext/oneapi/backend/hip.hpp	df78d95082754638030b64d77ce1a8f48c28747e4f7f6fc5981a4d6ea59e0e77
/opt/intel/oneapi/compiler/2026.1/include/sycl	ext/oneapi/backend/level_zero.hpp	30f86adea4a4be42714a6bef7b637b5a305afcb272cfcc31ad2547c6dd13de4b
/opt/intel/oneapi/compiler/2026.1/include/sycl	ext/oneapi/backend/level_zero_ownership.hpp	082d86b5b159c4f17eb62ef549fd3d6afbbacfa80e7e3fe9b31958c2e3bd9080
/opt/intel/oneapi/compiler/2026.1/include/sycl	ext/oneapi/bf16_storage_builtins.hpp	f0dd5767e82b534b21b3484ab3101aabb55756e5275346e1b8fffc5ed2d50a6c
/opt/intel/oneapi/compiler/2026.1/include/sycl	ext/oneapi/bfloat16.hpp	58f1114c0406b00ab7661fd4051165e97bb418158571656383799e675f3e1051
/opt/intel/oneapi/compiler/2026.1/include/sycl	ext/oneapi/bindless_images.hpp	50be3f267f07f01b95e8e2fcd5a4b386bb7147e181c981ca7279731880d035a2
/opt/intel/oneapi/compiler/2026.1/include/sycl	ext/oneapi/bindless_images_descriptor.hpp	35a158a2e2c90033eea331fedc492ea7f3806e0304796b03c25fe7b479412fa4
/opt/intel/oneapi/compiler/2026.1/include/sycl	ext/oneapi/bindless_images_interop.hpp	b7b9f51fa0bd8af8f2c64d3ddaa698439793a94c5411b7b4fd56844f80d0aecb
/opt/intel/oneapi/compiler/2026.1/include/sycl	ext/oneapi/bindless_images_mem_handle.hpp	7b7f3678d7cf4c4027744966680036719afa7f78dd8afa10e2603d4126f757fb
/opt/intel/oneapi/compiler/2026.1/include/sycl	ext/oneapi/bindless_images_memory.hpp	23a90baa2b734d4514a4ab908939b7a01184527e47b518b50b2860edb819d9fb
/opt/intel/oneapi/compiler/2026.1/include/sycl	ext/oneapi/bindless_images_sampler.hpp	a36b67edb511c62eeb605f3bc3a698eb86cadb565662a462cee3df08ae6ab62a
/opt/intel/oneapi/compiler/2026.1/include/sycl	ext/oneapi/device_global/device_global.hpp	8c30cc019cea0c5b7fdf952ab15ce84524a1c2fcc3453bf252bf7fa393ae2d90
/opt/intel/oneapi/compiler/2026.1/include/sycl	ext/oneapi/device_global/properties.hpp	02e5eb84893de80f62e13904dd7d99978db0eb7b4c8d8b530dc7260d7b0d137e
/opt/intel/oneapi/compiler/2026.1/include/sycl	ext/oneapi/dot_product.hpp	a8fe523e41b263e4c7ddb8b296ef06c24b7672e87658115bad430ed391d94e93
/opt/intel/oneapi/compiler/2026.1/include/sycl	ext/oneapi/experimental/address_cast.hpp	54722f6cb487d55e8b2a0793da2cb146369badffd743d42077f37f5d5e1c9d49
/opt/intel/oneapi/compiler/2026.1/include/sycl	ext/oneapi/experimental/alloca.hpp	a70d928bbcca7d8271e82fd7c94b53beb017d8c71708052cfcfa7db33cdb0507
/opt/intel/oneapi/compiler/2026.1/include/sycl	ext/oneapi/experimental/annotated_ptr/annotated_ptr.hpp	fe527ddb23451145d0897162786e32cbab52a93a9f18b9b82170dd0858f9cb23
/opt/intel/oneapi/compiler/2026.1/include/sycl	ext/oneapi/experimental/annotated_ptr/annotated_ptr_properties.hpp	dc574835a59fd219f89813782b8447f7f4fb756ff257bc64786155047f590173
/opt/intel/oneapi/compiler/2026.1/include/sycl	ext/oneapi/experimental/annotated_usm/alloc_base.hpp	c889e21b640eed5e1f98ea9030f82641dd5a76d61ac04b1f3b0d21c3e70bd36b
/opt/intel/oneapi/compiler/2026.1/include/sycl	ext/oneapi/experimental/annotated_usm/alloc_device.hpp	60218abfa496f0c8d974f9ff8c59f9449e20804a845a9c2dd3fe4be95f77406f
/opt/intel/oneapi/compiler/2026.1/include/sycl	ext/oneapi/experimental/annotated_usm/alloc_host.hpp	497c303340ea7611a06e456f8b8e6129b23d939bcd2ada8770d667015ea94964
/opt/intel/oneapi/compiler/2026.1/include/sycl	ext/oneapi/experimental/annotated_usm/alloc_shared.hpp	4dfdd9d212785a6c132576406ee7333f82452219043f3f68d4c0dbebf12e9347
/opt/intel/oneapi/compiler/2026.1/include/sycl	ext/oneapi/experimental/annotated_usm/alloc_util.hpp	825aa4292a70e72c0d15a8258bc9cd3c65f12f4445c948133390e6967f69e94d
/opt/intel/oneapi/compiler/2026.1/include/sycl	ext/oneapi/experimental/annotated_usm/dealloc.hpp	5175198b5a4d22b51e78a29bea76fb04ea806c671c44c32417ad0fcbddf31abe
/opt/intel/oneapi/compiler/2026.1/include/sycl	ext/oneapi/experimental/async_alloc/async_alloc.hpp	85336d35a03023b2dcdb2ac5edb220d1cb62dc8d704b38b010fc4b23aaaa378a
/opt/intel/oneapi/compiler/2026.1/include/sycl	ext/oneapi/experimental/async_alloc/memory_pool.hpp	66361c3cc034d06e89f27c88fe84fb4703acbc8cbc8c4d0b573321e30c244cfa
/opt/intel/oneapi/compiler/2026.1/include/sycl	ext/oneapi/experimental/async_alloc/memory_pool_properties.hpp	b243726af171dc482378c68747f2cae6aae0a4253bed6143da8a9007b06b13ab
/opt/intel/oneapi/compiler/2026.1/include/sycl	ext/oneapi/experimental/auto_local_range.hpp	d805dbf2e8cbb3a819cd2f41be116c438ded8943d1e7e4e1f1546aa918ee418f
/opt/intel/oneapi/compiler/2026.1/include/sycl	ext/oneapi/experimental/backend/backend_traits_cuda.hpp	200c95cdea517474504e1df90ff259bf4f2ec0066fa899d3b3846d2d99522079
/opt/intel/oneapi/compiler/2026.1/include/sycl	ext/oneapi/experimental/backend/cuda.hpp	4d3bf058c36bf510a5902a08f0afab69a32bca8ecb355a94a918582596007316
/opt/intel/oneapi/compiler/2026.1/include/sycl	ext/oneapi/experimental/bfloat16_math.hpp	e00ee8e12cf95a41316acb25168200180569bfc1d5f7d08c00af5ee035c62460
/opt/intel/oneapi/compiler/2026.1/include/sycl	ext/oneapi/experimental/builtins.hpp	9942a7eb5d35705bc30b0affdaf60bd832fd9bc8f325a495f80f381722e4ddb7
/opt/intel/oneapi/compiler/2026.1/include/sycl	ext/oneapi/experimental/chunk.hpp	3fd41a723bb10fe205ae813d31fc7948d8dbcecb300d04c046ad6b2c297ca199
/opt/intel/oneapi/compiler/2026.1/include/sycl	ext/oneapi/experimental/clock.hpp	87a7095fa126a5dfa2f2c3a1c6f26c862282d7e3a85545183588994f6a20309e
/opt/intel/oneapi/compiler/2026.1/include/sycl	ext/oneapi/experimental/cluster_group_prop.hpp	50b0954716a0c952f74fec3d8617571a59010152fd40752fa44fe5c8e957c2ae
/opt/intel/oneapi/compiler/2026.1/include/sycl	ext/oneapi/experimental/common_annotated_properties/properties.hpp	a39c062f35971a49f43e38043fb9858c4c0937985f3b0c72d32ce0b4ea8ece6a
/opt/intel/oneapi/compiler/2026.1/include/sycl	ext/oneapi/experimental/complex/complex.hpp	d3078cbee7ce5a15c45d7bd2813265095b95700ad113c936e2a7d42cc980cdc7
/opt/intel/oneapi/compiler/2026.1/include/sycl	ext/oneapi/experimental/complex/detail/common.hpp	6a46346629e10853e844114e0b09e9fb3c59ffb081470930d216aac4b3c4f86b
/opt/intel/oneapi/compiler/2026.1/include/sycl	ext/oneapi/experimental/complex/detail/complex.hpp	dbe8bcbe071265398138c2f98ed8a9cf96232522eceb210eead3751e731f04f9
/opt/intel/oneapi/compiler/2026.1/include/sycl	ext/oneapi/experimental/complex/detail/complex_math.hpp	938ac330cb4761c311f5eaba97fc7c2e17ecc417076a536d282be2803125a3ea
/opt/intel/oneapi/compiler/2026.1/include/sycl	ext/oneapi/experimental/composite_device.hpp	c9b014f49202e9f3b083c41e718a46c9d94cf66247239f97a8047ab15be70e9c
/opt/intel/oneapi/compiler/2026.1/include/sycl	ext/oneapi/experimental/cuda/barrier.hpp	11bed6a433c222b6279675b6e5c7a1e99206f3ff69ab0e25cb9df21c521b811a
/opt/intel/oneapi/compiler/2026.1/include/sycl	ext/oneapi/experimental/cuda/builtins.hpp	cf6fc386e952ff2c0d57aba43a6b012559445c7d759d4c33dc4c66d2bfc2bdff
/opt/intel/oneapi/compiler/2026.1/include/sycl	ext/oneapi/experimental/cuda/masked_shuffles.hpp	077132ce42ed445fd1c0747fd44c7723eccc78a7e3abb969c944fa1b1850982c
/opt/intel/oneapi/compiler/2026.1/include/sycl	ext/oneapi/experimental/cuda/non_uniform_algorithms.hpp	0c10ba5269d72274cd8ff413f18bfb50fa7fc6152d2a3dd7da84b5c0623bba37
/opt/intel/oneapi/compiler/2026.1/include/sycl	ext/oneapi/experimental/current_device.hpp	2959a53ed5d0afb5ad608bdac53ee236473dfc3fc9a79d4d720801ebd94af090
/opt/intel/oneapi/compiler/2026.1/include/sycl	ext/oneapi/experimental/detail/invoke_simd_types.hpp	103dbb55336a067f514b69385e80ec6e7af17772198e97558f59accea3f248a9
/opt/intel/oneapi/compiler/2026.1/include/sycl	ext/oneapi/experimental/detail/properties/graph_properties.def	b48bd53347aa2da08bd47fa0ea3abc0cd69769685d0d46ff126f5832838f6098
/opt/intel/oneapi/compiler/2026.1/include/sycl	ext/oneapi/experimental/detail/properties/graph_properties.hpp	8f26053c224a4b5e4b265014d106a5fe08b3b49621262d1f4f774a2c8726ad00
/opt/intel/oneapi/compiler/2026.1/include/sycl	ext/oneapi/experimental/detail/properties/node_properties.def	b608f20733e2f3d666eddd1183440a0f6ccde0f733b7d66765abb567706ddd8b
/opt/intel/oneapi/compiler/2026.1/include/sycl	ext/oneapi/experimental/device_architecture.def	76b4097133bd3813d24f14dd7cf6bf84d7d3fa3ab96e8d3c712dfbc6b092e8ec
/opt/intel/oneapi/compiler/2026.1/include/sycl	ext/oneapi/experimental/device_architecture.hpp	98ac328d35992ff8df2e22181c8d9205e3937c24a8f861ee6f3759e5b9c6f4f1
/opt/intel/oneapi/compiler/2026.1/include/sycl	ext/oneapi/experimental/enqueue_functions.hpp	d772f09a9a9f0a0791c4d33e430bf809c7fbe8a86d0b04e3fa0765909ba56612
/opt/intel/oneapi/compiler/2026.1/include/sycl	ext/oneapi/experimental/enqueue_types.hpp	f884e13a787d1ca5ae67560d1011a3e0190c4d06561aa33b03a6773a4f315d8b
/opt/intel/oneapi/compiler/2026.1/include/sycl	ext/oneapi/experimental/event_mode_property.hpp	abeee97e9778425b052a0428fd11c155e59d8f2aad839fd3b57f12f7c5257a07
/opt/intel/oneapi/compiler/2026.1/include/sycl	ext/oneapi/experimental/forward_progress.hpp	72aec94e4932dc6f00849af5b0711d61a0a537c65c69786fe284f7e3810b6120
/opt/intel/oneapi/compiler/2026.1/include/sycl	ext/oneapi/experimental/fragment.hpp	d0eaf3a3c24d00cc29f600f74bc37c34b7b470c4e09c2b2287792b8e5910d537
/opt/intel/oneapi/compiler/2026.1/include/sycl	ext/oneapi/experimental/free_function_traits.hpp	0e2cf1750c2e0967c4835150bc5c37a170165fb011975bfcf20b6f4e19083971
/opt/intel/oneapi/compiler/2026.1/include/sycl	ext/oneapi/experimental/graph/command_graph.hpp	c7406f99f309f237bac7bf7a5577b71ebd378a06a739ed6cc21cc6c743e76fd7
/opt/intel/oneapi/compiler/2026.1/include/sycl	ext/oneapi/experimental/graph/common.hpp	0de5fc20d4622dc13f4e14f038d310f3f3725a77cb5e5210b0b1bc9e8b0560b6
/opt/intel/oneapi/compiler/2026.1/include/sycl	ext/oneapi/experimental/graph/dynamic.hpp	5ba436beedf7800ad649da15980449d6a999831e0638bbc2da01ad5b62bbe028
/opt/intel/oneapi/compiler/2026.1/include/sycl	ext/oneapi/experimental/graph/executable_graph.hpp	34fd24537768454444734a5e6a05e21028815f69cc193e78aa997772c3c20653
/opt/intel/oneapi/compiler/2026.1/include/sycl	ext/oneapi/experimental/graph/modifiable_graph.hpp	f16acf95fa54d45947700f4ece19f2cad81dc35ebcc38d8ef356f5f706a7b3de
/opt/intel/oneapi/compiler/2026.1/include/sycl	ext/oneapi/experimental/graph/node.hpp	f02511e4eabc0a7d8e6f9e28437568aa310bf684c411cc333e16958d4d0ba369
/opt/intel/oneapi/compiler/2026.1/include/sycl	ext/oneapi/experimental/graph.hpp	f7a91295612dab140b9b30a87875deaed39667ecda72562fa20070b6e54774e0
/opt/intel/oneapi/compiler/2026.1/include/sycl	ext/oneapi/experimental/group_helpers_sorters.hpp	bb03fc210fe5d121bbcf9c8898f47b07258c2ca600132554232b3adc09c250c9
/opt/intel/oneapi/compiler/2026.1/include/sycl	ext/oneapi/experimental/group_load_store.hpp	899b9ca27df42120f4a1d7ac7f841fc112a017dc0b988ee2e12ff08f3a34ea04
/opt/intel/oneapi/compiler/2026.1/include/sycl	ext/oneapi/experimental/group_sort.hpp	5f2eee857b98f714aeb5594bf13c428042144de090ef7c6b68b10eb0cf5e3552
/opt/intel/oneapi/compiler/2026.1/include/sycl	ext/oneapi/experimental/invoke_simd.hpp	73e7c9935032ddfbad7d4b7bdf7c38a8bf9e62a019526970b2e9c0e2cbd0709d
/opt/intel/oneapi/compiler/2026.1/include/sycl	ext/oneapi/experimental/ipc_memory.hpp	fe1e5607e35558a122d42a430fdec63964f033a12afd8d50800eb64b7c9c721c
/opt/intel/oneapi/compiler/2026.1/include/sycl	ext/oneapi/experimental/non_uniform_groups.hpp	1c3a54ad9e2771f400f64cf8e4e05010880915bb1658fe3b006fff13ca19176a
/opt/intel/oneapi/compiler/2026.1/include/sycl	ext/oneapi/experimental/prefetch.hpp	faf6aaf731e4af867f4a54159cd2e332693eb7bac9753126d90c6d7fd3d33bc9
/opt/intel/oneapi/compiler/2026.1/include/sycl	ext/oneapi/experimental/profiling_tag.hpp	8bf94c6e3c5006bdacd042c78293894823170cbd7db3930c7448c2124a9a8bd3
/opt/intel/oneapi/compiler/2026.1/include/sycl	ext/oneapi/experimental/raw_kernel_arg.hpp	87fa8bb34332423ca4af08eb4af08e191f32b08b5a844e1fce8d3a22002dbf88
/opt/intel/oneapi/compiler/2026.1/include/sycl	ext/oneapi/experimental/reduction_properties.hpp	91913f0d0e514835fed735e53ba3b829a2550402f5eb57f50e67c325aef6ff44
/opt/intel/oneapi/compiler/2026.1/include/sycl	ext/oneapi/experimental/root_group.hpp	aff8ddb708ff14b87cbc33eb61e3a3470af046a2522973e2d4165a64db411765
/opt/intel/oneapi/compiler/2026.1/include/sycl	ext/oneapi/experimental/syclbin_kernel_bundle.hpp	21d1c1dd6f7298204a3b223080a569842168a26fa805be2fd10e6cefa8b0379c
/opt/intel/oneapi/compiler/2026.1/include/sycl	ext/oneapi/experimental/syclbin_properties.hpp	8f74384065844ae8d05fe71e426877c123bc8ea3db43fd385d83da6a8b95acb3
/opt/intel/oneapi/compiler/2026.1/include/sycl	ext/oneapi/experimental/tangle.hpp	3a0863b17b214d6c59fb67bd23fd1a4911e4802759b6439cbba3ad7d0f6bda4f
/opt/intel/oneapi/compiler/2026.1/include/sycl	ext/oneapi/experimental/uniform.hpp	00dfdd6b512641bb838ffc0610ba50eb2187454b4a1733d2e36f8352d99ffa52
/opt/intel/oneapi/compiler/2026.1/include/sycl	ext/oneapi/experimental/use_root_sync_prop.hpp	8f623a3d66abd9e9470aae2d07b3017d6bb26418374672cbf7c0bcb6e59713fa
/opt/intel/oneapi/compiler/2026.1/include/sycl	ext/oneapi/experimental/user_defined_reductions.hpp	7a00e1a49a83676133251a0b24d90ab0d6f7bfcc40c205e0b3d247876418f9d4
/opt/intel/oneapi/compiler/2026.1/include/sycl	ext/oneapi/experimental/virtual_functions.hpp	14b7e8ab97cb83b3056f3fbecd16d8f2feaec64614d2b105daa7f3c480242d25
/opt/intel/oneapi/compiler/2026.1/include/sycl	ext/oneapi/experimental/work_group_memory.hpp	720f9cebfe84c793748b0b4ee1b3d4ff1b6b85f7d75a065b57840a1875e72e96
/opt/intel/oneapi/compiler/2026.1/include/sycl	ext/oneapi/filter_selector.hpp	8243a15b5c302a96956eb0edbb0e18b66f2baa72a2bf8cd175ce062163c549d8
/opt/intel/oneapi/compiler/2026.1/include/sycl	ext/oneapi/free_function_queries.hpp	4bcd5cec7c294cf9ecf0fe066623cda2bdcaa73ecc18f7ff597aa8ba8eb73a70
/opt/intel/oneapi/compiler/2026.1/include/sycl	ext/oneapi/functional.hpp	44e37999146fdcb1267d0adaf799b59be4c8c203885c240bd175d713cde62715
/opt/intel/oneapi/compiler/2026.1/include/sycl	ext/oneapi/get_kernel_info.hpp	9d9ddcfb24c4abb1a2a4ef7b1cadc10aa705fa24e5ac1f6545115940f699b8a5
/opt/intel/oneapi/compiler/2026.1/include/sycl	ext/oneapi/group_local_memory.hpp	e27178fd78ec4ae144303f553bbff215c15245d07eaba0604c98e05b9551d120
/opt/intel/oneapi/compiler/2026.1/include/sycl	ext/oneapi/interop_common.hpp	2cb205727278c777421b7049a3c6bcb10db3e9f31f454772ad936e99cea1c067
/opt/intel/oneapi/compiler/2026.1/include/sycl	ext/oneapi/kernel_properties/properties.hpp	6e953d188d1e1e0ca872ee70e7e1911dde459a32272d7951f7b11f7a36e10f8b
/opt/intel/oneapi/compiler/2026.1/include/sycl	ext/oneapi/matrix/matrix-hip.hpp	b6000966d5603f74212559819cfe6a5da8bb4497e36aa02a70f4e02cec0f7160
/opt/intel/oneapi/compiler/2026.1/include/sycl	ext/oneapi/matrix/matrix-intel.hpp	a8836d2b8b2ba1c023aeec96fbadb82bee054af5a5b427887b90969509cd06de
/opt/intel/oneapi/compiler/2026.1/include/sycl	ext/oneapi/matrix/matrix-tensorcores.hpp	64ccc129fd4ffb31accd9461f2344c6bd827eadec508bd15f5c97bde842d4167
/opt/intel/oneapi/compiler/2026.1/include/sycl	ext/oneapi/matrix/matrix-unified-utils.hpp	c8e428024901d3529a45b6659b62e964c80a16c8fa54683487d137433a9e4832
/opt/intel/oneapi/compiler/2026.1/include/sycl	ext/oneapi/matrix/matrix-unified.hpp	fce8a8847f92568004c150e49d0125ff649288806a5e72f1bc32e9d5fed38dbc
/opt/intel/oneapi/compiler/2026.1/include/sycl	ext/oneapi/matrix/matrix.hpp	c298993bfc66b10f3204723c20afe960e07313b51add9ab28f549653dbde4da7
/opt/intel/oneapi/compiler/2026.1/include/sycl	ext/oneapi/matrix/query-types.hpp	aeb1a24055343c7fd8df62470f945f8318306496e33fcc429c092a295931e219
/opt/intel/oneapi/compiler/2026.1/include/sycl	ext/oneapi/matrix/static-query-use.hpp	a48cd577e4938f67dfbee0046f2fd9034432f1528f7f6e685f54433ff980a8f1
/opt/intel/oneapi/compiler/2026.1/include/sycl	ext/oneapi/matrix/utils.hpp	4f02f0f570cf645f5abf46e3f64330102f4e2ae54b30a6c7f847d3131531934e
/opt/intel/oneapi/compiler/2026.1/include/sycl	ext/oneapi/memcpy2d.hpp	b25ae5020eaa261830d81b1cd7ef81df0e682c47aa02960c0cbfc0031e16e8b3
/opt/intel/oneapi/compiler/2026.1/include/sycl	ext/oneapi/memory_export.hpp	d443a2424ac346ac2011e04d279b422e6337878162a7ce11ad5fab18e8b1af29
/opt/intel/oneapi/compiler/2026.1/include/sycl	ext/oneapi/owner_less.hpp	ac184974652f7e941fe92a8b5e04c118667f0b6ed18038e003fc408c36aeee89
/opt/intel/oneapi/compiler/2026.1/include/sycl	ext/oneapi/properties/properties.hpp	e17ff86d3bc64874574edb39bef14b57390bb8c0f426271c804e19f47674f205
/opt/intel/oneapi/compiler/2026.1/include/sycl	ext/oneapi/properties/property.hpp	5a8e1fe0fbcfab44cd54fef552f7d4cfcdcfc03efa00bb2f42d5550e84a55646
/opt/intel/oneapi/compiler/2026.1/include/sycl	ext/oneapi/properties/property_utils.hpp	47bfe85e9fc8987d0eb55fa00f6877a35f8b05e3ecd5d790d49cc20d947e4275
/opt/intel/oneapi/compiler/2026.1/include/sycl	ext/oneapi/properties/property_value.hpp	dc863dad43d62f983ad7d533d2a6e5dd38b4befa74f31e4be108bb45ec2ddb96
/opt/intel/oneapi/compiler/2026.1/include/sycl	ext/oneapi/sub_group.hpp	9b907ba653c689acae32476f0b34c39e2e49c1c0eeb5f610acb9b217cccdc0a2
/opt/intel/oneapi/compiler/2026.1/include/sycl	ext/oneapi/sub_group_mask.hpp	b2517a34958e255ea2ab382791136a16967b88275e98045921e58aafdc9e5d3d
/opt/intel/oneapi/compiler/2026.1/include/sycl	ext/oneapi/virtual_mem/physical_mem.hpp	3669a72d1ff6e6a4571b160dc09b818b028095c7b368ca73e90f0974d0a4b375
/opt/intel/oneapi/compiler/2026.1/include/sycl	ext/oneapi/virtual_mem/virtual_mem.hpp	18b1cffc3a8990162ab017d2e5a969beb025c16088328f7eef8b481947b08a2e
/opt/intel/oneapi/compiler/2026.1/include/sycl	ext/oneapi/weak_object.hpp	bfcaef4646bc58d09ef4ac1719983ce229766bead1d35fe318c61883198ab7d4
/opt/intel/oneapi/compiler/2026.1/include/sycl	ext/oneapi/weak_object_base.hpp	79977b68677d969688e6d3e1190e8a1706ad758a51bf1665ad9eacc7b877128b
/opt/intel/oneapi/compiler/2026.1/include/sycl	ext/oneapi/work_group_scratch_memory.hpp	8b1b2555f65cd5567ba7d2cf7a80cdb46b2e3016e17671938923009b938a4ade
/opt/intel/oneapi/compiler/2026.1/include/sycl	ext/oneapi/work_group_static.hpp	5013752159d9a4d1abf6d7eb9f90737bffe64e77184531cc48bcbf91c6f52acf
/opt/intel/oneapi/compiler/2026.1/include/sycl	feature_test.hpp	647eff1ee0d44b2959c8ab767c9d18ded49fdab58f4f9370e1f1f86ce241c9ad
/opt/intel/oneapi/compiler/2026.1/include/sycl	functional.hpp	32f1127d7689703c80f66d630e5593fa489c22119291e01e18f87f39bb6bbb16
/opt/intel/oneapi/compiler/2026.1/include/sycl	group.hpp	313b0009dff120a60466d21a2041d31fae162916c1b30bbfed5db57a2fc5a326
/opt/intel/oneapi/compiler/2026.1/include/sycl	group_algorithm.hpp	728525a097704c6d61d75b7e588be9e735c2dac724da3bab16dec4b15d7ff416
/opt/intel/oneapi/compiler/2026.1/include/sycl	group_barrier.hpp	84ee59544e3c8483ab37ca63c467467dc76926074c99b3d88064aff7bfa74fba
/opt/intel/oneapi/compiler/2026.1/include/sycl	h_item.hpp	0a56a812530659a386e574a40ef2b73a9943c35c9d2517fac9ae0d4159dc0188
/opt/intel/oneapi/compiler/2026.1/include/sycl	half_type.hpp	6321bb1d428814c964685275374204f0eae94f7153bbcd38a4bb071b7d177fce
/opt/intel/oneapi/compiler/2026.1/include/sycl	handler.hpp	6f7f525a4982f3c6ba520a53a3c5b785befb115ce328945b44c1e995566f663a
/opt/intel/oneapi/compiler/2026.1/include/sycl	id.hpp	0f1981fc41adc1a456ca6bb0a16b3b15db675b12dd309c6016a97a5bc5fd72fb
/opt/intel/oneapi/compiler/2026.1/include/sycl	image.hpp	280ee21bda7e0feb9a1e700812d3c4f838a40715df65159057107db5f729ae4e
/opt/intel/oneapi/compiler/2026.1/include/sycl	info/aspects.def	1f815dddc65bf380ce6c5103db59fa9102c368f186b6bb66bb3b29ac16d2694d
/opt/intel/oneapi/compiler/2026.1/include/sycl	info/aspects_deprecated.def	d2fb307ebfd6b022a76405a67b84100dea8d374eae3dc774d749257438981642
/opt/intel/oneapi/compiler/2026.1/include/sycl	info/context_traits.def	36cf09292aaebe54ad8efcc6e4db0fb4a94b5f890173985665832272cf6a9efb
/opt/intel/oneapi/compiler/2026.1/include/sycl	info/device_traits.def	db1e56b814f78ae6f00b5cb0e053b24954a9da457c7dc924f397dacbf6536fa4
/opt/intel/oneapi/compiler/2026.1/include/sycl	info/device_traits_2020_deprecated.def	b73b9ed6d009cd6a75840158b2db9dc0e741b4761fc0d0c78ab6962e92164a50
/opt/intel/oneapi/compiler/2026.1/include/sycl	info/device_traits_deprecated.def	422524fbfedd7b2c25b905e60f95ed1723c333532e206f29ef0bba84790ade0b
/opt/intel/oneapi/compiler/2026.1/include/sycl	info/event_profiling_traits.def	b4848825a4e23f782b67dbca555e69ef1636256524494447ec29ae24343af07f
/opt/intel/oneapi/compiler/2026.1/include/sycl	info/event_traits.def	f32092d0ec8a325f77f137f237dd4e3db371f62fd75c9b66fdc755ccc5e3b50a
/opt/intel/oneapi/compiler/2026.1/include/sycl	info/ext_codeplay_device_traits.def	42d5472112141edb46b80f8add24c0cf947621f932e192fdfba3586a94845909
/opt/intel/oneapi/compiler/2026.1/include/sycl	info/ext_intel_device_traits.def	12254d7fe7d1a56aacc3f9379eb98665a7e3aa4587333c5bc8e59ef3cc5d39cf
/opt/intel/oneapi/compiler/2026.1/include/sycl	info/ext_intel_kernel_info_traits.def	8a90bf24c7746028617a70dc373dbf44d0f1ce0e9fb66f0cfe1bf794794245e2
/opt/intel/oneapi/compiler/2026.1/include/sycl	info/ext_oneapi_device_traits.def	a11075900fc7cd9e23ec365a2f80bf6be37132a6f08885c2b1f8017efcd7b41a
/opt/intel/oneapi/compiler/2026.1/include/sycl	info/ext_oneapi_kernel_queue_specific_traits.def	f4ba411b40b0f892460236e8ac1fb6f3a3a640c9daa0235e8e6c383f5c793032
/opt/intel/oneapi/compiler/2026.1/include/sycl	info/info_desc.hpp	94639e1eab7dfc5f9d10bbc078d51132e39e831fe5648a62e89ccbe461575dc7
/opt/intel/oneapi/compiler/2026.1/include/sycl	info/kernel_device_specific_traits.def	e2afbfbeaa534ed5808990e3a65bec04ccd07b350ab09639a0a10b71367cf4ed
/opt/intel/oneapi/compiler/2026.1/include/sycl	info/kernel_traits.def	18d9e6fca3d7dde0780cf87697eab7814cebb14edc583c6102b67f2f5739021c
/opt/intel/oneapi/compiler/2026.1/include/sycl	info/platform_traits.def	aebd975c45b2fb8787dcdf29ec2803a36eff7db7b64fa085d1500bc60e85bd89
/opt/intel/oneapi/compiler/2026.1/include/sycl	info/queue_traits.def	03b62c321da87518a05ea87b6422095bd6626080293cbb5491fe9a18d918555c
/opt/intel/oneapi/compiler/2026.1/include/sycl	interop_handle.hpp	a655414d647d5b7c92f87f8bb1c21ed19d80f7cb47c9f1552aee3a6963aaea1c
/opt/intel/oneapi/compiler/2026.1/include/sycl	item.hpp	be13edb240d6a6134fb908ff474349f3a6e687b7aaf656c88bc200a905703665
/opt/intel/oneapi/compiler/2026.1/include/sycl	kernel.hpp	bbb3528fcee0e6b2d2538c5591fe6b0c36ab24b33e08bb7ee7cd04604b69a029
/opt/intel/oneapi/compiler/2026.1/include/sycl	kernel_bundle.hpp	878180926500b2f25b6547268a3d86ffac3a46db66ee95835ce0aa6a73f662cf
/opt/intel/oneapi/compiler/2026.1/include/sycl	kernel_bundle_enums.hpp	77753e563201359c55507a22aa3af1e4db60555b514bb12fa45263611f85b5d4
/opt/intel/oneapi/compiler/2026.1/include/sycl	kernel_handler.hpp	b7354e8b8a7f14e680afdafdebc5f6f0d5aa0f67f9f2e920dd4b846addd21359
/opt/intel/oneapi/compiler/2026.1/include/sycl	khr/dynamic_addrspace_cast.hpp	4ee752d6abeb45bba5055e1ecd9e32f1f18bac99219f2f911f915334a879032d
/opt/intel/oneapi/compiler/2026.1/include/sycl	khr/free_function_commands.hpp	864a3c7b3500e438b85a46cbbeb3607589c8c36d8b137d53f1721b015b2ed060
/opt/intel/oneapi/compiler/2026.1/include/sycl	khr/group_interface.hpp	95b28cf7dc187741a7e087f8fce1748c00f2b2adc46a931c9947759537c9b35a
/opt/intel/oneapi/compiler/2026.1/include/sycl	khr/includes/accessor.hpp	d2e7dc5b3bb1329b1243f8a79ccff558528220bd30a582bfe238cb1604f8d9cd
/opt/intel/oneapi/compiler/2026.1/include/sycl	khr/includes/atomic.hpp	4a0990a9bf8a32a68f0ca48ed5c456e29d18a66092eedb7c0d8533d8823f0bf5
/opt/intel/oneapi/compiler/2026.1/include/sycl	khr/includes/backend.hpp	8e7739de9a6b75a6b677f7825ceed7eb8f11bcc6e73cc72334a88c772d016378
/opt/intel/oneapi/compiler/2026.1/include/sycl	khr/includes/bit.hpp	a1ee91ba2bb68707a0226d9930d693f841c5549716984ceb3c90a0f8a2ed9166
/opt/intel/oneapi/compiler/2026.1/include/sycl	khr/includes/buffer.hpp	e0aa85bc7471471710f4fc3163052babc83cef53fc446a711c54320151b57336
/opt/intel/oneapi/compiler/2026.1/include/sycl	khr/includes/byte.hpp	01a7de0f70be1a32b2ca957ef971623f1e68071ee86098e86c72c5cc44fbabfe
/opt/intel/oneapi/compiler/2026.1/include/sycl	khr/includes/context.hpp	bdf8bc92161869db4dfc329ebdbb7b80e181c4db8589878e8eda72e69412e8b7
/opt/intel/oneapi/compiler/2026.1/include/sycl	khr/includes/device.hpp	b42cff5d70cebe37c9b6348dcd83dbef570fafadc630363ff0bcd50ab3fc643c
/opt/intel/oneapi/compiler/2026.1/include/sycl	khr/includes/event.hpp	0a404c2f8f76d0817a2a7ca50b2e64bb3aa11cac2040b90a2e53e2b93da9e5e4
/opt/intel/oneapi/compiler/2026.1/include/sycl	khr/includes/exception.hpp	1333c284887ce96ca404f91dc0b0d4be9d2f3f3a6b53c5c1edbd735e31c665c7
/opt/intel/oneapi/compiler/2026.1/include/sycl	khr/includes/functional.hpp	8ad49c33d558e9391a22c56e55c42ed9bf326df6937847ebbee1ac68e9abf73c
/opt/intel/oneapi/compiler/2026.1/include/sycl	khr/includes/group_algorithms.hpp	6f864bee3e8542de2a004249b35a107f2488b98d8672555ed8deee2eec4aff11
/opt/intel/oneapi/compiler/2026.1/include/sycl	khr/includes/groups.hpp	e089a55e69e7baa5fadd761d50c10b79007f020fb60d2e3fd56bc37aeaa18b7e
/opt/intel/oneapi/compiler/2026.1/include/sycl	khr/includes/half.hpp	ad0d711ae325b0147a95146f1e450e56d98449163125df40065d5a0803f8969b
/opt/intel/oneapi/compiler/2026.1/include/sycl	khr/includes/handler.hpp	d2ca83ac98a9e2e33494d4ea094a3b7c44d6ba5ae2d457e013b7ef756c203a09
/opt/intel/oneapi/compiler/2026.1/include/sycl	khr/includes/hierarchical_parallelism.hpp	424d5c9d5e83b33f835f9ccb2a7b502f19e170efc41451c0dedd1a08db3bfdea
/opt/intel/oneapi/compiler/2026.1/include/sycl	khr/includes/images.hpp	1ec46527629afeb7e9d2601b44eee6acac2d61820856ec9d5fb49bb292ebf416
/opt/intel/oneapi/compiler/2026.1/include/sycl	khr/includes/index_space.hpp	49ced9538759cc3204e8e532c7a4bfbe38601996be8a9c3a906226589a00b345
/opt/intel/oneapi/compiler/2026.1/include/sycl	khr/includes/interop_handle.hpp	5ec79f972c4e8770c5d77af021658db827638cf70ac95b3657282865abf5c47e
/opt/intel/oneapi/compiler/2026.1/include/sycl	khr/includes/kernel_bundle.hpp	d7c45886c66b331e734d18d43f9c7893777702ef1440e2f6b387978d96a1abe4
/opt/intel/oneapi/compiler/2026.1/include/sycl	khr/includes/kernel_handler.hpp	061a847198e9938acf29cee08ab51513d83b0becece33d1fbbf246568d3858e4
/opt/intel/oneapi/compiler/2026.1/include/sycl	khr/includes/marray.hpp	aa579a8355971ec9b2f7d08feb51a0776021d2b80745143c1f899302b90d1b5c
/opt/intel/oneapi/compiler/2026.1/include/sycl	khr/includes/math.hpp	6fbc5cab8010d94121ee973b1e0a227ec9bbff3ec095721b563b8cc927101b1b
/opt/intel/oneapi/compiler/2026.1/include/sycl	khr/includes/multi_ptr.hpp	3502d4bfb129acb4c103137f55f187c4e4f571a3b9f82064045f5fdd8127f47f
/opt/intel/oneapi/compiler/2026.1/include/sycl	khr/includes/platform.hpp	eaa3b2f8a5e4f498cbd72a81fd537ab3fdf5aba14f897e7593b57175a68fe3c6
/opt/intel/oneapi/compiler/2026.1/include/sycl	khr/includes/property_list.hpp	07f5b1c728501728913d48d2ed5d8b5b0512f3d3c9773e6da89f3d233a2b2165
/opt/intel/oneapi/compiler/2026.1/include/sycl	khr/includes/queue.hpp	6ab05cefd01fa0205fbdf912bc14bb5e9fb509e09c96b8368f327d105cb48360
/opt/intel/oneapi/compiler/2026.1/include/sycl	khr/includes/reduction.hpp	c13c9eb4b1e8c83fb782a041274650a273d3ae2ef099da65e5c619ff89d2fc69
/opt/intel/oneapi/compiler/2026.1/include/sycl	khr/includes/span.hpp	6ab243e3715b10bc16aa9b0fedb5643563a802e6c981003ba5c47f1595984abc
/opt/intel/oneapi/compiler/2026.1/include/sycl	khr/includes/stream.hpp	6cecef5857216d3d8eea241e225477c9644fa9beede6e192d9b53580bdfe5eb0
/opt/intel/oneapi/compiler/2026.1/include/sycl	khr/includes/type_traits.hpp	f1aea674ff5ce770cfdd8bb76b1521aa6479764a17622c114265d6439ed2068e
/opt/intel/oneapi/compiler/2026.1/include/sycl	khr/includes/usm.hpp	47badc770a04d3e881f6a4591f5ef610c38866962efbd72b509605a7da0d661a
/opt/intel/oneapi/compiler/2026.1/include/sycl	khr/includes/vec.hpp	8b6660ce9edab4e922e62bd81f2ef04e0fb04b1ceb29e09cc6cce996ecbef872
/opt/intel/oneapi/compiler/2026.1/include/sycl	khr/includes/version.hpp	aabc01c1803efb019144d0e0f78282fa9302983330637699b147ffee83d7efd6
/opt/intel/oneapi/compiler/2026.1/include/sycl	khr/static_addrspace_cast.hpp	40ccbc16885f777fcfbe9a47ab3cea7d272b1f722d9b25cfb92a18e28200576a
/opt/intel/oneapi/compiler/2026.1/include/sycl	khr/work_item_queries.hpp	73c83ccde1eb296a22aba1f8e977cba0b8470448b9eb58948863e6f9c572bac4
/opt/intel/oneapi/compiler/2026.1/include/sycl	known_identity.hpp	212da10f1f78815ee6880b4086dd2c71fc356c99b0da9f2625f226a67f5c56f5
/opt/intel/oneapi/compiler/2026.1/include/sycl	marray.hpp	031ed9942a9c87334b1d95ce217d832ab31238c900285765c429982323fb9aa1
/opt/intel/oneapi/compiler/2026.1/include/sycl	memory_enums.hpp	168ca09fac1b8bd42e164b76f56868efaaa62dbcfffdef1f1de6fa25666b6faa
/opt/intel/oneapi/compiler/2026.1/include/sycl	multi_ptr.hpp	18c222b1bdc30fb6ca3642b561397030b9a6f32b4e0fea337096bd1232109dd5
/opt/intel/oneapi/compiler/2026.1/include/sycl	nd_item.hpp	106fd073ea68952397977e545f8e192af209e0ea6fa6f553fd395d4e17176e25
/opt/intel/oneapi/compiler/2026.1/include/sycl	nd_range.hpp	d5bedc957baf0f27d4d3a93fb505663934515cf46307ae9cf29e29bd5240d4af
/opt/intel/oneapi/compiler/2026.1/include/sycl	platform.hpp	f0f5e30ce31deeacb398f200ef28f3b255e199f485a9b1e5a84468b047ab4873
/opt/intel/oneapi/compiler/2026.1/include/sycl	pointers.hpp	5003f9a279f153113d8cef426658d60dd0eec5cc1f0935ad4e41ce6990adbb1f
/opt/intel/oneapi/compiler/2026.1/include/sycl	properties/accessor_properties.hpp	7a5c1383ae65f6435835d997241f5b9a331099299e030dbe0450fe39ec34e535
/opt/intel/oneapi/compiler/2026.1/include/sycl	properties/all_properties.hpp	038f21c2b657b2f741eb928ba5e9180ca4a1f6f649f3718b4e30c87404570416
/opt/intel/oneapi/compiler/2026.1/include/sycl	properties/buffer_properties.def	f8cb29790ec051b0a42797be27c455a16a84f433aab28202f45d1c51788d564c
/opt/intel/oneapi/compiler/2026.1/include/sycl	properties/buffer_properties.hpp	0160bf2c5efda3360cf100c400d5e052b1e3a542b1090d0c35ff12d284a79538
/opt/intel/oneapi/compiler/2026.1/include/sycl	properties/image_properties.def	fc2b6abe8c16dd0342f7f67325a2fc45e251bb300ed3c9ad230df0eb85ffde6e
/opt/intel/oneapi/compiler/2026.1/include/sycl	properties/image_properties.hpp	1a1c0fc2dde77314562a7b67ff648fea9d0941ade689d8cf7765029691445140
/opt/intel/oneapi/compiler/2026.1/include/sycl	properties/property_traits.hpp	aef294b57e8d94100f2b7967faa7a1cad999164a3afeab512ec507fa472588d2
/opt/intel/oneapi/compiler/2026.1/include/sycl	properties/queue_properties.def	4cecd9c9481f3d6d9576affc26f8316c7d0c3bdcbeae1a987a2c0a125b8de18f
/opt/intel/oneapi/compiler/2026.1/include/sycl	properties/queue_properties.hpp	19377e14ba0c5704b4de949ce1b04d536e012c43e625fba3270a0b53e20d27e4
/opt/intel/oneapi/compiler/2026.1/include/sycl	properties/reduction_properties.def	133f3042659d07b410d41705ecac1c11221f22080c1cacf75e7843b8ad6e9746
/opt/intel/oneapi/compiler/2026.1/include/sycl	properties/reduction_properties.hpp	23f9841230859adac0cbe427167a1f3656aeef4e55ea717740c2ebd33f87151f
/opt/intel/oneapi/compiler/2026.1/include/sycl	properties/runtime_accessor_properties.def	ea91294e17810f581ac90803077dd0d6f8c4f54899c50d61cd2633c35bbaf666
/opt/intel/oneapi/compiler/2026.1/include/sycl	property_list.hpp	fb7a75b88c36f982010b56633e9cba8aa364fa9ec35bfb9e51620ea3a66e665c
/opt/intel/oneapi/compiler/2026.1/include/sycl	property_list_conversion.hpp	9d947873e6c25b88f484f0f955aa5ad4f84e195e3ed5d0a1e2440302c29b3e1a
/opt/intel/oneapi/compiler/2026.1/include/sycl	queue.hpp	0622f98f295615a75222e3daf5030d9340f26336e6971ad9360c2baf9cf9f93c
/opt/intel/oneapi/compiler/2026.1/include/sycl	range.hpp	1d4413417d3239bcec8986b6f4b17f38851ea4de93525b2ee06ec89a4d1bffe1
/opt/intel/oneapi/compiler/2026.1/include/sycl	reduction.hpp	72aa509401eb2205cad1948c5fea1939fcbaf271feea5deeb100fe0ef10f95b7
/opt/intel/oneapi/compiler/2026.1/include/sycl	sampler.hpp	2485ed99cfe1f7c7f06851434af52a4cc566daa4f56a80fb8b8c1fbdb493261d
/opt/intel/oneapi/compiler/2026.1/include/sycl	specialization_id.hpp	71c95ecf890359b9eb0a2be469139cb7b09bb491185ece34ade7cfe69aca42b0
/opt/intel/oneapi/compiler/2026.1/include/sycl	stl_wrappers/__sycl_cmath_wrapper_impl.hpp	cd638fe2f242f1c415ca5a78d4e2d0322adf576eae6d853c4f0bf246f2a662ac
/opt/intel/oneapi/compiler/2026.1/include/sycl	stl_wrappers/__sycl_complex_impl.hpp	f594307c14bd953e6cc34a828ad5af83be45eeff03e193e3ec52e080969a7868
/opt/intel/oneapi/compiler/2026.1/include/sycl	stl_wrappers/assert.h	f619895f6831215c8023ee3807f9d3f6f0f6da90e3b48a373efef90174a0e9df
/opt/intel/oneapi/compiler/2026.1/include/sycl	stl_wrappers/cassert	25461fbbb503a13e226f0a83d0e1430ed49f081b25971ab39696725309eb0ab7
/opt/intel/oneapi/compiler/2026.1/include/sycl	stl_wrappers/cmath	79fef9507f55fa5c8a3b317e01f32e98e356e029e47be280becc26f0635bc2bf
/opt/intel/oneapi/compiler/2026.1/include/sycl	stl_wrappers/complex	575fffa26af625149720f75c1de3150d66aa3f50a34772629efe602b179bef8a
/opt/intel/oneapi/compiler/2026.1/include/sycl	stl_wrappers/corecrt.h	ffdd5966acc12f114d81a1b19c131ee6d0bdeea84e868ffb8e2f8dec7dc0b774
/opt/intel/oneapi/compiler/2026.1/include/sycl	stl_wrappers/crtdbg.h	84dc959ab1d10abfd5d5756e76edbd8fa9129d1966e0b871e14c7c4db26733e8
/opt/intel/oneapi/compiler/2026.1/include/sycl	stl_wrappers/cstdlib	44d537165781b9d2c773281ed831095f6a7569fb853d34968026e7b6a68b1c62
/opt/intel/oneapi/compiler/2026.1/include/sycl	stream.hpp	89fa7b205162d18f67eb96d688d27d98d911b632b6e7faecc384c32adcc6adf5
/opt/intel/oneapi/compiler/2026.1/include/sycl	sub_group.hpp	1b7e98b4ff4ad134be5d4b43b67cfa058b17494ccb26a11be93af1c6450fbf87
/opt/intel/oneapi/compiler/2026.1/include/sycl	sycl.hpp	559aa856d25bcd3b0309740b5c19f6613134192c90b2028ff88bd4c68d73d516
/opt/intel/oneapi/compiler/2026.1/include/sycl	sycl_span.hpp	bfdc98505ba315d30b8db817c8ad1dc6803c3b212732b7a3a1732c00fd3d9782
/opt/intel/oneapi/compiler/2026.1/include/sycl	usm/usm_allocator.hpp	7d1ec015c9a9b04f55bcd22d1669965e16931aecc8a7325da2a83e6cf0468e51
/opt/intel/oneapi/compiler/2026.1/include/sycl	usm/usm_enums.hpp	1a98854e27aeb47b2e8d3ec818ae6e3221a730ae4ed0300696e07eaf1c6dcf2a
/opt/intel/oneapi/compiler/2026.1/include/sycl	usm/usm_pointer_info.hpp	0e5c427512d0a8045371df8c0ac1418b7f38dafa1e17e6b502af70a591d199e2
/opt/intel/oneapi/compiler/2026.1/include/sycl	usm.hpp	9851865bd769358ec5971f573b2f81cdab0dd8b7c27fdcab2eac5d1768865ebc
/opt/intel/oneapi/compiler/2026.1/include/sycl	vector.hpp	041342ea4c883d19e7cc9212ce56ae7e05cd6e0ec5b68bb365eecf36eeda560d
/opt/intel/oneapi/compiler/2026.1/include/sycl	version.hpp	8fb6a5e1311c095c939082ccd719bbc6d0b87ef6c3d690b2b50ab8dfbb8a6472
/opt/intel/oneapi/mkl/2026.1/include/oneapi/mkl	bfloat16.hpp	d18a5968cf0387bb13e05d1e8ffea50f9541b4bc0f7969626e259cf55341d39a
/opt/intel/oneapi/mkl/2026.1/include/oneapi/mkl	blas/buffer.hpp	3e9925c8c47cb60848111ba23fb464f23bd1b892f30ccfdf8eef8838ecf9392c
/opt/intel/oneapi/mkl/2026.1/include/oneapi/mkl	blas/buffer_decls.hpp	00d3499c89c6de1afd5d9d81bce59bb559f93f754a710563c514396bc3a58117
/opt/intel/oneapi/mkl/2026.1/include/oneapi/mkl	blas/spec.hpp	06ea78088caa397017ba19524e0b28d666f5401b97eb22cefc9feac9f4329e5d
/opt/intel/oneapi/mkl/2026.1/include/oneapi/mkl	blas/types.hpp	767121c324d46c9f4efb0297ccba1ba81618c23920f20815b1d06e77026c6348
/opt/intel/oneapi/mkl/2026.1/include/oneapi/mkl	blas/usm.hpp	dceb2888f074ca163b7690dc9a465088f6550407c83a0b24a3372f636f4ba517
/opt/intel/oneapi/mkl/2026.1/include/oneapi/mkl	blas/usm_decls.hpp	84436f1ae701607b3a6fe57f1144fe804ab689f3df3c6363779c8c16bfae1a6d
/opt/intel/oneapi/mkl/2026.1/include/oneapi/mkl	blas.hpp	3a47fceaeca7e604dd1e3c144741b452071fdd068afb673e4a123489a54af848
/opt/intel/oneapi/mkl/2026.1/include/oneapi/mkl	dft/spec.hpp	2eae90eb9a918051a32ccd61e5bdeb92c5b5c93d8f7705e563e3aa446780d26b
/opt/intel/oneapi/mkl/2026.1/include/oneapi/mkl	dft.hpp	8c7342e79334fdd01fe034393cbcb0da9ec78800694478eda3b4e5104dc79cb1
/opt/intel/oneapi/mkl/2026.1/include/oneapi/mkl	exceptions.hpp	7dbc4da1d063a3fc9c3668c4ae2b6b31934699cec26827e0901b28d3377df578
/opt/intel/oneapi/mkl/2026.1/include/oneapi/mkl	experimental/data_fitting/interpolate.hpp	6ca47f529f740f693390bf7706ccb4a70dfc29236d9c4d935356f67f5654dd76
/opt/intel/oneapi/mkl/2026.1/include/oneapi/mkl	experimental/data_fitting/spline_and_data_params.hpp	fb3817d001c1fa46e5e5a56d0cc3f9d19ec22081a8014e9bdc7716b40aebe71f
/opt/intel/oneapi/mkl/2026.1/include/oneapi/mkl	experimental/data_fitting/splines.hpp	d2de75ccd604a639aa39333c451bea6508da14d013c0df2bef6e966146a14a59
/opt/intel/oneapi/mkl/2026.1/include/oneapi/mkl	experimental/data_fitting.hpp	9936dd6b766329c53159725b3e31ce839dd9d5b4ea2c90c9e88fe1181be8602d
/opt/intel/oneapi/mkl/2026.1/include/oneapi/mkl	experimental/distributed_dft.hpp	89f1ac5d4bd8ca5ce509e722ca14b9f28497a4d2a332f824aa45b5af340314e3
/opt/intel/oneapi/mkl/2026.1/include/oneapi/mkl	export.hpp	92ac0707afc7bf6f61738105c47687deb7a5733e413227f3ee698f85862d2def
/opt/intel/oneapi/mkl/2026.1/include/oneapi/mkl	lapack/concepts.hpp	3908fef5908855fa714e540e2856eb8e5fea8bc7f19f326ade733039d7e58ec5
/opt/intel/oneapi/mkl/2026.1/include/oneapi/mkl	lapack/exceptions.hpp	ead2f863a70fe86445d572973b1bfe0d0f8dace027eaa97c4f3bb9b565e25a1f
/opt/intel/oneapi/mkl/2026.1/include/oneapi/mkl	lapack/lapack.hpp	d8fc44cb58bafb354a144b8965a9d29b7e77a2c38b4241b9b1436b6155d0acc9
/opt/intel/oneapi/mkl/2026.1/include/oneapi/mkl	lapack/scratchpad.hpp	8377ed55d39d628903929564915880c8242591b14d1dc88eafd2e1d2b5fcde4c
/opt/intel/oneapi/mkl/2026.1/include/oneapi/mkl	lapack/spec.hpp	58bfd2c3fb42737b292217b4a3282bf4c1130f06b530832f62e82c66d4bc4027
/opt/intel/oneapi/mkl/2026.1/include/oneapi/mkl	lapack.hpp	22735e1d986935cd4dfb1310668910e451a473c50d70743846d7b7f8fb84d723
/opt/intel/oneapi/mkl/2026.1/include/oneapi/mkl	rng/detail/engine_base.hpp	86bfc99a4b472d45f641c9be2aac730baa8d73651b653d2e823a067fecc40940
/opt/intel/oneapi/mkl/2026.1/include/oneapi/mkl	rng/device/detail/bernoulli_impl.hpp	0756ed824bbdc3caf83030a24ff30f0721de1eee3d5f2a8c817e13c9c8b24d2c
/opt/intel/oneapi/mkl/2026.1/include/oneapi/mkl	rng/device/detail/beta_impl.hpp	da8ddeb0157161ef5cab8e0b9114e5919dd9b5ad8c2d1de5069e0536cc98ab38
/opt/intel/oneapi/mkl/2026.1/include/oneapi/mkl	rng/device/detail/bits_impl.hpp	9fd22bbf152e2cd6c43520b096fa93dde312274ed937f0162333000c6704b2ca
/opt/intel/oneapi/mkl/2026.1/include/oneapi/mkl	rng/device/detail/distribution_base.hpp	9cac74f2b86568b61bb0a7682f20bb2b59f944a667165b97a9808110751e45b5
/opt/intel/oneapi/mkl/2026.1/include/oneapi/mkl	rng/device/detail/engine_base.hpp	3e099f25c69e7622903f04f6977679c5df48f1384bb62a868040f3a2857ffb7b
/opt/intel/oneapi/mkl/2026.1/include/oneapi/mkl	rng/device/detail/engine_helpers_base.hpp	bf7a7c1afd3b2bae36939f0f3e6baea2cbec12df22746e0dc4f2167f031b982b
/opt/intel/oneapi/mkl/2026.1/include/oneapi/mkl	rng/device/detail/exponential_impl.hpp	2eef8cbeffcb4884b007c65199b2f04e65547f9643bea13375c3cb0f1ffb5162
/opt/intel/oneapi/mkl/2026.1/include/oneapi/mkl	rng/device/detail/gamma_impl.hpp	e217eeb3c385ed905481607a5d2da55a66342d6cf600ad7e154d7b8ff28260ae
/opt/intel/oneapi/mkl/2026.1/include/oneapi/mkl	rng/device/detail/gaussian_impl.hpp	7895e8f770ae35075cddba4a42e7a1ac449f5d39277bb8953862a5d2f0bda132
/opt/intel/oneapi/mkl/2026.1/include/oneapi/mkl	rng/device/detail/geometric_impl.hpp	12693c43753755b12b0fd0555e4f5fbe23100d2b2c72feb35c96c10ca8c82e30
/opt/intel/oneapi/mkl/2026.1/include/oneapi/mkl	rng/device/detail/lognormal_impl.hpp	a9c101da374c3382a931239b623741913c4fb9a958edf503c659140106534835
/opt/intel/oneapi/mkl/2026.1/include/oneapi/mkl	rng/device/detail/mcg31m1_helpers_impl.hpp	17eda6213b2bdfa677bc93f12fba0214b737b5c482f6855eb393445bd2aa87e8
/opt/intel/oneapi/mkl/2026.1/include/oneapi/mkl	rng/device/detail/mcg31m1_impl.hpp	7e3bb8e5a32983ec12200b68b48acddf6d94729948b88948e90b13155ee65dc2
/opt/intel/oneapi/mkl/2026.1/include/oneapi/mkl	rng/device/detail/mcg59_helpers_impl.hpp	f8fb7b6592feb406a8d5bc6d53dd3d156949306b3ce3a760bc6614c01272b312
/opt/intel/oneapi/mkl/2026.1/include/oneapi/mkl	rng/device/detail/mcg59_impl.hpp	45b44559bbaa224fb78c23c6a4103db3deb49bb29e1b6a0372fde620d62eb643
/opt/intel/oneapi/mkl/2026.1/include/oneapi/mkl	rng/device/detail/mrg32k3a_helpers_impl.hpp	0805f21ba07b8fd8062654bfbda0a71f3f9e971a174611bf773bfa4799a14f18
/opt/intel/oneapi/mkl/2026.1/include/oneapi/mkl	rng/device/detail/mrg32k3a_impl.hpp	6fc460502bcdc2e6758fddd8c52f3192a24bdcb2983773cb32ce891d4137d7af
/opt/intel/oneapi/mkl/2026.1/include/oneapi/mkl	rng/device/detail/mrg32k3a_skip_ahead_matrix.hpp	4cdc2fd6d02e37927f78eb116d547c7d934c008deda30c8ab8188a0975701875
/opt/intel/oneapi/mkl/2026.1/include/oneapi/mkl	rng/device/detail/pcg64_dxsm_impl.hpp	f21328d6dc63657ec3f8faa765d5250317544c708e396c4e26134b9c912ca82f
/opt/intel/oneapi/mkl/2026.1/include/oneapi/mkl	rng/device/detail/philox4x32x10_helpers_impl.hpp	b63963cf13707d26f3b5e91c17ed83207408a6b683e18cb5bc3250623513a0c0
/opt/intel/oneapi/mkl/2026.1/include/oneapi/mkl	rng/device/detail/philox4x32x10_impl.hpp	0396254705b92dca21e9b40c4dcb61c7ecaf486e4c3fb2152c665dd08b15daa5
/opt/intel/oneapi/mkl/2026.1/include/oneapi/mkl	rng/device/detail/poisson_impl.hpp	c878f274520481ab95d113218c9ad730d03bbf780b93f4a7ffc0da8df483da20
/opt/intel/oneapi/mkl/2026.1/include/oneapi/mkl	rng/device/detail/types.hpp	db6b6c557377f54814c2d22211847e97774d31c2737b9eceba8b4a83c6ce6e4d
/opt/intel/oneapi/mkl/2026.1/include/oneapi/mkl	rng/device/detail/uniform_bits_impl.hpp	7a434819000ce46759fa01616265adef1376767fe8557f5147692d8d86a6f380
/opt/intel/oneapi/mkl/2026.1/include/oneapi/mkl	rng/device/detail/uniform_impl.hpp	3c6c5ffab1ba39c498fba0b2d1dd7225d1f3377ef6099478144fb814154a772f
/opt/intel/oneapi/mkl/2026.1/include/oneapi/mkl	rng/device/detail/vm_wrappers.hpp	8da14d31169788b221618b3eee887dd1d2d51503b96653e96c3be27badb56e90
/opt/intel/oneapi/mkl/2026.1/include/oneapi/mkl	rng/device/distributions.hpp	b0b7960d9b9c7b303c96c3850c7c73fdf111a531026515b59a744f159b972e2f
/opt/intel/oneapi/mkl/2026.1/include/oneapi/mkl	rng/device/engine_helpers.hpp	b5e35dc85201436d71622fcd33e5dc121b778caa15b34053f62b104c1a2a1d14
/opt/intel/oneapi/mkl/2026.1/include/oneapi/mkl	rng/device/engines.hpp	f2513f5c362ce4d2147ae4d8deecb651f30202b61deb5e258f2920ac88491b6d
/opt/intel/oneapi/mkl/2026.1/include/oneapi/mkl	rng/device/functions.hpp	84062fee75e3e9a45370c5b43dfbe04458978d256bd4a1d61867c498ac53bec5
/opt/intel/oneapi/mkl/2026.1/include/oneapi/mkl	rng/device/types.hpp	6a9c1f4f2fbf3cc966db15885e303e9e864e9b6c73097abb899d3d802425bdb7
/opt/intel/oneapi/mkl/2026.1/include/oneapi/mkl	rng/device.hpp	dc909db0e760ece07c3ce61139f2b2e2bb26e802bedfdda81de3f3be2352287e
/opt/intel/oneapi/mkl/2026.1/include/oneapi/mkl	rng/distributions.hpp	3e3d317329c21e6ff2e6e579c794d7d7e020731221223c5d5827dfa4cb6a09c3
/opt/intel/oneapi/mkl/2026.1/include/oneapi/mkl	rng/engines.hpp	6fcc1faee1d53e030693eafb9d7523de948c6b31e2f5bdddf751bd1f22aa05c2
/opt/intel/oneapi/mkl/2026.1/include/oneapi/mkl	rng/functions.hpp	d7e61c322d5489458b8d26f55d120305115bf844f4a4bf3676a0091bee1519af
/opt/intel/oneapi/mkl/2026.1/include/oneapi/mkl	rng/spec.hpp	0535ff265cf57bf47405d70911d198218a81c32410d01166ae008369906620f6
/opt/intel/oneapi/mkl/2026.1/include/oneapi/mkl	rng.hpp	23615577cccc33ccc4e3553e91392c51647d4c145ac77103fcf96df36d21741f
/opt/intel/oneapi/mkl/2026.1/include/oneapi/mkl	spblas/sparse_auxiliary.hpp	8a68d67a3676eb541bbc4a2c40d623c4420e49645b403a4ea5b49e5095ea1d62
/opt/intel/oneapi/mkl/2026.1/include/oneapi/mkl	spblas/sparse_operations.hpp	4202423cb8ea4f2318cae577462306c9b1f5a3458efcfa325091e9b9ebdcf795
/opt/intel/oneapi/mkl/2026.1/include/oneapi/mkl	spblas/sparse_structures.hpp	6f6c889c1703f7e53ba773870a88a64f0f32b361cdb222824bf5bda4ac05763b
/opt/intel/oneapi/mkl/2026.1/include/oneapi/mkl	spblas/spec.hpp	247bd01b2ce6ac91fc3a8c3b8dc3054271463a07af8b18d0779b211089224ce4
/opt/intel/oneapi/mkl/2026.1/include/oneapi/mkl	spblas.hpp	c2cd9037206eff4b4de8b2f9055da57bd8ebcef12b9b5b80e2cc10e98782399c
/opt/intel/oneapi/mkl/2026.1/include/oneapi/mkl	spec.hpp	6e484a28f2e12b917be141d2a643acbbc4494d4d7650d9f1488d1a02a70339b7
/opt/intel/oneapi/mkl/2026.1/include/oneapi/mkl	stats/spec.hpp	f0ccd5412f63d33f7056c2416cd78b8d99c2a029dbeeef685ed9c8eacca7cd86
/opt/intel/oneapi/mkl/2026.1/include/oneapi/mkl	stats.hpp	3b0409811859ed4d0c801e0d5525b9958c6e49a6be827daa568eea2fcb78f8f0
/opt/intel/oneapi/mkl/2026.1/include/oneapi/mkl	types.hpp	3ca468873ea7a3baca7eba25ea2b16a81e703b285dbbba0567432def25e7dff4
/opt/intel/oneapi/mkl/2026.1/include/oneapi/mkl	vm/buffer.hpp	3cee165b12905bb4ae9eb47b8b2f913b2f8a2ac1c97266a7f69c4880b234ee84
/opt/intel/oneapi/mkl/2026.1/include/oneapi/mkl	vm/decls.hpp	f9eec2e6da3a4c6734cc7fb77479fa89d82819f1734a095d660b0d008e41977e
/opt/intel/oneapi/mkl/2026.1/include/oneapi/mkl	vm/device/detail/api.hpp	1601ed0b3edfbfc0eba362f1ef792fef2df020e67b01d85da9120d0feca87c35
/opt/intel/oneapi/mkl/2026.1/include/oneapi/mkl	vm/device/vm.hpp	8af353cbd58e4dc1f71794fac2394cbcfb1b611f511b3035d1b5532504196eb0
/opt/intel/oneapi/mkl/2026.1/include/oneapi/mkl	vm/span.hpp	188779e5b1cea1d3cea668b402f45442b7f28740811d9e1d469d50d59db9394f
/opt/intel/oneapi/mkl/2026.1/include/oneapi/mkl	vm/spec.hpp	801386317c7645f754ab0dbc32ac940c4306a6e16bcbf7c24acf6db976a8f37a
/opt/intel/oneapi/mkl/2026.1/include/oneapi/mkl	vm/usm.hpp	a6b6718ed379aa17f51d92aaed321f909c07523388c6ed3d8d4e0f5949d73617
/opt/intel/oneapi/mkl/2026.1/include/oneapi/mkl	vm.hpp	c2e5b77424c7cecf44f0346ae6a6b5dbdf71ed8f716a448b7cdeab1290c5127c
/opt/intel/oneapi/dnnl/2026.0/include/oneapi/dnnl	dnnl.h	137330a29938f900e74fdce52d507bf0d07cbcd1f3ce1288464b7c4baf666644
/opt/intel/oneapi/dnnl/2026.0/include/oneapi/dnnl	dnnl.hpp	d3803dc7996b0bb43025e538fd5808365c064ddbf27fe99572ea41d3190608b9
/opt/intel/oneapi/dnnl/2026.0/include/oneapi/dnnl	dnnl_common.h	7435e33852c41b5efe64acf801967a78d006dc0a380091669a38847761ca1b5a
/opt/intel/oneapi/dnnl/2026.0/include/oneapi/dnnl	dnnl_common.hpp	082d8adf81dc82222ff6ca0f1d129cc37f7d00d6062b56870aadd8491075b119
/opt/intel/oneapi/dnnl/2026.0/include/oneapi/dnnl	dnnl_common_types.h	2a103c169670d8674c5f1989c31858d4c2430cd5999af1467162047f4f0c3b04
/opt/intel/oneapi/dnnl/2026.0/include/oneapi/dnnl	dnnl_config.h	eb3de381b6d712ea9f142a3582df4e26723f9f9dfe065c2f9f7c0a6fddff0661
/opt/intel/oneapi/dnnl/2026.0/include/oneapi/dnnl	dnnl_debug.h	737255059373638b739f73b8ec82b72dcebc54c1f72e6d10827c8651f38c9601
/opt/intel/oneapi/dnnl/2026.0/include/oneapi/dnnl	dnnl_graph.h	2170820692c451bf843aa7d3132598c01cf10849c24de1cd72b36d4a4c829c98
/opt/intel/oneapi/dnnl/2026.0/include/oneapi/dnnl	dnnl_graph.hpp	a0285bbee2eb2ec7537e816977ba57f67c3d56a3f0f2a85f203f061c1a4ffdb2
/opt/intel/oneapi/dnnl/2026.0/include/oneapi/dnnl	dnnl_graph_ocl.h	6c223ff13df079d7ef0a5491ec4b32781cc5addd566bcfef56749cac6e651f01
/opt/intel/oneapi/dnnl/2026.0/include/oneapi/dnnl	dnnl_graph_ocl.hpp	f422f1acfdd74cead8e4c23a18f6bd4c4d73e36fa5c0babd05c742ba0b95c572
/opt/intel/oneapi/dnnl/2026.0/include/oneapi/dnnl	dnnl_graph_sycl.h	6bd54aff8294b6eda3c6479493e95ce1dae67c8b676d41d20d5574101132ca9c
/opt/intel/oneapi/dnnl/2026.0/include/oneapi/dnnl	dnnl_graph_sycl.hpp	b6f61a27e7fcda02ba643a275a359b43bde7a16f7a5f82a87082c5b0a3a64048
/opt/intel/oneapi/dnnl/2026.0/include/oneapi/dnnl	dnnl_graph_types.h	eb0b2d52b1b2916b3eadbd8baa2230b23d61b2b0c8207b618eddb07d6edcb23f
/opt/intel/oneapi/dnnl/2026.0/include/oneapi/dnnl	dnnl_ocl.h	b029b97375bda5d7d25e0327d113a047e513d5d272625b10d24b1c8a31fde3be
/opt/intel/oneapi/dnnl/2026.0/include/oneapi/dnnl	dnnl_ocl.hpp	785517fd20a6d45eca5b89fec6e52be159a617e8ce9baef4990d0f8937111b04
/opt/intel/oneapi/dnnl/2026.0/include/oneapi/dnnl	dnnl_ocl_types.h	277ad6e8e046ece8035ce26a2cc2f18ec3425213ef3ad58d03d842ed1b377e1c
/opt/intel/oneapi/dnnl/2026.0/include/oneapi/dnnl	dnnl_sycl.h	cf1f3c04151b97c142ddf688374344d7a1b827fbb50c49f00b4258c61d017471
/opt/intel/oneapi/dnnl/2026.0/include/oneapi/dnnl	dnnl_sycl.hpp	cd5b3fc5eb43f71e99424bf8800d5619dbc94d41111ae83d515c728a5224743d
/opt/intel/oneapi/dnnl/2026.0/include/oneapi/dnnl	dnnl_sycl_types.h	f3a835e05d576ff5cba4d2017d478ba71d42f6957b57ab7a12863790f4595a2c
/opt/intel/oneapi/dnnl/2026.0/include/oneapi/dnnl	dnnl_threadpool.h	fc4bcc4f28fb0d79221632de4f798e46b2f98325567e46833aea09b488a3e7dc
/opt/intel/oneapi/dnnl/2026.0/include/oneapi/dnnl	dnnl_threadpool.hpp	e73041c4f60205f4fec433d8dd9e3694e91a90d428570e4175f6ffe4af91a580
/opt/intel/oneapi/dnnl/2026.0/include/oneapi/dnnl	dnnl_threadpool_iface.hpp	7b699e06672143650e5e58cc8a3d8b140e0185d3497ceb23c90eb8c350e5fa2b
/opt/intel/oneapi/dnnl/2026.0/include/oneapi/dnnl	dnnl_types.h	98b72a4103e296d0adb6e45d73d20aa230ee2b255c9bafd06b5d60832d89dd2c
/opt/intel/oneapi/dnnl/2026.0/include/oneapi/dnnl	dnnl_ukernel.h	458f586b3aa5a1506855f9dc42f0395a133a5c03e7ece3952c52d08ccd8ab869
/opt/intel/oneapi/dnnl/2026.0/include/oneapi/dnnl	dnnl_ukernel.hpp	9b99be1058b9f5d60ca2076847d9ccce8b5013d7e9f87a46864a09764917f316
/opt/intel/oneapi/dnnl/2026.0/include/oneapi/dnnl	dnnl_ukernel_types.h	9204c0b50d72b12a8678e01ad72b893c075ce0308b52cd04ffd7fa471c2983ed
/opt/intel/oneapi/dnnl/2026.0/include/oneapi/dnnl	dnnl_version.h	ecdb8fe704e269a5eb6afba3ef1e3bb46c04e4f4471c563c8e16f7f27da5c06e
/opt/intel/oneapi/dnnl/2026.0/include/oneapi/dnnl	dnnl_version_hash.h	d1ce1e1ac31e41c17bfacc44c4f775103ac0d9deb6a3e0ea63c2a429e7b4a0ed
/opt/intel/oneapi/dpl/2022.13/include/oneapi/dpl	algorithm	2e3931ed0ca7e26200a9f817adf4ceec8aa6705f0caebb647984dc3baddc5e2e
/opt/intel/oneapi/dpl/2022.13/include/oneapi/dpl	array	533a1377664f7fb4714316ecd1cefab431909d069581063deda076ebeed89fb5
/opt/intel/oneapi/dpl/2022.13/include/oneapi/dpl	async	8294d39c18574b336ea550398ff3119937959cfb7271e4b70c75e3c568eaed8a
/opt/intel/oneapi/dpl/2022.13/include/oneapi/dpl	cmath	a5c0837e4bce233ab64756cc0af14efca74aa235c84e7378db77ea013ac17b5f
/opt/intel/oneapi/dpl/2022.13/include/oneapi/dpl	complex	fe39b39d9426d6ef759afef07288aa5d20a4087912f01d07ee16674f9bcd046b
/opt/intel/oneapi/dpl/2022.13/include/oneapi/dpl	cstddef	d4e29a14df2741605183db27cd29de904c53a52bdcba0973a541f17b8e0a430d
/opt/intel/oneapi/dpl/2022.13/include/oneapi/dpl	cstring	76ea7dbead9240c81ddf39e1f081ee21e1cd44963943db11fc3469f5b1125a7f
/opt/intel/oneapi/dpl/2022.13/include/oneapi/dpl	dynamic_selection	221ab2927dce564215a48a648ba34939954a436248bd648ec2d7c16fcf8d3722
/opt/intel/oneapi/dpl/2022.13/include/oneapi/dpl	execution	d4ce1849e2decd2eced96140e369a6c2375651b7253370e33d2ff6f517345371
/opt/intel/oneapi/dpl/2022.13/include/oneapi/dpl	experimental/kernel_templates	c30670b3b870b3743400bd520e8100c61462c19f0c3ac2fab0c450ee00976800
/opt/intel/oneapi/dpl/2022.13/include/oneapi/dpl	experimental/kt/esimd_radix_sort.h	d3f29fe0345d37254cca741ae6fc8e3efbe9eef39a59e4dc1f3c1ae2c3ddfe32
/opt/intel/oneapi/dpl/2022.13/include/oneapi/dpl	experimental/kt/internal/cooperative_lookback.h	7eb0a5fcad4c6d137524fd2c9d27a80a614945040e4171310cbbd6fef191b614
/opt/intel/oneapi/dpl/2022.13/include/oneapi/dpl	experimental/kt/internal/esimd_defs.h	00fb75bcb7dc1189dbb9e99a10e83cfb351ddaf1e0371af37ab6fde264b08971
/opt/intel/oneapi/dpl/2022.13/include/oneapi/dpl	experimental/kt/internal/esimd_radix_sort_kernels.h	d90e42ba7d5c3e08638b873c4794d8694eb2d6ef696e59ae462427746bc3464d
/opt/intel/oneapi/dpl/2022.13/include/oneapi/dpl	experimental/kt/internal/esimd_radix_sort_utils.h	e80e9afb872c097cb7defcef3d307acde237354faff24861cfcfe301dd99151f
/opt/intel/oneapi/dpl/2022.13/include/oneapi/dpl	experimental/kt/internal/kt_defs.h	5e55bb1e46550eff4694db4efe358b289a8e047393a6588fcc7b5cfaca5cfd03
/opt/intel/oneapi/dpl/2022.13/include/oneapi/dpl	experimental/kt/internal/kt_utils.h	86fc1f7903ce6c1743be7bc68e9efc6c4dccdc16d226aeba974d015ddc52c552
/opt/intel/oneapi/dpl/2022.13/include/oneapi/dpl	experimental/kt/internal/radix_sort_dispatchers.h	6edf5f6edfaa72364cc77b391517b4aeae74461a6cbf7302ab64db9cf56b674b
/opt/intel/oneapi/dpl/2022.13/include/oneapi/dpl	experimental/kt/internal/radix_sort_kernels.h	525e418792f693a986ce89ba14e675c0429ce1fa91027e500fafff8927e9e82f
/opt/intel/oneapi/dpl/2022.13/include/oneapi/dpl	experimental/kt/internal/radix_sort_submitters.h	96ccd3d16fff48b9711f7ea777fe6c4229bf9ac942988490be99c06aa5d51d5f
/opt/intel/oneapi/dpl/2022.13/include/oneapi/dpl	experimental/kt/internal/radix_sort_utils.h	b2f2ef1c6c6c97495292aa0a0a907a6ab0fc881c5b1b32f804fdad1aa75455b7
/opt/intel/oneapi/dpl/2022.13/include/oneapi/dpl	experimental/kt/internal/sub_group/sub_group_scan.h	b6e36f38de928a4680b6054197fdb18eb946885414c95ec7ab64d3c6a3b34557
/opt/intel/oneapi/dpl/2022.13/include/oneapi/dpl	experimental/kt/internal/sycl_radix_sort_kernels.h	786c2bad8e725a99fa2962b517bae85bf6b68e956a12ac4ed47cb9ed40ca3373
/opt/intel/oneapi/dpl/2022.13/include/oneapi/dpl	experimental/kt/internal/work_group/work_group_scan.h	7359909676f5b0de9c8c63a5b5aaffb9debc01f59d57430947ade155709d71e6
/opt/intel/oneapi/dpl/2022.13/include/oneapi/dpl	experimental/kt/kernel_param.h	a0dd99cbe75d572f721e47282248af505d4f5b91830346f32367a261f68d63f8
/opt/intel/oneapi/dpl/2022.13/include/oneapi/dpl	experimental/kt/single_pass_scan.h	942586e4571cad5602344feecf391c1666dd94a4c918f7a88d5a8e22cfe97e8f
/opt/intel/oneapi/dpl/2022.13/include/oneapi/dpl	experimental/kt/sycl_radix_sort.h	c64abcc8f805dd9ebafa12c2f74362faf4b7fa067d4789ce3f42674b84e06440
/opt/intel/oneapi/dpl/2022.13/include/oneapi/dpl	functional	8ba77665b0ff77b4feee95156a1ddb7b3a68576a4b412d9611150c6252085df8
/opt/intel/oneapi/dpl/2022.13/include/oneapi/dpl	internal/async_extension_defs.h	cbe8a03d508b6d5f0bcc0e964630d0554cf84473353faf69a30b07d6b80b7fe6
/opt/intel/oneapi/dpl/2022.13/include/oneapi/dpl	internal/async_impl/async_impl_hetero.h	a454f3b144526fcf7b5bf7748887310682245b5ee89b972cf18785849e84d25f
/opt/intel/oneapi/dpl/2022.13/include/oneapi/dpl	internal/async_impl/glue_async_impl.h	e3ffddd9d974ac2fcde9d202ffda618f8890d1b0953b4b62588878c1984947cc
/opt/intel/oneapi/dpl/2022.13/include/oneapi/dpl	internal/binary_search_extension_defs.h	2919f5cec35b1388ca556761bc36495ef4e7b6b594277ad5f95e717f55c98f19
/opt/intel/oneapi/dpl/2022.13/include/oneapi/dpl	internal/binary_search_impl.h	d249cc8d506549b9623c2f9eeafc545eed9e74b0c48d832f6277088b1190d6bf
/opt/intel/oneapi/dpl/2022.13/include/oneapi/dpl	internal/by_segment_extension_defs.h	8e65ba65db522037d42e18baeb1f89fb9c1d42524522beb77be73a197bfddbcd
/opt/intel/oneapi/dpl/2022.13/include/oneapi/dpl	internal/common_config.h	61eb69b9d14c773eb27fb9068e8dffb48970e7b3d1d8e03acefc51b334e99146
/opt/intel/oneapi/dpl/2022.13/include/oneapi/dpl	internal/dynamic_selection_impl/auto_tune_policy.h	0cdd2193b163a08fec1cdd912d5c34e8c5ae6b4349149077faa568895e843876
/opt/intel/oneapi/dpl/2022.13/include/oneapi/dpl	internal/dynamic_selection_impl/backend_traits.h	8063d6204d6fd08d2c603ad925e70bd57bde1768d28c7fa8e128e352f853f4be
/opt/intel/oneapi/dpl/2022.13/include/oneapi/dpl	internal/dynamic_selection_impl/default_backend.h	4828752030248bc2ed9a9cf6eb9f5fe34130e53b02b5750f046219090ad1e4a0
/opt/intel/oneapi/dpl/2022.13/include/oneapi/dpl	internal/dynamic_selection_impl/dynamic_load_policy.h	592bed971497526682a52f48f196b40e6efffe2ae97ad8128cf61d56f4b67283
/opt/intel/oneapi/dpl/2022.13/include/oneapi/dpl	internal/dynamic_selection_impl/fixed_resource_policy.h	51015bf28a4888b38bab97ef5f716bb181a4355b64bcc1ae72a18167b0fa8c70
/opt/intel/oneapi/dpl/2022.13/include/oneapi/dpl	internal/dynamic_selection_impl/policy_base.h	d6ae621c9cdb2480c2bf9b95c1bb98fba46c75ea317b13773bec6e7bb1d9c036
/opt/intel/oneapi/dpl/2022.13/include/oneapi/dpl	internal/dynamic_selection_impl/policy_traits.h	cfb5c77dd2c5865fa2575bef31bcf11f6dae6e90cc3903a599bf93038d1586e5
/opt/intel/oneapi/dpl/2022.13/include/oneapi/dpl	internal/dynamic_selection_impl/round_robin_policy.h	894135e7e854a78b955668fefad14b0db2f300f9d33c26f0d7c65d9157688cc5
/opt/intel/oneapi/dpl/2022.13/include/oneapi/dpl	internal/dynamic_selection_impl/scoring_policy_defs.h	2f3df55c9f6b9cf0a6256593aad9f0336b6b41a176991aab61bdd4dc7b89f9e6
/opt/intel/oneapi/dpl/2022.13/include/oneapi/dpl	internal/dynamic_selection_impl/sycl_backend.h	e17b1550f6d48bdcdecdb1b37dae510aa585a06032b893b7a4954bf647e37df7
/opt/intel/oneapi/dpl/2022.13/include/oneapi/dpl	internal/dynamic_selection_traits.h	1cb3da3e106f384fc73f5ffc5721f3a9591cb229168773cf30b7e6446b53e0c3
/opt/intel/oneapi/dpl/2022.13/include/oneapi/dpl	internal/exclusive_scan_by_segment_impl.h	92c6ca6b1417a29a53c61f43100eb080d3f0880b10354d58d76089bca36ba381
/opt/intel/oneapi/dpl/2022.13/include/oneapi/dpl	internal/function.h	755bee9dcaf3dc1dcc3f575732acaa6aec3a790be04d0413ccf2535ce76ecfd2
/opt/intel/oneapi/dpl/2022.13/include/oneapi/dpl	internal/gcd_impl.h	d4528c4de3d3d3244a8a7f83bdd09311d1a119b6d43e2cf6ab341576ec62ddfa
/opt/intel/oneapi/dpl/2022.13/include/oneapi/dpl	internal/inclusive_scan_by_segment_impl.h	47d0040fc95b801b2903e4ce04e313ab2a343cb19a06dad785b3cf2b5ea8509b
/opt/intel/oneapi/dpl/2022.13/include/oneapi/dpl	internal/iterator_impl.h	f180406a1ba2a0449c8a460f35451ec9e0981e092a4788283eb567a0232cf66d
/opt/intel/oneapi/dpl/2022.13/include/oneapi/dpl	internal/random_impl/bernoulli_distribution.h	d93d6e64e90fc82e3c4ef6e95f86f9aab432ccbf5b027fda02c20226869d9677
/opt/intel/oneapi/dpl/2022.13/include/oneapi/dpl	internal/random_impl/cauchy_distribution.h	2c37ad528e2eaa104f67e690846f191bb86079f53dfa89192273b5dfd06c0b3c
/opt/intel/oneapi/dpl/2022.13/include/oneapi/dpl	internal/random_impl/discard_block_engine.h	2e6301c278a5eabd46d8a4b16f47c422523133eca9d26b64d952aa676c45448a
/opt/intel/oneapi/dpl/2022.13/include/oneapi/dpl	internal/random_impl/exponential_distribution.h	d456cdc71fc6ed6c603e7b248e9870ac80d8083757e2023fa00279d531903442
/opt/intel/oneapi/dpl/2022.13/include/oneapi/dpl	internal/random_impl/extreme_value_distribution.h	a64ec8952122caff5a0d19e77bb10287875567e41efcb58f890ce41001bc7c9d
/opt/intel/oneapi/dpl/2022.13/include/oneapi/dpl	internal/random_impl/geometric_distribution.h	d4773225f6077232e0b90b75481842214f984564bad9792a94b511bed0f8cf4d
/opt/intel/oneapi/dpl/2022.13/include/oneapi/dpl	internal/random_impl/linear_congruential_engine.h	4ec0cc2ce0972efdc1e595c9431b858b61ebbc7801178d9bf55e095c56ea9251
/opt/intel/oneapi/dpl/2022.13/include/oneapi/dpl	internal/random_impl/lognormal_distribution.h	aafa4dae4b4603ef4780b26aa0dc3260222c42b4cd6e038d5db880c83fdef9b0
/opt/intel/oneapi/dpl/2022.13/include/oneapi/dpl	internal/random_impl/normal_distribution.h	7b774f664ba50e13084f45210837eaed7c4eeb8c7ab7cd26cba8c83372722654
/opt/intel/oneapi/dpl/2022.13/include/oneapi/dpl	internal/random_impl/philox_engine.h	650d090e6497e5924a16c95384d0503f2b261d0e1556bc9bc9a54f8d00a0985c
/opt/intel/oneapi/dpl/2022.13/include/oneapi/dpl	internal/random_impl/random_common.h	0ebfc0e6d13021f608a88f9d57059195f93bb4ee909eb7d84e921c5ab83e5ca2
/opt/intel/oneapi/dpl/2022.13/include/oneapi/dpl	internal/random_impl/subtract_with_carry_engine.h	b1e6660a20854eccda877466ec5bff89fc66821dd4ac5783728e2f2f2ccc9f5e
/opt/intel/oneapi/dpl/2022.13/include/oneapi/dpl	internal/random_impl/uniform_int_distribution.h	d09115918b1e0ae1448077c91f26e2e92580d764d84239c0041ae0d9e7236ee2
/opt/intel/oneapi/dpl/2022.13/include/oneapi/dpl	internal/random_impl/uniform_real_distribution.h	6065332966802612a03931df067547abef7ee76c2615daa69a3fa83ab61b31e1
/opt/intel/oneapi/dpl/2022.13/include/oneapi/dpl	internal/random_impl/weibull_distribution.h	8dc1aa4f6ee731e603bfeb8dbaec28defed9220e79c1b578ad0633ce1cf7d464
/opt/intel/oneapi/dpl/2022.13/include/oneapi/dpl	internal/reduce_by_segment_impl.h	232a7b62f55c52b21e22e0e970c96c000fdb33d48af54d42685e0b1fcf2f6020
/opt/intel/oneapi/dpl/2022.13/include/oneapi/dpl	internal/serial_algorithm_impl.h	3a4e0bcf3ad32368a49c6e42f3fe6da0edaf752af9ff5f75045ee7126ddc3521
/opt/intel/oneapi/dpl/2022.13/include/oneapi/dpl	internal/serial_numeric_impl.h	ef4560116741c2f39ec395630b5ec9e5f2e062957180b45c374cf929626080e8
/opt/intel/oneapi/dpl/2022.13/include/oneapi/dpl	internal/version_impl.h	7b8526ec17b0576bca0552998afdf962d1d1d48c73a791e63504b7f20f5b0147
/opt/intel/oneapi/dpl/2022.13/include/oneapi/dpl	iterator	50fa181521e08a74a7214a2e784ecc881d4a56d6922707c279500256af568d8f
/opt/intel/oneapi/dpl/2022.13/include/oneapi/dpl	limits	9811c49ae97d2746eb61a5468ac07fdfbb991f5f47e702e63bd4cb04fa904dcd
/opt/intel/oneapi/dpl/2022.13/include/oneapi/dpl	memory	23db6773bd93a39b0a5b0bc7993868843426b191d27fb650325d0406c95d326e
/opt/intel/oneapi/dpl/2022.13/include/oneapi/dpl	numeric	ef0d8851fdb5ffbc378429e1e2a0324a37fc1429bb890597d1f1570bb979636c
/opt/intel/oneapi/dpl/2022.13/include/oneapi/dpl	optional	858dac13c9e9402a9421fc142b750b1012edbce40c56de8f2882052056ed22e8
/opt/intel/oneapi/dpl/2022.13/include/oneapi/dpl	pstl/algorithm_fwd.h	5017e4d37c8088f17422018f2c56e80d0c11f175a9da698947f11c584a6abc42
/opt/intel/oneapi/dpl/2022.13/include/oneapi/dpl	pstl/algorithm_impl.h	247019603d25aa44a00aa077ec2d186e3d0a19c9a9b6ec22b57c1e446cb6d97e
/opt/intel/oneapi/dpl/2022.13/include/oneapi/dpl	pstl/algorithm_ranges_impl.h	07cd72bb31971a2a6d382525d38f2af00ff583bede94892c87ad822dcf34adf3
/opt/intel/oneapi/dpl/2022.13/include/oneapi/dpl	pstl/execution_defs.h	72d6b71abdf38ae279bdbd6b81edaf34ca6a0b667f420b969d8eab245c114b2f
/opt/intel/oneapi/dpl/2022.13/include/oneapi/dpl	pstl/execution_impl.h	f9c2aff9140a69aca9b54b8d75a3df63bbcc93cf0da1ee2fc4c7c7e49df01c17
/opt/intel/oneapi/dpl/2022.13/include/oneapi/dpl	pstl/experimental/algorithm	9fc9d916305fd4fa7e0fe9d79be180ee7f516fd80d8032d54a2981226ec95b69
/opt/intel/oneapi/dpl/2022.13/include/oneapi/dpl	pstl/experimental/internal/for_loop.h	a09bbc4b11e954839797120847234bd77d845241e51bdda866ee617ae4280121
/opt/intel/oneapi/dpl/2022.13/include/oneapi/dpl	pstl/experimental/internal/for_loop_impl.h	22a3c84429d9f3c9ea35b219a356670da22f83b6861393082df910bfaf34c533
/opt/intel/oneapi/dpl/2022.13/include/oneapi/dpl	pstl/experimental/internal/induction.h	15b16738fc69f5109e53bc7b206641e717535f5f9a3dd8ec23e9f358506be86b
/opt/intel/oneapi/dpl/2022.13/include/oneapi/dpl	pstl/experimental/internal/induction_impl.h	77f689816c2e268ef21ba6b1cdc57bd514ce97106cfc2e780f123c6e215ab796
/opt/intel/oneapi/dpl/2022.13/include/oneapi/dpl	pstl/experimental/internal/reduction.h	8ec90d95a4b3bc264d0c112e388665f3eeec346c873f1b2e0288825f41e96260
/opt/intel/oneapi/dpl/2022.13/include/oneapi/dpl	pstl/experimental/internal/reduction_impl.h	8a1ff889d49de064cfce3d3e1b42dc9c5fc891af0a374f8e0834f0e1bd512462
/opt/intel/oneapi/dpl/2022.13/include/oneapi/dpl	pstl/functional_impl.h	ee37d794bc59d0d5baa80e567be222286aa1d938110150ddd2ce6566a4e79af0
/opt/intel/oneapi/dpl/2022.13/include/oneapi/dpl	pstl/glue_algorithm_defs.h	49e62e0e958c82bcb3c7c6dc7535b78a3231a1e85e3ba4554d236fec8975df16
/opt/intel/oneapi/dpl/2022.13/include/oneapi/dpl	pstl/glue_algorithm_impl.h	0a5215d1354edeac0373ae65f1d61a44386a1e2665d47963d0ee293dd8721eb9
/opt/intel/oneapi/dpl/2022.13/include/oneapi/dpl	pstl/glue_algorithm_ranges_defs.h	264f3883239f4f1b86b0738ea9d84a03ffe44f91a14e142ede195759f2a15d75
/opt/intel/oneapi/dpl/2022.13/include/oneapi/dpl	pstl/glue_algorithm_ranges_impl.h	152f5beb0552b6e7b4a2e376146f1b3c49ac48227a2c74a37be4db3c6674fa72
/opt/intel/oneapi/dpl/2022.13/include/oneapi/dpl	pstl/glue_execution_defs.h	135488bbeb584c70b9debfa8d6520ab4c29239e64bd910b1c18469561b330bc0
/opt/intel/oneapi/dpl/2022.13/include/oneapi/dpl	pstl/glue_memory_defs.h	b0f554454db5f98e94bad5b458969b2ac678aee8ff9dec0efc4dd97496adbaec
/opt/intel/oneapi/dpl/2022.13/include/oneapi/dpl	pstl/glue_memory_impl.h	93ded1272ad6933cbfd7a25ca2d4ad1cd839bae6bc5a70db5a80868fd1f403cc
/opt/intel/oneapi/dpl/2022.13/include/oneapi/dpl	pstl/glue_memory_ranges_impl.h	54e0e93b1b1a97e5ccee601be305073c804203cea9fb7a5a33ef09c387a4f9fb
/opt/intel/oneapi/dpl/2022.13/include/oneapi/dpl	pstl/glue_numeric_defs.h	676701e9f85fd04e1637e1be078df2574187d87510d995c94a9beca314f73963
/opt/intel/oneapi/dpl/2022.13/include/oneapi/dpl	pstl/glue_numeric_impl.h	c88de66ca743b795747c888cd6907ac1cc06766ff36a779924500fef19f8b8ea
/opt/intel/oneapi/dpl/2022.13/include/oneapi/dpl	pstl/glue_numeric_ranges_defs.h	eeae33450b108c2396f042d18e55d14e5264f8b09fafa919ff72a9d63fd86c0f
/opt/intel/oneapi/dpl/2022.13/include/oneapi/dpl	pstl/glue_numeric_ranges_impl.h	98e5adf963647a52aa506b4f0a79a32c4899a7070a2bea04e75149cdc58dda4e
/opt/intel/oneapi/dpl/2022.13/include/oneapi/dpl	pstl/hetero/algorithm_impl_hetero.h	640e16cd10f455fbe7a635e26552345319a307e2503294d8a246a423f76cc0a3
/opt/intel/oneapi/dpl/2022.13/include/oneapi/dpl	pstl/hetero/algorithm_ranges_impl_hetero.h	aef152522b98a3894f83d2cd8914c14f16846057c0aba6961005d3bbc702ef0e
/opt/intel/oneapi/dpl/2022.13/include/oneapi/dpl	pstl/hetero/dpcpp/execution_sycl_defs.h	15bb01b7c1f1ace14559ed554868badb9681c4d380e53483a80ba50a842901c2
/opt/intel/oneapi/dpl/2022.13/include/oneapi/dpl	pstl/hetero/dpcpp/parallel_backend_sycl.h	870709e3b21d4db412444b4451604aae6aece54377afc6726e6ffd09fc0cac0c
/opt/intel/oneapi/dpl/2022.13/include/oneapi/dpl	pstl/hetero/dpcpp/parallel_backend_sycl_for.h	268037370d9ae6018fcc1e6a723d279c1f0906e66a86feda3e3fea1caefb764f
/opt/intel/oneapi/dpl/2022.13/include/oneapi/dpl	pstl/hetero/dpcpp/parallel_backend_sycl_fpga.h	dbf44be5b21049ace35affd6893f8b71cfebd8f090bb5e892ca8092d60c11490
/opt/intel/oneapi/dpl/2022.13/include/oneapi/dpl	pstl/hetero/dpcpp/parallel_backend_sycl_histogram.h	e14ef0406cfbf7260e90bb0550f933c274d93a6d71448a953c0f777c260c5ece
/opt/intel/oneapi/dpl/2022.13/include/oneapi/dpl	pstl/hetero/dpcpp/parallel_backend_sycl_merge.h	fe0aa89841bae3fd3479156fac06ceccf900c069e10ebfc012823dfcfee9d7af
/opt/intel/oneapi/dpl/2022.13/include/oneapi/dpl	pstl/hetero/dpcpp/parallel_backend_sycl_merge_sort.h	12b3a24f7da710b31d3be63d084bc07db887eb6fda0a2f182b785fd6cfd29507
/opt/intel/oneapi/dpl/2022.13/include/oneapi/dpl	pstl/hetero/dpcpp/parallel_backend_sycl_radix_sort.h	cbc5dc41e2639124ec10d92de27570e93b969dada97d001f522be028111ee287
/opt/intel/oneapi/dpl/2022.13/include/oneapi/dpl	pstl/hetero/dpcpp/parallel_backend_sycl_radix_sort_one_wg.h	176412a50ffd8e0172ea020b6e57f17747b6aceafddfdbb3ca90c8da0803a150
/opt/intel/oneapi/dpl/2022.13/include/oneapi/dpl	pstl/hetero/dpcpp/parallel_backend_sycl_reduce.h	38f5ef2b0c443f0307573e04d6b46f5646b762813936296f0dd683848d548081
/opt/intel/oneapi/dpl/2022.13/include/oneapi/dpl	pstl/hetero/dpcpp/parallel_backend_sycl_reduce_by_segment.h	850d56f146e422ce1523752c07607541482f52574eaf79b24a445356608c3be5
/opt/intel/oneapi/dpl/2022.13/include/oneapi/dpl	pstl/hetero/dpcpp/parallel_backend_sycl_reduce_then_scan.h	bbbb0b888711266dff8f612e595e1efcd5ec5d344c43f77eb24342851de64f9b
/opt/intel/oneapi/dpl/2022.13/include/oneapi/dpl	pstl/hetero/dpcpp/parallel_backend_sycl_scan_by_segment.h	930e73d890f77ed52b2b8a8ff79fe3b72a04d1fb86268f47c4d1dc9f1905b73b
/opt/intel/oneapi/dpl/2022.13/include/oneapi/dpl	pstl/hetero/dpcpp/parallel_backend_sycl_utils.h	d29e93494ab84128679b222d22a7700d041d77ba690e3430fec24e519678ac12
/opt/intel/oneapi/dpl/2022.13/include/oneapi/dpl	pstl/hetero/dpcpp/sycl_defs.h	e09ae3e315ae86774f16304cb2b1cde210909a19937ff955a5f25d30d6e89bce
/opt/intel/oneapi/dpl/2022.13/include/oneapi/dpl	pstl/hetero/dpcpp/sycl_iterator.h	8f08a455fe13ded9e67536ac9b5aaef0cae6369e1efb7585607006175ed1ee89
/opt/intel/oneapi/dpl/2022.13/include/oneapi/dpl	pstl/hetero/dpcpp/sycl_traits.h	0e7c1765c3c24451f18162cd29ba4ca3748dc364f421cac6ce4127bb5f2a26b9
/opt/intel/oneapi/dpl/2022.13/include/oneapi/dpl	pstl/hetero/dpcpp/unseq_backend_sycl.h	7c450e6ff3ec2fcbbe89647d2f303546792866dfdb5cdd166b85d396c2bdb6e4
/opt/intel/oneapi/dpl/2022.13/include/oneapi/dpl	pstl/hetero/dpcpp/utils_ranges_sycl.h	0ee082d223aaefcd54c9256c77a24ebabcd282665dcb3d5dd164161a35fe6f8c
/opt/intel/oneapi/dpl/2022.13/include/oneapi/dpl	pstl/hetero/histogram_impl_hetero.h	5177f73afe40919ba805fa55adbc22c771d412dd6c58957573a06453d48072f4
/opt/intel/oneapi/dpl/2022.13/include/oneapi/dpl	pstl/hetero/memory_impl_hetero.h	89f3e0aadf5bda585d7e7f035ec7d96c3fde11ef23ce84fa37ca94efbef2edef
/opt/intel/oneapi/dpl/2022.13/include/oneapi/dpl	pstl/hetero/memory_ranges_impl_hetero.h	782133768ae3d206d56181c93052f8d6c014be84c2d5f2b66180bba05e1bb996
/opt/intel/oneapi/dpl/2022.13/include/oneapi/dpl	pstl/hetero/numeric_impl_hetero.h	526e645e31702691971ca5eee6191e04f861ac831aace12aa08daa10bd6b3e77
/opt/intel/oneapi/dpl/2022.13/include/oneapi/dpl	pstl/hetero/numeric_ranges_impl_hetero.h	dcaf50caaa91a0912e93f692a4165a5c618a062a9fecbb6ed9231e564ca8f3bc
/opt/intel/oneapi/dpl/2022.13/include/oneapi/dpl	pstl/hetero/utils_hetero.h	fd526db0494772b8938c31de9c1cdbdaa3bb5d14b934755d71d8d7b1cad252a1
/opt/intel/oneapi/dpl/2022.13/include/oneapi/dpl	pstl/histogram_binhash_utils.h	26a474a5d6d53ab6d3b51346562d7ba2099a1a6e844477db9455e77cbdf66071
/opt/intel/oneapi/dpl/2022.13/include/oneapi/dpl	pstl/histogram_extension_defs.h	a5406fb893025f9100c8d94a8da2959520b544ffcac2d4e92bdf7dc6ab14ca8d
/opt/intel/oneapi/dpl/2022.13/include/oneapi/dpl	pstl/histogram_impl.h	2da9ca469228cda48172b2476e3269b782457217e09785fc3a2538be193a9b20
/opt/intel/oneapi/dpl/2022.13/include/oneapi/dpl	pstl/iterator_defs.h	fad9598f9d21f21d86d8aea4b9f67999cf60cdebbf6e470f542feab080e46df9
/opt/intel/oneapi/dpl/2022.13/include/oneapi/dpl	pstl/iterator_impl.h	3b6df1280a2c4760741997ddb94a1e713275d2e18736803958e6c6dcfc435e5e
/opt/intel/oneapi/dpl/2022.13/include/oneapi/dpl	pstl/memory_fwd.h	5f95a1537dd8ca2b9defff75cbeb6683a0818ed14e0547be4db930b19756da8e
/opt/intel/oneapi/dpl/2022.13/include/oneapi/dpl	pstl/memory_impl.h	06b13a516ee6067c36f1c5c6a9d4078de2be6acf550ec85cd1e684f49eb81f99
/opt/intel/oneapi/dpl/2022.13/include/oneapi/dpl	pstl/memory_ranges_impl.h	d85f4cd1c26ecee239d2d07ed60e55b55dde72b9ffb39e71d9e48053443037fd
/opt/intel/oneapi/dpl/2022.13/include/oneapi/dpl	pstl/numeric_fwd.h	c9cbe3fa331a9c50869017dc9c5262959c6f2e0086b015526e45709784247621
/opt/intel/oneapi/dpl/2022.13/include/oneapi/dpl	pstl/numeric_impl.h	791390f6969be6bf579636d36487564b5f92cfcfaa0a37f692050ef282564c52
/opt/intel/oneapi/dpl/2022.13/include/oneapi/dpl	pstl/omp/parallel_for.h	6064eab471287be94a73c28db887769131a136ce0a50e8a754a93d770731a6d2
/opt/intel/oneapi/dpl/2022.13/include/oneapi/dpl	pstl/omp/parallel_for_each.h	2fb8d4aeb080eb0d95454526272c4568c136f5dd663b9330a2f81cda6a1adb77
/opt/intel/oneapi/dpl/2022.13/include/oneapi/dpl	pstl/omp/parallel_invoke.h	22113625fc39a2c6989561a4b2060c6cdf68ababd6ebe6d17d3e243f4a124afa
/opt/intel/oneapi/dpl/2022.13/include/oneapi/dpl	pstl/omp/parallel_merge.h	7deb6ee63f24475f392b3a6bcfae10d8feb11745110b2b146a2ec95bc556b15a
/opt/intel/oneapi/dpl/2022.13/include/oneapi/dpl	pstl/omp/parallel_reduce.h	3fecb1b3d3d6fde64aed2d9008f7bdae822fedd30a47404e594467618636506d
/opt/intel/oneapi/dpl/2022.13/include/oneapi/dpl	pstl/omp/parallel_scan.h	1f3c8379ff88959e542705b6271ea9eb8f92474eed5fdd422c8bf884763920fb
/opt/intel/oneapi/dpl/2022.13/include/oneapi/dpl	pstl/omp/parallel_stable_partial_sort.h	49b7c61350d19c4bc61328d17c4dc26604d9df998a36b96da2f26d2f1b394452
/opt/intel/oneapi/dpl/2022.13/include/oneapi/dpl	pstl/omp/parallel_stable_sort.h	0c8f813fa52529e331ba06ceb5f30f4653c0e5fb121551972eddab9682ff4ea0
/opt/intel/oneapi/dpl/2022.13/include/oneapi/dpl	pstl/omp/parallel_transform_reduce.h	a8f3ec4e4b52ac9421baaa183200df84ca6eae41f9373d08fc1934efc034c1c3
/opt/intel/oneapi/dpl/2022.13/include/oneapi/dpl	pstl/omp/parallel_transform_scan.h	29f3be5ba265a4c3c5cee08201da335588d7949f22912d83d7bbd96309fbf543
/opt/intel/oneapi/dpl/2022.13/include/oneapi/dpl	pstl/omp/util.h	52de42c0a34ce2a05eca09006da4a0cc9be34531e9753d3a5a5f90b14197ccb6
/opt/intel/oneapi/dpl/2022.13/include/oneapi/dpl	pstl/onedpl_config.h	ec126945c110ce034e3ce987e553a0955f7095f58474479d8a89ea0302e0a0c7
/opt/intel/oneapi/dpl/2022.13/include/oneapi/dpl	pstl/parallel_backend.h	9b4945201cf32f068bfb1a4db3c96d238de4a2930c31b48e43cc0733617b14a8
/opt/intel/oneapi/dpl/2022.13/include/oneapi/dpl	pstl/parallel_backend_omp.h	8636321be14d407c06b57680c31ab29b4f35d14fc173ee850d19bb995b5c1ad6
/opt/intel/oneapi/dpl/2022.13/include/oneapi/dpl	pstl/parallel_backend_serial.h	040d8d30e87a5e88d6ae9642e63ca55b1bd14b0568f6751fbf130e190648c1d1
/opt/intel/oneapi/dpl/2022.13/include/oneapi/dpl	pstl/parallel_backend_tbb.h	77f01d7a7ac02408a6accc6b57974a3348dd2dae08599432eab00b55afc0bc3c
/opt/intel/oneapi/dpl/2022.13/include/oneapi/dpl	pstl/parallel_backend_utils.h	0fe4941d86ef705ec77c312ec3acd27cf6d2e62de0a43f06a9dbe07bdd7dedc4
/opt/intel/oneapi/dpl/2022.13/include/oneapi/dpl	pstl/parallel_impl.h	7b9bf18cab74391a66f5874ebc5fa258142b8f42f682560192940328926fb8a3
/opt/intel/oneapi/dpl/2022.13/include/oneapi/dpl	pstl/pstl_config.h	265cfa49a7a5a985ad06a864a42333d36ecb0cf426fa738446a807557523cfb7
/opt/intel/oneapi/dpl/2022.13/include/oneapi/dpl	pstl/ranges/nanorange.hpp	ef9ed62ab5c748e984e2fcbaa9e9f9f3bc7f7b0f6814d3ac1dab7ffe03944dcc
/opt/intel/oneapi/dpl/2022.13/include/oneapi/dpl	pstl/ranges/nanorange_ext.h	7ac1c0f54d6722553cb3e04dcbbf2b244a7dd510bb79fafc991d286f0bfef04c
/opt/intel/oneapi/dpl/2022.13/include/oneapi/dpl	pstl/ranges_defs.h	6431fface0814f2617e1315ffb4eaf6f6a80a2ccdd5b46b2c1d39e499fa488c9
/opt/intel/oneapi/dpl/2022.13/include/oneapi/dpl	pstl/set_algorithms_utils.h	908dcb74428e4327b65223dcc5d72bfd05b626339184def0a4ba50ca158bc899
/opt/intel/oneapi/dpl/2022.13/include/oneapi/dpl	pstl/tuple_impl.h	a4d08fcf3a6810a82c2be43ba3a412b31c02e377041adc8f8a01c80896b2ace1
/opt/intel/oneapi/dpl/2022.13/include/oneapi/dpl	pstl/unseq_backend_simd.h	20f13717e71ee19a5dae946744270c836118bb43c7747b5dcaf1e32d9bd1e620
/opt/intel/oneapi/dpl/2022.13/include/oneapi/dpl	pstl/utils.h	fdfbfd84548193fdc46e4eb4591b97a7142c928b8db0fb1cd3c403ea3c4aae57
/opt/intel/oneapi/dpl/2022.13/include/oneapi/dpl	pstl/utils_ranges.h	3f90c8c2b3c2a357e668d4e7175d10c8c6de2e87979b146dd4ba2a700f4da42e
/opt/intel/oneapi/dpl/2022.13/include/oneapi/dpl	pstl/zip_view_impl.h	4ca3cadb1eab36df41549f844b8b8b53869561f043ea131f7a3ae14485f63044
/opt/intel/oneapi/dpl/2022.13/include/oneapi/dpl	random	dd8a10c51e5a7e825b3547c720c914e735882a820727b2c0658d543dae6cfab8
/opt/intel/oneapi/dpl/2022.13/include/oneapi/dpl	ranges	69106790a9f3e04f9d19a36ca7d8b255510764c0fdcd415e00e67d7a938463eb
/opt/intel/oneapi/dpl/2022.13/include/oneapi/dpl	ratio	0850f42092ea64b4ec5b393bebac71d20853c20f0c2e056d3669f0329bb90e75
/opt/intel/oneapi/dpl/2022.13/include/oneapi/dpl	tuple	f73c5e3ac5897774a2084df50d75ca3b8642bae210186113a2fdbdb6687bc0a8
/opt/intel/oneapi/dpl/2022.13/include/oneapi/dpl	type_traits	a6f757dfe1b258b33751ff0626747582809dc2080f2da4ae041aeee83f30b18e
/opt/intel/oneapi/dpl/2022.13/include/oneapi/dpl	utility	a4fac0a4d086a02e641e4db48cea8e8b92e15e0b9f5a55fcb3631e2f58447410
/opt/intel/oneapi/dpl/2022.13/include/oneapi/dpl	version	51a671c7f87a2f65fedf6bafc4b8cd567491185a6b7f93e58250617e35695d5e
